CO_MUNICIPIO,NOME_MUNICIPIO,UF,CAPITAL,DIST_CAPITAL_KM,LOG_POPULACAO,IDHM,IDHM_EDUC,IDHM_RENDA,IDHM_LONGEV,GINI,RENDA_PER_CAPITA,PCT_EXTREM_POBRES,PCT_ANALFAB_15M,PCT_MEDIO_18M,PCT_SUPERIOR_25M,TAXA_URBANIZACAO
1100015,Alta Floresta d'Oeste,RO,0,405.1106,4.3525,0.641,0.526,0.657,0.763,0.58,476.99,14.29,11.99,23.19,5.51,57.2729
1100023,Ariquemes,RO,0,154.0325,5.0459,0.702,0.6,0.716,0.806,0.53,689.95,4.36,7.9,34.58,8.13,84.6956
1100031,Cabixi,RO,0,636.6018,3.7048,0.65,0.559,0.65,0.757,0.51,457.17,7.27,13.63,23.89,4.93,42.658
1100049,Cacoal,RO,0,395.1789,4.9366,0.718,0.62,0.727,0.821,0.57,738.06,5.97,8.29,31.03,8.71,78.806
1100056,Cerejeiras,RO,0,591.8939,4.2065,0.692,0.602,0.688,0.799,0.5,577.18,4.72,10.29,27.79,7.09,84.6732
1100064,Colorado do Oeste,RO,0,602.5685,4.1822,0.685,0.584,0.676,0.814,0.49,535.41,6.64,12.43,28.61,7.88,73.4603
1100072,Corumbiara,RO,0,565.7972,3.8483,0.613,0.473,0.63,0.774,0.48,402.15,10.16,12.47,14.82,4.52,29.4888
1100080,Costa Marques,RO,0,410.1039,4.2845,0.611,0.493,0.616,0.751,0.52,370.77,9.66,8.6,21.1,4.98,54.8106
1100098,Espigão d'Oeste,RO,0,434.5424,4.5186,0.672,0.536,0.691,0.819,0.52,590.8,6.6,11.33,21.77,5.72,71.7394
1100106,Guajará-Mirim,RO,0,276.4969,4.6715,0.657,0.519,0.663,0.823,0.54,494.69,10.38,8.06,29.86,7.06,84.5184
1100114,Jaru,RO,0,237.563,4.7115,0.689,0.577,0.687,0.825,0.49,575.14,4.32,10.66,27.45,6.94,67.5281
1100122,Ji-Paraná,RO,0,312.9245,5.1174,0.714,0.617,0.728,0.81,0.53,743.35,2.67,7.79,36.2,8.73,89.922
1100130,Machadinho d'Oeste,RO,0,213.9735,4.6204,0.596,0.446,0.629,0.755,0.55,401.42,17.59,11.79,16.97,3.72,51.9448
1100148,Nova Brasilândia d'Oeste,RO,0,368.1728,4.3118,0.643,0.524,0.664,0.763,0.56,499.59,10.3,11.25,21.48,4.76,42.1656
1100155,Ouro Preto do Oeste,RO,0,277.2297,4.5496,0.682,0.569,0.687,0.812,0.48,576.51,3.71,10.36,26.8,6.2,74.2987
1100189,Pimenta Bueno,RO,0,434.2084,4.5694,0.71,0.613,0.726,0.803,0.54,734.76,2.29,8.35,32.32,8.07,86.9759
1100205,Porto Velho,RO,1,0.0,5.7395,0.736,0.638,0.764,0.819,0.56,929.19,2.64,5.1,44.44,12.21,91.1805
1100254,Presidente Médici,RO,0,340.2546,4.2592,0.664,0.55,0.671,0.792,0.53,520.2,9.3,12.17,22.56,5.06,59.6039
1100262,Rio Crespo,RO,0,145.9367,3.5847,0.643,0.513,0.637,0.813,0.58,420.61,16.85,13.29,22.57,3.58,32.0869
1100288,Rolim de Moura,RO,0,397.4146,4.7462,0.7,0.598,0.709,0.808,0.53,657.65,3.96,9.04,31.85,8.47,81.7979
1100296,Santa Luzia d'Oeste,RO,0,415.3845,3.7739,0.67,0.564,0.657,0.812,0.49,476.08,8.2,13.03,24.97,5.42,50.9228
1100304,Vilhena,RO,0,598.1515,5.0192,0.731,0.659,0.734,0.808,0.5,768.98,2.1,6.08,37.88,10.6,94.7718
1100320,São Miguel do Guaporé,RO,0,347.8162,4.3645,0.646,0.537,0.644,0.781,0.62,440.6,21.83,10.81,20.46,3.86,38.8034
1100338,Nova Mamoré,RO,0,245.6311,4.5076,0.587,0.424,0.619,0.769,0.52,377.34,11.73,13.07,15.23,3.49,57.9571
1100346,Alvorada d'Oeste,RO,0,333.0879,4.1401,0.643,0.534,0.654,0.763,0.53,469.26,11.71,12.96,21.46,5.43,52.3586
1100379,Alto Alegre dos Parecis,RO,0,431.9885,4.1228,0.592,0.443,0.603,0.777,0.54,341.22,21.1,13.53,15.75,3.14,28.5346
1100403,Alto Paraíso,RO,0,119.5264,4.3475,0.625,0.457,0.664,0.804,0.54,498.49,8.34,11.81,17.25,3.02,47.8669
1100452,Buritis,RO,0,160.2224,4.6132,0.616,0.479,0.65,0.751,0.5,458.05,9.18,9.85,20.43,4.03,55.9615
1100502,Novo Horizonte do Oeste,RO,0,383.8392,3.9098,0.634,0.527,0.606,0.799,0.51,346.38,16.6,14.35,19.77,4.25,16.9238
1100601,Cacaulândia,RO,0,202.0784,3.7998,0.646,0.506,0.664,0.801,0.56,499.93,8.8,13.22,18.73,3.59,36.0704
1100700,Campo Novo de Rondônia,RO,0,201.3736,4.1581,0.593,0.404,0.667,0.772,0.67,507.69,15.58,12.31,12.15,2.95,26.6167
1100809,Candeias do Jamari,RO,0,14.5537,4.4482,0.649,0.512,0.652,0.819,0.47,463.63,7.14,10.98,25.48,3.94,65.155
1100908,Castanheiras,RO,0,360.2801,3.4658,0.658,0.547,0.65,0.803,0.5,455.53,12.02,14.29,21.36,4.06,23.3846
1100924,Chupinguaia,RO,0,529.0106,4.0702,0.652,0.514,0.659,0.82,0.47,483.36,5.39,10.31,19.46,5.03,44.1272
1100940,Cujubim,RO,0,152.5008,4.4335,0.612,0.439,0.663,0.789,0.52,495.31,9.04,11.94,15.88,2.21,69.6543
1101005,Governador Jorge Teixeira,RO,0,237.2842,3.8531,0.596,0.444,0.627,0.762,0.55,396.36,11.52,13.35,13.83,2.93,22.46
1101104,Itapuã do Oeste,RO,0,85.4094,4.0342,0.614,0.488,0.633,0.751,0.47,411.36,9.04,13.0,19.37,4.02,60.9619
1101203,Ministro Andreazza,RO,0,370.1005,3.9759,0.638,0.518,0.647,0.776,0.54,448.38,12.76,12.67,20.68,3.85,29.6947
1101302,Mirante da Serra,RO,0,283.3523,4.029,0.643,0.494,0.673,0.8,0.6,527.79,10.94,13.51,16.01,4.12,54.2516
1101401,Monte Negro,RO,0,176.2346,4.2084,0.607,0.454,0.645,0.762,0.47,443.85,5.69,14.54,18.07,5.07,52.4448
1101435,Nova União,RO,0,276.6351,3.8339,0.587,0.442,0.608,0.753,0.47,352.24,8.65,13.57,14.72,2.85,20.5659
1101450,Parecis,RO,0,451.0776,3.8006,0.617,0.485,0.604,0.8,0.52,343.73,16.04,14.71,17.88,4.8,36.8815
1101468,Pimenteiras do Oeste,RO,0,605.3343,3.3278,0.665,0.545,0.662,0.816,0.49,493.67,8.68,9.56,27.38,5.92,55.8099
1101476,Primavera de Rondônia,RO,0,437.2819,3.4309,0.641,0.512,0.645,0.799,0.52,442.61,11.45,13.42,16.99,3.03,36.4359
1101484,São Felipe d'Oeste,RO,0,432.0444,3.6957,0.649,0.571,0.615,0.78,0.47,368.24,9.74,14.67,21.69,4.5,23.9947
1101492,São Francisco do Guaporé,RO,0,367.4832,4.324,0.611,0.462,0.657,0.751,0.56,477.9,12.21,9.58,18.89,5.07,51.3065
1101500,Seringueiras,RO,0,344.4815,4.0736,0.598,0.427,0.644,0.779,0.63,441.13,16.05,10.45,12.5,2.9,37.8106
1101559,Teixeirópolis,RO,0,296.06,3.6191,0.643,0.498,0.653,0.818,0.43,464.45,6.75,12.96,17.1,3.66,35.1064
1101609,Theobroma,RO,0,231.6111,4.0149,0.589,0.434,0.622,0.757,0.57,382.6,20.54,15.13,10.74,4.06,18.5745
1101708,Urupá,RO,0,307.3071,4.0446,0.609,0.471,0.621,0.772,0.51,380.5,13.61,14.26,15.07,3.52,39.5946
1101757,Vale do Anari,RO,0,217.8353,4.0624,0.584,0.421,0.626,0.756,0.57,394.02,17.42,15.12,16.15,4.39,34.0153
1101807,Vale do Paraíso,RO,0,262.2517,3.8122,0.627,0.485,0.641,0.792,0.59,432.03,15.79,12.87,17.89,3.46,27.7223
1200013,Acrelândia,AC,0,83.6981,4.1965,0.604,0.466,0.584,0.808,0.54,303.76,18.09,15.64,20.85,4.22,47.1846
1200054,Assis Brasil,AC,0,219.6425,3.8836,0.588,0.456,0.578,0.77,0.61,291.33,30.66,20.91,23.55,4.75,60.9354
1200104,Brasiléia,AC,0,154.366,4.4333,0.614,0.485,0.619,0.77,0.58,376.07,17.09,18.08,24.13,5.71,66.6277
1200138,Bujari,AC,0,23.4398,4.0242,0.589,0.439,0.603,0.772,0.58,340.95,20.68,24.74,18.28,4.34,43.5958
1200179,Capixaba,AC,0,67.4554,4.0892,0.575,0.398,0.601,0.794,0.56,336.17,17.89,21.79,14.65,3.44,44.6579
1200203,Cruzeiro do Sul,AC,0,594.5833,4.9531,0.664,0.582,0.648,0.776,0.64,450.06,18.08,18.52,32.09,7.62,70.4727
1200252,Epitaciolândia,AC,0,155.1291,4.2783,0.653,0.553,0.654,0.771,0.6,467.83,13.02,16.31,29.02,7.27,70.3179
1200302,Feijó,AC,0,344.7606,4.5439,0.539,0.388,0.559,0.723,0.68,259.43,36.51,34.72,18.39,4.44,51.3267
1200328,Jordão,AC,0,462.2654,3.9359,0.469,0.283,0.499,0.731,0.71,178.03,49.17,26.87,12.51,2.57,34.5446
1200336,Mâncio Lima,AC,0,620.5731,4.2932,0.625,0.546,0.58,0.77,0.61,295.5,28.99,23.79,28.48,4.44,57.5431
1200344,Manoel Urbano,AC,0,203.4814,3.9868,0.551,0.373,0.586,0.767,0.59,307.7,25.44,32.5,18.78,4.35,66.1321
1200351,Marechal Thaumaturgo,AC,0,557.928,4.2951,0.501,0.361,0.479,0.726,0.59,157.27,39.31,34.38,11.39,2.46,27.8977
1200385,Plácido de Castro,AC,0,78.8235,4.3042,0.622,0.517,0.593,0.786,0.55,321.16,18.76,18.45,23.52,4.69,60.3289
1200393,Porto Walter,AC,0,573.9073,4.0968,0.532,0.397,0.521,0.726,0.61,204.19,34.92,34.22,16.76,1.59,36.214
1200401,Rio Branco,AC,1,0.0,5.6227,0.727,0.661,0.729,0.798,0.59,744.67,4.85,9.03,43.07,12.93,91.8185
1200427,Rodrigues Alves,AC,0,587.1296,4.2959,0.567,0.477,0.518,0.736,0.63,200.58,40.9,31.26,19.82,4.01,29.9882
1200435,Santa Rosa do Purus,AC,0,299.2587,3.8384,0.517,0.34,0.519,0.781,0.78,201.58,63.05,26.97,18.32,2.33,40.3326
1200450,Senador Guiomard,AC,0,20.2777,4.3701,0.64,0.513,0.649,0.786,0.55,455.06,8.29,17.69,23.76,5.4,62.9516
1200500,Sena Madureira,AC,0,137.4605,4.6736,0.603,0.456,0.593,0.81,0.54,320.8,21.19,24.75,24.85,4.01,66.0338
1200609,Tarauacá,AC,0,381.6213,4.6408,0.539,0.392,0.554,0.72,0.65,251.53,34.59,31.09,16.5,3.42,54.372
1200708,Xapuri,AC,0,106.8011,4.2981,0.599,0.448,0.621,0.773,0.58,382.24,19.07,22.24,21.88,5.32,64.1974
1200807,Porto Acre,AC,0,51.3453,4.282,0.576,0.418,0.593,0.771,0.6,319.71,21.4,23.5,17.21,2.73,13.3199
1300029,Alvarães,AM,0,531.9054,4.2147,0.527,0.377,0.499,0.778,0.58,178.67,30.88,20.55,16.44,3.36,55.9838
1300060,Amaturá,AM,0,909.1714,4.0768,0.56,0.455,0.499,0.773,0.64,178.69,42.81,22.4,23.55,3.71,52.3925
1300086,Anamã,AM,0,161.1374,4.1551,0.594,0.526,0.537,0.741,0.58,226.82,32.44,15.84,28.53,4.73,40.8655
1300102,Anori,AM,0,193.8285,4.3412,0.561,0.433,0.54,0.757,0.6,229.94,32.25,19.62,18.15,3.86,61.2858
1300144,Apuí,AM,0,452.0619,4.3568,0.637,0.54,0.621,0.772,0.56,380.62,16.56,10.77,20.98,4.06,58.8382
1300201,Atalaia do Norte,AM,0,1136.0915,4.3195,0.45,0.259,0.481,0.733,0.65,159.21,44.75,35.5,12.38,2.74,45.4893
1300300,Autazes,AM,0,110.4183,4.6128,0.577,0.446,0.539,0.799,0.59,228.43,34.3,15.76,17.62,3.9,43.2332
1300409,Barcelos,AM,0,402.2351,4.4436,0.5,0.315,0.545,0.728,0.74,237.29,47.37,34.16,14.03,3.41,43.3821
1300508,Barreirinha,AM,0,330.3316,4.5174,0.574,0.522,0.469,0.774,0.6,148.28,46.23,10.28,21.34,3.31,45.3957
1300607,Benjamin Constant,AM,0,1118.5147,4.652,0.574,0.471,0.526,0.763,0.56,211.1,28.08,21.89,22.62,3.76,60.2736
1300631,Beruri,AM,0,171.8388,4.3118,0.506,0.346,0.512,0.731,0.65,193.4,43.29,25.46,14.36,2.32,50.226
1300680,Boa Vista do Ramos,AM,0,271.0513,4.3019,0.565,0.484,0.496,0.75,0.59,175.55,40.05,7.97,18.81,3.24,50.4039
1300706,Boca do Acre,AM,0,1027.1307,4.5435,0.588,0.455,0.576,0.777,0.63,288.42,27.28,27.04,20.43,6.27,63.1627
1300805,Borba,AM,0,147.5338,4.6266,0.56,0.425,0.532,0.776,0.64,219.83,36.98,15.8,19.09,3.08,41.286
1300839,Caapiranga,AM,0,133.667,4.1298,0.569,0.436,0.544,0.775,0.58,235.49,29.67,15.07,22.86,4.19,46.8337
1300904,Canutama,AM,0,613.948,4.2036,0.53,0.379,0.522,0.752,0.61,206.44,34.1,29.53,16.31,2.77,52.4572
1301001,Carauari,AM,0,786.7336,4.4582,0.549,0.416,0.534,0.745,0.54,222.32,23.92,28.03,18.68,5.04,76.6043
1301100,Careiro,AM,0,85.302,4.5891,0.557,0.431,0.515,0.779,0.66,197.06,41.27,13.72,16.35,2.55,28.8294
1301159,Careiro da Várzea,AM,0,22.9587,4.4977,0.568,0.45,0.523,0.779,0.57,207.18,30.36,16.46,19.63,3.17,4.1789
1301209,Coari,AM,0,361.8542,4.9381,0.586,0.425,0.606,0.78,0.64,347.2,21.98,17.02,22.3,5.17,65.3604
1301308,Codajás,AM,0,239.7349,4.4726,0.563,0.421,0.546,0.775,0.61,239.64,29.32,18.71,23.01,3.62,68.1117
1301407,Eirunepé,AM,0,1158.9019,4.5578,0.563,0.431,0.548,0.756,0.62,241.86,32.2,32.99,22.07,5.51,72.2844
1301506,Envira,AM,0,1206.7353,4.317,0.509,0.349,0.521,0.727,0.64,204.98,35.87,32.75,17.13,4.92,64.5856
1301605,Fonte Boa,AM,0,678.0231,4.2151,0.53,0.4,0.518,0.719,0.62,200.4,37.8,24.69,16.79,3.1,66.2445
1301654,Guajará,AM,0,1474.1384,4.2354,0.532,0.387,0.51,0.762,0.74,191.04,51.48,31.5,17.28,3.9,53.1487
1301704,Humaitá,AM,0,589.447,4.7574,0.605,0.451,0.621,0.791,0.66,382.13,25.86,16.95,26.21,6.53,68.9647
1301803,Ipixuna,AM,0,1363.7617,4.4938,0.481,0.302,0.476,0.772,0.58,154.54,39.53,38.41,16.64,2.29,42.6845
1301852,Iranduba,AM,0,24.9259,4.6965,0.613,0.476,0.607,0.799,0.56,349.23,16.69,13.24,22.37,3.88,71.0601
1301902,Itacoatiara,AM,0,175.7766,5.0172,0.644,0.534,0.618,0.811,0.59,373.71,17.45,9.12,28.77,5.88,66.9711
1301951,Itamarati,AM,0,982.4469,3.8908,0.477,0.266,0.529,0.772,0.8,214.95,55.51,37.73,8.47,3.75,55.6357
1302009,Itapiranga,AM,0,225.1307,3.969,0.654,0.594,0.594,0.792,0.67,321.94,27.79,8.45,33.48,5.21,78.5653
1302108,Japurá,AM,0,787.1126,3.2443,0.522,0.345,0.552,0.748,0.59,248.6,22.55,27.92,10.0,3.79,45.0177
1302207,Juruá,AM,0,671.5322,4.1902,0.522,0.376,0.538,0.704,0.6,227.39,32.23,33.72,15.26,2.54,52.6384
1302306,Jutaí,AM,0,750.6066,4.1291,0.516,0.34,0.528,0.766,0.69,214.36,40.95,28.06,13.29,3.83,58.6483
1302405,Lábrea,AM,0,699.7673,4.6784,0.531,0.374,0.538,0.744,0.59,227.62,33.28,28.55,16.36,3.68,64.2078
1302504,Manacapuru,AM,0,68.7568,4.9983,0.614,0.481,0.604,0.795,0.56,342.58,16.16,15.55,24.71,3.59,70.6757
1302553,Manaquiri,AM,0,58.3898,4.5312,0.596,0.51,0.556,0.748,0.57,254.15,21.99,10.63,17.12,2.3,30.9723
1302603,Manaus,AM,1,0.0,6.3533,0.737,0.658,0.738,0.826,0.61,790.27,3.75,3.78,49.57,10.97,99.4932
1302702,Manicoré,AM,0,329.7109,4.7589,0.582,0.456,0.58,0.747,0.6,295.23,26.72,16.75,20.13,4.35,43.2801
1302801,Maraã,AM,0,632.5568,4.2624,0.498,0.348,0.466,0.763,0.69,144.99,52.14,18.01,13.73,1.96,49.9372
1302900,Maués,AM,0,257.7799,4.8206,0.588,0.464,0.549,0.8,0.64,244.3,34.31,10.28,19.86,5.56,49.4525
1303007,Nhamundá,AM,0,382.0302,4.3367,0.586,0.503,0.513,0.779,0.65,195.12,43.78,8.94,20.8,3.88,38.3521
1303106,Nova Olinda do Norte,AM,0,132.9227,4.5873,0.558,0.412,0.541,0.78,0.63,232.07,33.18,12.82,17.16,4.05,44.3901
1303205,Novo Airão,AM,0,117.4528,4.3095,0.57,0.434,0.551,0.776,0.59,246.44,30.88,15.52,22.52,5.95,64.5181
1303304,Novo Aripuanã,AM,0,224.5065,4.4223,0.554,0.421,0.532,0.759,0.57,219.69,31.0,19.73,22.03,3.49,65.61
1303403,Parintins,AM,0,369.3777,5.0661,0.658,0.605,0.589,0.8,0.59,313.07,22.81,6.03,33.46,7.24,68.4974
1303502,Pauini,AM,0,925.0685,4.2926,0.496,0.317,0.531,0.724,0.72,218.21,47.23,29.44,19.15,3.75,50.9964
1303536,Presidente Figueiredo,AM,0,119.6752,4.5809,0.647,0.538,0.627,0.802,0.52,396.51,12.83,7.25,30.06,4.86,47.8418
1303569,Rio Preto da Eva,AM,0,60.5034,4.5423,0.611,0.493,0.59,0.785,0.55,315.24,18.28,11.25,24.55,2.58,47.4552
1303601,Santa Isabel do Rio Negro,AM,0,632.2066,4.4243,0.479,0.323,0.461,0.737,0.72,141.04,55.11,33.11,17.56,3.61,37.7824
1303700,Santo Antônio do Içá,AM,0,879.7104,4.3199,0.49,0.353,0.438,0.759,0.67,122.21,55.83,21.31,14.55,2.45,52.8859
1303809,São Gabriel da Cachoeira,AM,0,852.5487,4.6724,0.609,0.476,0.61,0.777,0.8,355.51,42.56,14.66,24.21,4.38,50.2797
1303908,São Paulo de Olivença,AM,0,991.0643,4.6111,0.521,0.386,0.471,0.78,0.64,150.28,47.99,22.91,19.55,2.12,45.3918
1303957,São Sebastião do Uatumã,AM,0,247.2068,4.1667,0.577,0.464,0.561,0.739,0.58,262.79,20.35,10.16,22.48,2.39,55.1518
1304005,Silves,AM,0,203.5468,3.968,0.632,0.584,0.546,0.791,0.56,238.53,25.98,7.81,27.62,6.61,47.7144
1304062,Tabatinga,AM,0,1107.8138,4.8357,0.616,0.505,0.602,0.769,0.65,338.4,25.83,14.38,30.28,5.96,69.5497
1304104,Tapauá,AM,0,446.8206,4.2273,0.502,0.355,0.512,0.694,0.6,193.97,39.66,30.86,15.09,3.59,55.6586
1304203,Tefé,AM,0,520.6658,4.7727,0.639,0.511,0.637,0.801,0.62,421.41,15.15,14.21,28.4,7.99,81.4753
1304237,Tonantins,AM,0,861.4655,4.2796,0.548,0.416,0.508,0.779,0.54,189.15,30.93,19.82,17.62,4.56,52.1049
1304260,Uarini,AM,0,570.0872,4.1411,0.527,0.378,0.535,0.724,0.61,223.11,26.51,18.81,16.53,2.79,57.1441
1304302,Urucará,AM,0,260.0292,4.2043,0.62,0.575,0.551,0.754,0.6,246.99,31.33,8.04,29.81,3.58,57.8332
1304401,Urucurituba,AM,0,206.9232,4.382,0.588,0.487,0.538,0.776,0.58,227.55,32.03,9.18,21.06,2.86,58.5749
1400027,Amajari,RR,0,124.7535,4.1323,0.484,0.319,0.437,0.815,0.75,121.32,59.89,38.64,13.95,1.3,13.0696
1400050,Alto Alegre,RR,0,74.1257,4.1832,0.542,0.379,0.518,0.813,0.73,201.32,51.42,40.06,19.33,3.54,29.0613
1400100,Boa Vista,RR,1,0.0,5.6401,0.752,0.708,0.737,0.816,0.58,786.55,5.03,5.83,52.2,12.99,97.7089
1400159,Bonfim,RR,0,106.1321,4.1038,0.626,0.509,0.597,0.809,0.72,329.22,34.94,13.26,22.43,4.95,33.9121
1400175,Cantá,RR,0,24.4541,4.2846,0.619,0.509,0.581,0.803,0.66,297.59,33.95,17.22,22.85,4.63,16.2351
1400209,Caracaraí,RR,0,124.5437,4.3548,0.624,0.518,0.601,0.78,0.56,336.05,17.05,13.21,27.57,4.61,59.2999
1400233,Caroebe,RR,0,241.8361,4.0251,0.639,0.549,0.6,0.791,0.55,334.97,14.79,12.18,23.27,5.13,40.9662
1400282,Iracema,RR,0,83.6513,4.1016,0.582,0.434,0.56,0.81,0.62,261.18,36.27,30.23,18.45,3.37,46.8951
1400308,Mucajaí,RR,0,46.043,4.2667,0.665,0.547,0.661,0.813,0.71,487.66,22.23,17.2,27.08,5.29,60.4043
1400407,Normandia,RR,0,165.1234,4.0709,0.594,0.502,0.52,0.801,0.7,203.43,47.59,12.28,25.06,3.91,25.8501
1400456,Pacaraima,RR,0,191.8638,4.3034,0.65,0.558,0.624,0.788,0.74,388.35,39.16,9.79,31.2,4.56,43.2666
1400472,Rorainópolis,RR,0,210.7622,4.4967,0.619,0.519,0.574,0.798,0.57,284.22,26.59,14.57,23.53,5.59,43.9598
1400506,São João da Baliza,RR,0,224.572,3.929,0.655,0.587,0.614,0.78,0.53,365.67,13.96,11.49,31.47,6.63,70.2467
1400605,São Luiz,RR,0,212.3464,3.9155,0.649,0.574,0.605,0.788,0.55,344.73,18.06,12.2,30.01,6.17,66.0
1400704,Uiramutã,RR,0,203.6112,4.0419,0.453,0.276,0.439,0.766,0.78,123.16,69.67,28.34,8.17,1.36,13.5881
1500107,Abaetetuba,PA,0,52.9375,5.2053,0.628,0.537,0.579,0.798,0.53,293.01,18.98,13.71,27.35,4.53,58.8221
1500131,Abel Figueiredo,PA,0,388.3738,3.8771,0.622,0.481,0.625,0.8,0.57,390.12,9.38,17.76,16.9,3.43,88.9971
1500206,Acará,PA,0,64.4654,4.7462,0.506,0.332,0.517,0.757,0.53,199.34,27.51,21.31,9.64,1.88,23.5603
1500305,Afuá,PA,0,256.3416,4.6011,0.489,0.311,0.485,0.774,0.66,163.98,45.65,28.88,10.67,2.3,27.0475
1500347,Água Azul do Norte,PA,0,634.2625,4.444,0.564,0.399,0.563,0.797,0.49,266.02,22.36,11.77,7.65,0.7,19.4596
1500404,Alenquer,PA,0,697.1414,4.7588,0.564,0.436,0.529,0.779,0.58,215.33,34.14,15.6,16.81,3.01,52.6774
1500503,Almeirim,PA,0,454.5845,4.532,0.642,0.497,0.659,0.809,0.65,484.16,20.47,13.73,31.37,7.56,59.3949
1500602,Altamira,PA,0,457.2661,5.0694,0.665,0.548,0.662,0.811,0.56,492.05,11.25,12.45,26.98,5.9,84.8771
1500701,Anajás,PA,0,170.3999,4.4784,0.484,0.29,0.506,0.774,0.62,186.88,38.53,32.98,7.39,1.6,38.3457
1500800,Ananindeua,PA,0,16.3789,5.7327,0.718,0.658,0.684,0.821,0.52,564.76,4.16,3.44,44.0,7.27,99.754
1500859,Anapu,PA,0,375.6936,4.467,0.548,0.371,0.563,0.788,0.58,266.28,26.31,19.24,13.15,2.53,47.8655
1500909,Augusto Corrêa,PA,0,210.9091,4.6715,0.52,0.38,0.48,0.772,0.56,159.05,40.76,26.26,11.31,1.61,45.0404
1500958,Aurora do Pará,PA,0,127.5297,4.5079,0.519,0.358,0.504,0.773,0.56,184.39,33.58,23.45,12.49,2.4,30.7692
1501006,Aveiro,PA,0,796.6758,4.2154,0.541,0.45,0.47,0.748,0.6,148.71,41.63,13.71,12.68,2.24,20.058
1501105,Bagre,PA,0,198.588,4.5047,0.471,0.28,0.481,0.777,0.48,159.41,28.34,23.98,9.54,1.21,44.674
1501204,Baião,PA,0,198.1827,4.6942,0.578,0.467,0.538,0.77,0.53,226.99,28.21,13.93,22.58,3.25,50.3091
1501253,Bannach,PA,0,688.701,3.5104,0.594,0.42,0.635,0.784,0.62,416.31,17.47,18.28,16.5,1.77,37.3652
1501303,Barcarena,PA,0,16.2989,5.1117,0.662,0.564,0.643,0.801,0.55,437.43,10.49,8.52,31.83,4.96,36.3483
1501402,Belém,PA,1,0.0,6.1779,0.746,0.673,0.751,0.822,0.61,853.82,3.54,3.33,49.35,14.33,99.1443
1501451,Belterra,PA,0,729.3583,4.2539,0.588,0.478,0.548,0.775,0.58,241.57,28.5,12.4,21.89,3.04,41.9904
1501501,Benevides,PA,0,29.4526,4.8114,0.665,0.592,0.623,0.798,0.48,385.83,6.95,6.83,31.1,4.51,55.9757
1501576,Bom Jesus do Tocantins,PA,0,399.1047,4.2369,0.589,0.437,0.601,0.777,0.52,337.28,12.98,21.14,17.48,3.61,53.3272
1501600,Bonito,PA,0,131.7859,4.2245,0.546,0.398,0.531,0.77,0.5,218.05,22.74,21.8,14.51,1.38,28.0778
1501709,Bragança,PA,0,196.6984,5.1144,0.6,0.486,0.589,0.755,0.58,311.97,20.59,15.64,24.18,4.47,64.1375
1501725,Brasil Novo,PA,0,494.7405,4.1727,0.613,0.451,0.632,0.809,0.67,408.55,26.63,17.83,14.18,2.46,43.9707
1501758,Brejo Grande do Araguaia,PA,0,472.3828,3.8667,0.591,0.473,0.588,0.743,0.57,310.08,20.34,19.79,20.22,3.27,58.8766
1501782,Breu Branco,PA,0,284.4223,4.8363,0.568,0.422,0.555,0.781,0.53,252.31,20.91,20.26,14.96,2.11,55.8322
1501808,Breves,PA,0,223.018,5.0182,0.503,0.312,0.524,0.778,0.58,209.14,32.09,24.74,13.16,2.97,50.14
1501907,Bujaru,PA,0,50.5972,4.473,0.552,0.437,0.495,0.779,0.52,174.18,31.25,14.57,16.3,1.37,31.5198
1501956,Cachoeira do Piriá,PA,0,218.1291,4.5479,0.473,0.303,0.449,0.779,0.58,130.4,43.93,28.83,9.78,0.66,20.8881
1502004,Cachoeira do Arari,PA,0,72.6545,4.3866,0.546,0.398,0.525,0.778,0.6,209.79,36.27,13.64,12.17,1.76,35.983
1502103,Cametá,PA,0,142.3288,5.1486,0.577,0.474,0.538,0.754,0.58,226.99,29.03,10.53,22.04,3.15,43.7053
1502152,Canaã dos Carajás,PA,0,583.8656,4.5922,0.673,0.569,0.67,0.801,0.55,517.33,8.24,9.93,29.69,4.64,77.5827
1502202,Capanema,PA,0,148.9248,4.844,0.655,0.58,0.61,0.794,0.53,356.27,14.23,13.81,29.25,3.68,79.7184
1502301,Capitão Poço,PA,0,161.5592,4.7368,0.548,0.385,0.573,0.747,0.62,283.1,25.24,23.98,15.21,2.7,41.3177
1502400,Castanhal,PA,0,64.9961,5.3132,0.673,0.582,0.654,0.8,0.54,467.32,7.15,7.81,32.63,5.72,88.5815
1502509,Chaves,PA,0,220.6372,4.3834,0.453,0.234,0.516,0.769,0.67,198.83,43.41,27.07,3.04,1.43,11.9495
1502608,Colares,PA,0,62.7189,4.0855,0.602,0.528,0.541,0.763,0.56,231.98,26.14,10.36,22.25,2.95,32.1676
1502707,Conceição do Araguaia,PA,0,761.555,4.6823,0.64,0.54,0.631,0.77,0.54,405.29,11.78,14.32,27.19,5.81,71.2602
1502756,Concórdia do Pará,PA,0,83.5369,4.5345,0.566,0.438,0.56,0.741,0.5,260.68,15.39,20.42,16.48,2.17,53.4732
1502764,Cumaru do Norte,PA,0,750.1709,4.1475,0.55,0.33,0.635,0.795,0.64,417.06,24.58,25.2,8.35,1.92,25.9029
1502772,Curionópolis,PA,0,530.2182,4.2495,0.636,0.536,0.592,0.809,0.54,319.35,18.69,17.98,22.15,2.97,68.5149
1502806,Curralinho,PA,0,150.0284,4.5506,0.502,0.323,0.508,0.769,0.57,188.88,35.17,21.6,10.81,2.6,38.2851
1502855,Curuá,PA,0,738.661,4.1696,0.578,0.495,0.501,0.78,0.6,180.94,38.99,14.43,19.88,5.1,47.1764
1502905,Curuçá,PA,0,107.4682,4.6138,0.582,0.48,0.542,0.758,0.56,233.96,27.54,10.83,20.2,1.29,35.4989
1502939,Dom Eliseu,PA,0,331.3585,4.7868,0.615,0.502,0.606,0.763,0.52,348.04,8.74,17.67,18.84,4.06,63.3605
1502954,Eldorado do Carajás,PA,0,525.6256,4.5324,0.56,0.405,0.572,0.757,0.57,281.12,20.35,21.29,12.32,2.17,52.155
1503002,Faro,PA,0,921.1908,3.8419,0.563,0.47,0.501,0.756,0.56,180.47,38.39,10.51,19.92,3.93,74.9419
1503044,Floresta do Araguaia,PA,0,691.2811,4.3169,0.583,0.437,0.573,0.792,0.62,283.57,29.23,18.76,17.09,4.02,49.0432
1503077,Garrafão do Norte,PA,0,168.7243,4.4176,0.526,0.353,0.54,0.763,0.55,229.91,24.06,30.5,12.35,2.55,34.3812
1503093,Goianésia do Pará,PA,0,273.5502,4.6199,0.56,0.404,0.585,0.743,0.54,303.9,16.34,22.67,14.06,2.09,69.2667
1503101,Gurupá,PA,0,350.8602,4.5331,0.509,0.333,0.51,0.777,0.56,191.06,33.07,24.82,10.56,1.27,32.964
1503200,Igarapé-Açu,PA,0,103.1897,4.5937,0.595,0.49,0.579,0.743,0.56,293.71,17.77,15.57,22.19,2.8,59.0938
1503309,Igarapé-Miri,PA,0,78.527,4.8019,0.547,0.413,0.514,0.77,0.53,196.34,29.57,19.06,15.74,2.47,45.1211
1503408,Inhangapi,PA,0,63.9608,4.0795,0.572,0.456,0.55,0.748,0.52,245.7,21.51,15.61,20.2,2.66,27.6079
1503457,Ipixuna do Pará,PA,0,164.1787,4.8272,0.489,0.304,0.508,0.757,0.57,188.48,30.85,22.82,7.88,1.78,23.8301
1503507,Irituia,PA,0,121.4315,4.5137,0.559,0.427,0.536,0.763,0.58,224.25,29.98,19.65,15.16,2.13,20.8009
1503606,Itaituba,PA,0,889.5131,5.0066,0.64,0.51,0.644,0.8,0.57,440.6,11.47,13.84,20.71,4.03,72.4996
1503705,Itupiranga,PA,0,418.407,4.7279,0.528,0.364,0.543,0.746,0.62,234.25,31.65,23.12,13.93,2.07,40.0039
1503754,Jacareacanga,PA,0,1157.423,3.8421,0.505,0.279,0.577,0.8,0.69,289.16,42.41,27.41,8.84,1.24,34.9571
1503804,Jacundá,PA,0,339.4804,4.7819,0.622,0.509,0.628,0.752,0.59,399.45,11.94,15.98,20.36,2.55,88.9467
1503903,Juruti,PA,0,848.981,4.7779,0.592,0.501,0.547,0.756,0.59,241.39,28.55,8.9,20.99,3.08,33.6661
1504000,Limoeiro do Ajuru,PA,0,110.3433,4.4716,0.541,0.425,0.493,0.754,0.58,172.12,38.31,14.75,18.37,3.38,24.7672
1504059,Mãe do Rio,PA,0,122.8179,4.4827,0.599,0.458,0.615,0.763,0.58,367.01,14.14,17.6,21.04,4.0,82.6118
1504109,Magalhães Barata,PA,0,123.3343,3.9344,0.597,0.507,0.524,0.801,0.54,208.43,31.31,10.63,21.76,2.09,46.7652
1504208,Marabá,PA,0,438.9016,5.4589,0.668,0.564,0.673,0.785,0.58,527.86,10.34,11.36,31.7,5.4,79.7153
1504307,Maracanã,PA,0,138.5332,4.4707,0.57,0.454,0.534,0.764,0.59,221.89,31.11,12.0,14.93,2.08,41.077
1504406,Marapanim,PA,0,120.5568,4.4558,0.609,0.521,0.57,0.76,0.54,277.01,20.6,9.44,21.43,2.13,43.9917
1504422,Marituba,PA,0,20.6676,5.1329,0.676,0.628,0.621,0.793,0.42,382.02,5.35,4.74,35.01,3.42,98.9625
1504455,Medicilândia,PA,0,536.389,4.5098,0.582,0.408,0.605,0.8,0.61,345.44,23.69,18.35,11.58,1.23,34.9788
1504505,Melgaço,PA,0,250.7515,4.449,0.418,0.207,0.454,0.776,0.55,135.21,43.92,36.68,7.13,2.04,22.1824
1504604,Mocajuba,PA,0,168.7346,4.504,0.575,0.467,0.539,0.754,0.58,229.18,28.12,10.92,20.54,2.94,68.3813
1504703,Moju,PA,0,56.6435,4.9256,0.547,0.375,0.578,0.757,0.63,291.67,24.22,18.75,14.03,1.94,35.9365
1504752,Mojuí dos Campos,PA,0,697.3729,4.2117,,,,,,,,,,,
1504802,Monte Alegre,PA,0,623.7331,4.7656,0.589,0.495,0.541,0.764,0.59,231.65,31.58,14.27,20.09,2.92,44.2916
1504901,Muaná,PA,0,81.4092,4.6176,0.547,0.391,0.54,0.775,0.56,230.14,24.12,13.01,12.51,1.39,42.4541
1504950,Nova Esperança do Piriá,PA,0,191.8836,4.3328,0.502,0.346,0.482,0.757,0.63,160.34,46.55,26.32,10.38,2.6,39.5079
1504976,Nova Ipixuna,PA,0,390.6628,4.2311,0.581,0.435,0.59,0.766,0.59,315.1,18.07,21.91,12.99,2.64,52.7552
1505007,Nova Timboteua,PA,0,124.9612,4.1944,0.609,0.507,0.564,0.791,0.52,267.59,20.78,20.06,20.88,1.97,40.3804
1505031,Novo Progresso,PA,0,987.2677,4.4111,0.673,0.519,0.709,0.828,0.54,658.31,4.02,8.9,21.53,4.18,70.5182
1505064,Novo Repartimento,PA,0,349.9178,4.8948,0.537,0.376,0.557,0.741,0.59,256.37,26.59,20.58,12.67,2.32,45.0443
1505106,Óbidos,PA,0,782.7897,4.7199,0.594,0.499,0.556,0.756,0.59,255.03,24.98,12.68,19.52,1.99,51.6206
1505205,Oeiras do Pará,PA,0,163.5978,4.5209,0.507,0.344,0.502,0.754,0.56,181.86,35.57,18.43,11.98,2.49,39.979
1505304,Oriximiná,PA,0,820.4301,4.8746,0.623,0.52,0.599,0.778,0.64,332.29,26.43,11.47,25.11,4.67,63.9345
1505403,Ourém,PA,0,152.6294,4.2572,0.568,0.438,0.575,0.727,0.62,285.61,25.23,20.61,17.24,1.91,45.6011
1505437,Ourilândia do Norte,PA,0,654.2828,4.5293,0.624,0.467,0.653,0.795,0.55,466.52,11.51,12.56,22.35,3.58,72.7841
1505486,Pacajá,PA,0,355.4462,4.6912,0.515,0.338,0.541,0.746,0.65,231.91,38.87,21.53,12.38,2.0,34.3856
1505494,Palestina do Pará,PA,0,477.3917,3.8794,0.589,0.467,0.574,0.761,0.55,284.54,21.48,23.52,19.16,1.85,60.8161
1505502,Paragominas,PA,0,211.8858,5.0639,0.645,0.514,0.667,0.781,0.6,507.16,7.49,12.93,25.13,4.88,78.2169
1505536,Parauapebas,PA,0,536.3406,5.34,0.715,0.644,0.701,0.809,0.53,627.61,4.42,8.11,38.59,5.73,90.1123
1505551,Pau d'Arco,PA,0,729.8484,3.7275,0.574,0.443,0.571,0.748,0.51,279.72,21.56,22.46,19.12,3.46,60.3514
1505601,Peixe-Boi,PA,0,133.4792,3.9076,0.581,0.478,0.543,0.754,0.55,234.4,28.09,22.16,19.22,2.2,53.0812
1505635,Piçarra,PA,0,556.8902,4.1131,0.563,0.402,0.561,0.792,0.52,263.04,21.1,22.19,13.76,2.47,28.2035
1505650,Placas,PA,0,690.3333,4.5095,0.552,0.404,0.541,0.77,0.59,231.94,29.33,17.12,13.63,1.57,20.2808
1505700,Ponta de Pedras,PA,0,43.2566,4.5052,0.562,0.412,0.558,0.773,0.61,257.4,31.76,14.41,14.5,3.14,47.7865
1505809,Portel,PA,0,264.8446,4.805,0.483,0.286,0.513,0.767,0.64,195.22,39.4,30.1,10.73,2.91,47.6347
1505908,Porto de Moz,PA,0,418.5463,4.6279,0.503,0.322,0.512,0.77,0.59,193.52,33.82,21.46,12.17,4.11,42.9468
1506005,Prainha,PA,0,556.4103,4.4746,0.523,0.359,0.512,0.779,0.68,193.32,42.48,17.41,12.66,3.15,30.5257
1506104,Primavera,PA,0,162.9588,4.037,0.577,0.435,0.571,0.772,0.65,279.74,34.32,20.88,17.51,1.9,62.2419
1506112,Quatipuru,PA,0,176.0193,4.1397,0.543,0.397,0.55,0.732,0.6,244.9,30.33,22.93,11.9,2.1,42.8088
1506138,Redenção,PA,0,749.9994,4.9361,0.672,0.561,0.674,0.804,0.53,529.54,4.55,11.62,26.07,5.34,92.7325
1506161,Rio Maria,PA,0,673.1676,4.2603,0.638,0.495,0.651,0.804,0.53,460.83,8.19,16.04,19.28,3.77,76.3519
1506187,Rondon do Pará,PA,0,371.8469,4.7263,0.602,0.457,0.606,0.788,0.54,346.74,14.11,20.07,16.82,3.71,73.8779
1506195,Rurópolis,PA,0,770.8014,4.7199,0.548,0.392,0.548,0.764,0.57,242.49,24.43,17.78,13.95,2.65,38.0996
1506203,Salinópolis,PA,0,156.7158,4.6145,0.647,0.541,0.628,0.798,0.52,398.58,9.8,11.05,22.67,2.59,89.2306
1506302,Salvaterra,PA,0,78.4786,4.3872,0.608,0.488,0.58,0.793,0.57,296.28,23.43,9.04,20.8,3.23,62.7855
1506351,Santa Bárbara do Pará,PA,0,33.2097,4.3387,0.627,0.546,0.575,0.784,0.52,287.25,13.74,8.39,26.12,2.27,31.8418
1506401,Santa Cruz do Arari,PA,0,117.003,4.021,0.557,0.461,0.483,0.775,0.49,161.13,28.79,11.54,15.71,1.63,48.9761
1506500,Santa Izabel do Pará,PA,0,40.3687,4.8625,0.659,0.576,0.622,0.798,0.51,384.17,7.32,9.43,28.52,3.65,72.3102
1506559,Santa Luzia do Pará,PA,0,175.935,4.2975,0.546,0.424,0.53,0.724,0.56,217.11,28.23,24.89,17.61,2.15,44.7539
1506583,Santa Maria das Barreiras,PA,0,835.2269,4.3472,0.544,0.37,0.555,0.783,0.56,253.55,27.83,18.65,11.45,2.67,36.9464
1506609,Santa Maria do Pará,PA,0,102.2658,4.4001,0.598,0.471,0.595,0.764,0.52,323.98,9.62,20.15,17.92,2.3,57.8824
1506708,Santana do Araguaia,PA,0,898.842,4.8808,0.602,0.478,0.591,0.774,0.46,316.81,10.94,14.74,18.48,2.9,52.8253
1506807,Santarém,PA,0,700.8776,5.489,0.691,0.648,0.632,0.807,0.58,409.07,14.85,7.4,36.92,7.23,73.2534
1506906,Santarém Novo,PA,0,134.4919,3.8323,0.587,0.502,0.52,0.774,0.56,203.0,29.2,17.2,17.51,1.47,29.4577
1507003,Santo Antônio do Tauá,PA,0,52.2966,4.5098,0.632,0.561,0.598,0.753,0.52,331.12,12.01,11.5,26.38,3.06,55.7509
1507102,São Caetano de Odivelas,PA,0,94.4878,4.2602,0.585,0.473,0.552,0.767,0.48,247.8,17.27,11.34,19.2,0.92,41.1935
1507151,São Domingos do Araguaia,PA,0,455.5183,4.4141,0.594,0.451,0.629,0.738,0.59,400.66,12.52,19.7,18.86,2.74,65.949
1507201,São Domingos do Capim,PA,0,82.8152,4.509,0.532,0.382,0.509,0.773,0.6,189.39,36.22,21.67,15.57,2.52,22.0767
1507300,São Félix do Xingu,PA,0,695.1385,5.1327,0.594,0.411,0.638,0.798,0.62,423.85,21.25,11.59,14.13,1.85,49.3902
1507409,São Francisco do Pará,PA,0,83.942,4.2035,0.608,0.502,0.571,0.785,0.48,279.19,14.22,15.91,21.38,1.66,33.9509
1507458,São Geraldo do Araguaia,PA,0,549.2559,4.3903,0.595,0.447,0.594,0.793,0.53,322.95,13.4,18.72,19.99,4.57,53.1129
1507466,São João da Ponta,PA,0,92.5099,3.7989,0.583,0.495,0.522,0.767,0.51,206.18,27.39,8.74,19.42,1.97,19.5821
1507474,São João de Pirabas,PA,0,165.294,4.37,0.539,0.393,0.529,0.753,0.58,215.54,30.74,20.72,11.41,1.42,50.7919
1507508,São João do Araguaia,PA,0,434.8498,4.1494,0.55,0.424,0.53,0.741,0.55,216.86,26.18,24.76,13.82,2.33,19.6579
1507607,São Miguel do Guamá,PA,0,113.1172,4.7801,0.591,0.471,0.582,0.752,0.53,299.95,14.14,16.99,18.13,2.88,61.8302
1507706,São Sebastião da Boa Vista,PA,0,119.6157,4.4362,0.558,0.439,0.52,0.76,0.54,202.85,31.46,15.71,16.76,1.51,43.2326
1507755,Sapucaia,PA,0,624.4009,3.7845,0.59,0.405,0.639,0.792,0.52,426.86,8.65,22.29,14.58,2.65,65.8807
1507805,Senador José Porfírio,PA,0,405.2233,4.0533,0.514,0.338,0.533,0.754,0.54,219.97,25.82,22.71,9.64,2.9,49.5975
1507904,Soure,PA,0,81.6683,4.4108,0.615,0.525,0.583,0.76,0.52,300.59,16.69,9.42,26.51,4.76,91.3656
1507953,Tailândia,PA,0,172.1434,5.0475,0.588,0.45,0.583,0.776,0.52,300.85,11.99,13.52,16.87,1.85,74.0419
1507961,Terra Alta,PA,0,79.9444,4.0781,0.605,0.536,0.555,0.743,0.54,252.51,21.84,9.63,23.12,2.32,42.2335
1507979,Terra Santa,PA,0,892.3812,4.2802,0.635,0.558,0.602,0.763,0.58,338.44,14.91,8.47,25.53,3.4,60.977
1508001,Tomé-Açu,PA,0,113.2213,4.8103,0.586,0.424,0.596,0.798,0.54,326.18,12.7,16.07,16.8,2.4,55.8459
1508035,Tracuateua,PA,0,181.8483,4.499,0.531,0.376,0.514,0.776,0.59,195.97,32.91,21.44,13.13,1.38,26.4287
1508050,Trairão,PA,0,908.0929,4.2865,0.562,0.392,0.594,0.763,0.55,322.61,21.86,19.76,11.93,1.92,33.6533
1508084,Tucumã,PA,0,657.6119,4.6092,0.659,0.525,0.67,0.813,0.53,517.86,7.73,12.21,21.19,3.47,79.8664
1508100,Tucuruí,PA,0,288.0412,5.0667,0.666,0.548,0.675,0.8,0.57,534.02,6.37,9.44,33.45,5.76,95.1754
1508126,Ulianópolis,PA,0,277.882,4.7944,0.604,0.425,0.682,0.759,0.7,558.72,11.7,15.0,13.93,1.54,65.8153
1508159,Uruará,PA,0,634.3199,4.657,0.589,0.42,0.609,0.798,0.57,353.67,20.27,15.11,15.62,2.09,54.5446
1508209,Vigia,PA,0,77.4452,4.7376,0.617,0.516,0.594,0.768,0.5,323.12,11.22,10.03,21.45,3.66,67.5583
1508308,Viseu,PA,0,262.6866,4.793,0.515,0.366,0.482,0.776,0.62,160.09,44.66,22.2,11.34,2.03,32.4371
1508357,Vitória do Xingu,PA,0,422.3017,4.1881,0.596,0.451,0.594,0.792,0.6,323.18,18.88,16.09,14.02,2.27,39.9226
1508407,Xinguara,PA,0,647.7193,4.6572,0.646,0.503,0.671,0.8,0.55,520.57,4.97,12.29,22.31,4.79,77.6181
1600055,Serra do Navio,AP,0,142.0853,3.7464,0.709,0.692,0.659,0.783,0.6,484.63,16.99,10.91,39.73,5.4,58.79
1600105,Amapá,AP,0,225.9713,3.9668,0.642,0.532,0.631,0.79,0.66,406.9,21.53,10.99,26.65,3.66,86.2436
1600154,Pedra Branca do Amapari,AP,0,128.4842,4.2461,0.626,0.502,0.628,0.779,0.61,397.98,19.65,16.98,25.61,3.36,55.3565
1600204,Calçoene,AP,0,273.5602,4.0604,0.643,0.55,0.636,0.759,0.67,417.71,22.76,12.97,23.14,3.65,81.1889
1600212,Cutias,AP,0,107.4788,3.7936,0.628,0.566,0.576,0.76,0.61,287.41,23.64,11.19,28.56,5.55,52.0017
1600238,Ferreira Gomes,AP,0,91.7727,3.9112,0.656,0.542,0.635,0.82,0.6,416.72,14.94,13.46,30.6,3.95,71.9579
1600253,Itaubal,AP,0,74.019,3.7582,0.576,0.477,0.528,0.758,0.61,213.26,33.09,14.03,20.63,1.76,41.1254
1600279,Laranjal do Jari,AP,0,192.4464,4.7185,0.665,0.573,0.641,0.801,0.55,432.92,8.94,11.35,32.0,4.08,94.8976
1600303,Macapá,AP,1,0.0,5.718,0.733,0.663,0.723,0.82,0.59,717.88,5.89,6.17,51.4,14.1,95.7333
1600402,Mazagão,AP,0,31.2481,4.3516,0.592,0.449,0.609,0.758,0.65,353.61,24.89,21.27,22.75,3.24,48.5674
1600501,Oiapoque,AP,0,432.512,4.4554,0.658,0.527,0.693,0.779,0.69,598.38,21.31,9.05,23.37,5.73,67.5411
1600535,Porto Grande,AP,0,84.7722,4.3603,0.64,0.554,0.61,0.777,0.56,356.65,18.0,12.78,28.47,4.73,64.3048
1600550,Pracuúba,AP,0,191.8458,3.73,0.614,0.544,0.539,0.79,0.65,228.81,37.72,11.79,25.01,3.39,49.5914
1600600,Santana,AP,0,15.45,5.0962,0.692,0.638,0.654,0.794,0.55,469.24,8.92,9.74,42.37,7.86,97.8758
1600709,Tartarugalzinho,AP,0,164.3448,4.2605,0.592,0.473,0.553,0.794,0.65,250.2,36.87,16.7,18.91,3.93,51.8666
1600808,Vitória do Jari,AP,0,185.1684,4.2194,0.619,0.517,0.587,0.781,0.58,309.39,22.33,14.72,25.27,3.01,82.8935
1700251,Abreulândia,TO,0,107.3538,3.4165,0.665,0.502,0.7,0.835,0.71,624.03,13.3,13.38,23.9,7.76,61.7315
1700301,Aguiarnópolis,TO,0,413.592,3.8481,0.657,0.571,0.618,0.804,0.48,374.27,6.95,17.15,28.05,3.06,80.2402
1700350,Aliança do Tocantins,TO,0,142.2667,3.7245,0.663,0.596,0.61,0.801,0.47,357.08,11.43,14.44,31.72,7.19,83.8653
1700400,Almas,TO,0,202.8321,3.8392,0.636,0.524,0.616,0.796,0.57,369.39,15.32,21.72,26.23,5.25,79.2117
1700707,Alvorada,TO,0,271.0138,3.9233,0.708,0.623,0.677,0.843,0.47,539.26,2.83,10.22,34.35,7.53,92.7275
1701002,Ananás,TO,0,423.6418,3.9747,0.671,0.605,0.621,0.804,0.48,380.36,6.81,19.27,31.66,8.86,82.5545
1701051,Angico,TO,0,423.249,3.541,0.648,0.612,0.576,0.773,0.47,288.86,13.51,17.21,28.67,7.56,61.0394
1701101,Aparecida do Rio Negro,TO,0,47.0295,3.6903,0.651,0.588,0.593,0.791,0.48,320.54,12.55,14.93,29.62,4.72,78.6376
1701309,Aragominas,TO,0,334.0008,3.7563,0.593,0.461,0.611,0.739,0.54,357.45,17.63,23.8,18.58,4.47,37.9123
1701903,Araguacema,TO,0,201.3717,3.8587,0.639,0.553,0.587,0.805,0.56,308.94,24.06,16.36,27.74,6.59,46.3036
1702000,Araguaçu,TO,0,346.7745,3.9252,0.675,0.602,0.642,0.796,0.49,435.22,6.05,14.48,27.51,6.4,66.9474
1702109,Araguaína,TO,0,330.833,5.2701,0.752,0.712,0.727,0.821,0.56,737.63,2.91,8.58,46.45,11.45,94.9769
1702158,Araguanã,TO,0,399.4889,3.7676,0.604,0.473,0.617,0.756,0.52,372.96,8.17,17.83,22.3,6.08,67.3161
1702208,Araguatins,TO,0,502.4107,4.5632,0.631,0.525,0.604,0.793,0.57,342.07,19.69,19.77,26.15,7.29,64.2695
1702307,Arapoema,TO,0,290.2995,3.8189,0.68,0.601,0.645,0.81,0.51,442.33,4.03,17.43,28.53,6.75,80.9107
1702406,Arraias,TO,0,344.0522,4.0213,0.651,0.523,0.636,0.829,0.61,418.64,18.32,20.87,28.56,9.66,69.2438
1702554,Augustinópolis,TO,0,524.935,4.2758,0.67,0.619,0.614,0.793,0.52,364.32,9.01,22.29,32.06,5.82,82.6082
1702703,Aurora do Tocantins,TO,0,353.5224,3.5808,0.677,0.57,0.676,0.804,0.68,535.8,13.37,20.97,26.37,5.74,72.0255
1702901,Axixá do Tocantins,TO,0,508.6892,3.992,0.627,0.566,0.595,0.733,0.5,324.56,16.48,23.95,25.76,5.98,82.1671
1703008,Babaçulândia,TO,0,335.6629,4.0281,0.642,0.568,0.589,0.792,0.49,313.37,15.11,20.58,25.51,3.82,47.2851
1703057,Bandeirantes do Tocantins,TO,0,267.8555,3.56,0.638,0.571,0.57,0.797,0.55,278.0,22.06,17.6,25.06,5.58,53.9718
1703073,Barra do Ouro,TO,0,284.3273,3.6696,0.603,0.517,0.557,0.76,0.55,256.28,28.37,22.53,22.53,4.37,53.0196
1703107,Barrolândia,TO,0,55.6323,3.7535,0.642,0.541,0.6,0.817,0.44,335.26,10.56,15.96,22.33,5.03,83.7353
1703206,Bernardo Sayão,TO,0,262.1639,3.6473,0.638,0.573,0.606,0.748,0.42,347.03,6.2,17.99,25.61,6.58,49.0799
1703305,Bom Jesus do Tocantins,TO,0,134.951,3.7093,0.66,0.555,0.621,0.833,0.5,381.43,10.31,14.98,23.77,5.07,75.0
1703602,Brasilândia do Tocantins,TO,0,198.2937,3.3465,0.684,0.601,0.64,0.831,0.53,428.48,9.07,16.82,29.15,7.45,69.5736
1703701,Brejinho de Nazaré,TO,0,96.937,3.7435,0.686,0.619,0.635,0.82,0.55,414.87,9.17,16.63,32.41,6.77,80.9065
1703800,Buriti do Tocantins,TO,0,539.4473,4.0661,0.627,0.601,0.575,0.713,0.56,287.05,19.26,22.36,31.3,7.2,76.3104
1703826,Cachoeirinha,TO,0,452.8996,3.3604,0.627,0.59,0.548,0.762,0.47,241.7,18.58,18.2,30.84,5.75,80.5866
1703842,Campos Lindos,TO,0,297.1775,4.0214,0.544,0.377,0.578,0.738,0.67,292.64,31.11,20.96,18.68,5.33,59.2087
1703867,Cariri do Tocantins,TO,0,211.7362,3.6531,0.662,0.549,0.639,0.826,0.46,425.49,5.8,14.43,25.3,4.54,55.7242
1703883,Carmolândia,TO,0,348.2724,3.4195,0.64,0.521,0.621,0.81,0.48,382.31,6.67,19.02,25.76,9.06,78.7565
1703891,Carrasco Bonito,TO,0,539.405,3.6196,0.594,0.531,0.543,0.728,0.56,234.45,28.14,28.95,23.87,4.83,53.3351
1703909,Caseara,TO,0,201.4524,3.7415,0.658,0.534,0.647,0.825,0.61,447.52,14.36,17.95,24.1,7.05,59.4871
1704105,Centenário,TO,0,173.9992,3.4722,0.569,0.461,0.571,0.7,0.63,280.17,30.56,28.55,21.89,5.04,58.6126
1704600,Chapada de Areia,TO,0,91.1033,3.1508,0.619,0.529,0.619,0.726,0.51,376.48,15.11,18.9,19.43,2.76,56.1049
1705102,Chapada da Natividade,TO,0,175.0528,3.5224,0.62,0.497,0.59,0.814,0.62,315.34,26.85,20.69,20.16,3.33,50.534
1705508,Colinas do Tocantins,TO,0,234.9065,4.5596,0.701,0.614,0.69,0.814,0.56,587.11,4.55,12.02,32.56,10.22,96.0082
1705557,Combinado,TO,0,354.3986,3.6875,0.697,0.639,0.649,0.815,0.52,455.39,4.18,18.29,30.15,7.49,85.6714
1705607,Conceição do Tocantins,TO,0,255.9042,3.6096,0.592,0.478,0.588,0.739,0.55,310.96,17.94,23.18,21.09,5.18,69.6078
1706001,Couto Magalhães,TO,0,220.5235,3.7551,0.605,0.508,0.574,0.76,0.55,284.33,22.26,17.45,23.54,4.58,37.6123
1706100,Cristalândia,TO,0,102.9827,3.8614,0.673,0.57,0.663,0.805,0.57,495.57,8.22,12.61,30.38,8.49,81.8911
1706258,Crixás do Tocantins,TO,0,121.4669,3.2428,0.644,0.555,0.603,0.798,0.48,341.27,15.07,10.67,23.25,7.63,55.7545
1706506,Darcinópolis,TO,0,389.3339,3.7959,0.581,0.429,0.597,0.764,0.51,327.64,13.5,20.67,14.62,4.16,66.1673
1707009,Dianópolis,TO,0,233.1489,4.3561,0.701,0.624,0.673,0.822,0.57,528.6,8.03,12.37,36.81,12.26,86.0402
1707108,Divinópolis do Tocantins,TO,0,102.1186,3.8442,0.683,0.585,0.667,0.816,0.64,507.04,13.42,16.43,26.83,7.75,70.187
1707207,Dois Irmãos do Tocantins,TO,0,127.3651,3.8557,0.583,0.442,0.551,0.813,0.56,245.98,30.85,17.5,16.83,2.92,38.7795
1707306,Dueré,TO,0,164.7606,3.6708,0.679,0.566,0.654,0.846,0.56,467.9,6.86,12.52,27.22,5.73,66.5287
1707405,Esperantina,TO,0,533.7865,4.0523,0.57,0.524,0.495,0.715,0.55,174.51,36.37,22.67,24.7,4.53,48.6914
1707553,Fátima,TO,0,88.7865,3.5825,0.697,0.638,0.653,0.813,0.56,464.94,7.95,14.92,34.82,7.18,82.3916
1707652,Figueirópolis,TO,0,237.0936,3.7178,0.689,0.6,0.664,0.822,0.52,498.31,9.2,16.92,32.69,7.76,75.9176
1707702,Filadélfia,TO,0,328.2949,3.949,0.621,0.522,0.578,0.792,0.54,291.57,19.95,19.03,26.01,5.41,65.1146
1708205,Formoso do Araguaia,TO,0,223.1682,4.2638,0.67,0.587,0.64,0.801,0.52,429.17,12.31,12.89,29.76,7.55,72.3558
1708254,Fortaleza do Tabocão,TO,0,124.1387,3.4175,0.659,0.575,0.616,0.808,0.46,370.0,9.64,17.4,28.95,6.79,81.3559
1708304,Goianorte,TO,0,167.6655,3.7106,0.621,0.497,0.598,0.805,0.54,329.64,15.9,16.77,21.41,5.62,55.6901
1709005,Goiatins,TO,0,295.6394,4.1196,0.576,0.462,0.541,0.765,0.61,232.19,37.47,25.27,20.48,5.32,41.0229
1709302,Guaraí,TO,0,148.5741,4.4217,0.741,0.67,0.724,0.839,0.61,722.83,4.21,11.23,38.22,12.86,91.069
1709500,Gurupi,TO,0,191.1213,4.9466,0.759,0.706,0.736,0.843,0.54,778.9,1.74,6.39,47.92,13.64,97.7135
1709807,Ipueiras,TO,0,120.9314,3.3197,0.62,0.518,0.576,0.797,0.43,288.55,11.31,15.79,18.11,3.02,58.4503
1710508,Itacajá,TO,0,207.1899,3.8734,0.612,0.491,0.585,0.798,0.58,304.55,25.42,18.24,26.66,7.54,60.1492
1710706,Itaguatins,TO,0,497.2446,3.7635,0.616,0.511,0.572,0.799,0.57,281.62,23.75,24.79,21.69,4.79,56.3277
1710904,Itapiratins,TO,0,199.5506,3.5814,0.601,0.446,0.611,0.796,0.52,357.54,13.87,19.09,17.68,3.87,54.1903
1711100,Itaporã do Tocantins,TO,0,181.2237,3.3824,0.65,0.531,0.613,0.842,0.44,363.13,5.56,18.83,27.16,5.12,63.9264
1711506,Jaú do Tocantins,TO,0,278.1088,3.5917,0.662,0.529,0.672,0.815,0.64,523.53,12.84,13.46,20.06,5.65,37.3539
1711803,Juarina,TO,0,241.837,3.3373,0.584,0.478,0.563,0.742,0.52,265.5,23.89,15.19,21.36,5.51,46.3021
1711902,Lagoa da Confusão,TO,0,155.2109,4.1458,0.627,0.496,0.63,0.787,0.51,404.61,7.39,13.48,25.79,5.67,62.0176
1711951,Lagoa do Tocantins,TO,0,87.6718,3.6503,0.579,0.471,0.543,0.758,0.6,235.28,33.42,22.58,20.25,8.8,72.0
1712009,Lajeado,TO,0,46.5501,3.505,0.675,0.573,0.673,0.798,0.58,527.21,9.91,9.68,30.48,6.52,78.1103
1712157,Lavandeira,TO,0,354.6903,3.2975,0.66,0.62,0.598,0.775,0.51,330.96,15.6,22.49,29.38,5.02,63.7383
1712405,Lizarda,TO,0,194.1703,3.5714,0.57,0.415,0.584,0.765,0.74,302.83,48.36,22.36,22.04,5.04,69.3423
1712454,Luzinópolis,TO,0,444.6999,3.5051,0.639,0.605,0.593,0.726,0.49,319.83,13.76,18.19,29.12,6.77,63.8825
1712504,Marianópolis do Tocantins,TO,0,148.0174,3.7269,0.631,0.504,0.63,0.792,0.53,403.96,11.5,17.97,22.41,6.76,54.7564
1712702,Mateiros,TO,0,216.2437,3.4429,0.607,0.463,0.586,0.823,0.52,307.46,15.96,26.37,22.8,5.48,63.7427
1712801,Maurilândia do Tocantins,TO,0,477.3809,3.5403,0.58,0.498,0.542,0.724,0.52,233.68,25.93,23.61,22.88,4.47,63.9505
1713205,Miracema do Tocantins,TO,0,66.2744,4.2462,0.684,0.579,0.675,0.82,0.54,533.46,6.51,11.01,35.55,9.33,86.7192
1713304,Miranorte,TO,0,76.5373,4.132,0.662,0.571,0.633,0.804,0.48,410.45,8.31,13.75,29.8,5.63,87.4277
1713601,Monte do Carmo,TO,0,71.7476,3.9129,0.622,0.489,0.608,0.808,0.62,351.96,21.62,19.44,19.36,5.35,42.8976
1713700,Monte Santo do Tocantins,TO,0,72.209,3.3638,0.62,0.547,0.572,0.76,0.48,280.98,17.83,16.31,22.18,1.59,21.5827
1713809,Palmeiras do Tocantins,TO,0,404.3988,3.8344,0.628,0.522,0.586,0.81,0.51,307.43,16.74,16.86,23.7,4.3,56.3066
1713957,Muricilândia,TO,0,337.5074,3.5591,0.596,0.524,0.543,0.745,0.54,234.22,28.08,23.86,23.4,4.27,57.1066
1714203,Natividade,TO,0,184.5021,3.9664,0.673,0.556,0.646,0.847,0.59,446.32,14.74,19.07,30.6,8.59,79.9444
1714302,Nazaré,TO,0,428.1721,3.5766,0.643,0.576,0.584,0.792,0.52,302.39,17.81,20.92,28.12,7.51,45.3944
1714880,Nova Olinda,TO,0,281.433,4.0797,0.631,0.535,0.614,0.765,0.52,365.84,11.19,17.16,22.03,4.42,69.8578
1715002,Nova Rosalândia,TO,0,75.5068,3.6383,0.661,0.628,0.582,0.791,0.52,299.38,23.45,15.36,31.56,7.17,65.4642
1715101,Novo Acordo,TO,0,77.8391,3.6484,0.639,0.53,0.618,0.797,0.55,374.83,18.21,14.98,25.33,7.66,81.9511
1715150,Novo Alegre,TO,0,361.4084,3.3677,0.699,0.654,0.642,0.812,0.52,433.31,8.86,13.78,40.59,8.71,74.322
1715259,Novo Jardim,TO,0,262.7278,3.4422,0.596,0.52,0.559,0.73,0.45,259.32,17.14,19.89,19.79,1.92,72.2833
1715507,Oliveira de Fátima,TO,0,85.8811,3.0508,0.675,0.614,0.627,0.798,0.55,396.97,12.56,16.76,33.57,7.74,78.785
1715705,Palmeirante,TO,0,260.4347,3.7948,0.571,0.436,0.564,0.756,0.57,267.76,27.94,19.88,17.57,4.18,38.8777
1715754,Palmeirópolis,TO,0,319.9393,3.8862,0.673,0.571,0.652,0.817,0.52,463.45,7.71,13.28,25.86,5.77,81.4961
1716109,Paraíso do Tocantins,TO,0,58.626,4.7203,0.764,0.706,0.759,0.831,0.62,899.57,1.63,6.85,43.76,9.86,95.6233
1716208,Paranã,TO,0,277.9312,4.0181,0.595,0.461,0.588,0.777,0.65,311.37,31.89,25.93,20.15,6.32,45.6568
1716307,Pau d'Arco,TO,0,312.1725,3.6889,0.661,0.587,0.621,0.792,0.52,380.41,13.12,18.68,23.64,5.46,63.2084
1716505,Pedro Afonso,TO,0,134.6513,4.145,0.732,0.664,0.699,0.846,0.5,618.56,4.1,10.51,43.48,10.39,86.8013
1716604,Peixe,TO,0,208.5456,4.079,0.674,0.555,0.679,0.812,0.62,547.9,12.73,16.51,22.24,5.7,50.4141
1716653,Pequizeiro,TO,0,185.9569,3.744,0.627,0.518,0.589,0.806,0.47,313.34,9.4,19.67,20.14,4.75,47.2893
1716703,Colméia,TO,0,165.5431,3.9073,0.671,0.574,0.645,0.816,0.5,442.96,4.81,18.97,27.37,7.94,73.9751
1717008,Pindorama do Tocantins,TO,0,137.5923,3.6448,0.605,0.521,0.579,0.733,0.56,293.47,23.32,14.79,24.06,5.64,65.4017
1717206,Piraquê,TO,0,377.39,3.4826,0.621,0.511,0.593,0.792,0.52,319.42,15.36,21.14,21.72,5.18,38.4247
1717503,Pium,TO,0,94.4211,3.8938,0.65,0.527,0.633,0.822,0.52,411.25,8.95,19.37,24.81,4.99,56.4535
1717800,Ponte Alta do Bom Jesus,TO,0,296.5308,3.6614,0.603,0.455,0.589,0.82,0.63,313.2,31.17,25.2,19.87,5.14,55.0396
1717909,Ponte Alta do Tocantins,TO,0,109.3844,3.9134,0.624,0.531,0.587,0.779,0.55,308.4,19.53,16.62,26.51,6.34,63.0501
1718006,Porto Alegre do Tocantins,TO,0,214.5765,3.5051,0.645,0.584,0.586,0.785,0.51,305.98,17.42,19.87,29.42,5.38,68.6338
1718204,Porto Nacional,TO,0,61.0036,4.7293,0.74,0.701,0.699,0.826,0.54,621.1,4.03,9.22,44.61,12.49,86.3448
1718303,Praia Norte,TO,0,533.2964,3.9326,0.583,0.517,0.526,0.73,0.53,210.53,27.91,30.96,20.51,4.05,58.3366
1718402,Presidente Kennedy,TO,0,182.3909,3.5644,0.669,0.582,0.628,0.82,0.51,398.02,4.65,16.35,28.12,6.35,87.6664
1718451,Pugmil,TO,0,66.137,3.4387,0.669,0.595,0.621,0.809,0.44,380.52,6.23,12.97,23.21,4.28,84.5927
1718501,Recursolândia,TO,0,200.2804,3.6424,0.5,0.345,0.49,0.738,0.64,168.85,46.78,27.63,16.92,4.67,52.8132
1718550,Riachinho,TO,0,414.4054,3.6742,0.572,0.49,0.503,0.76,0.53,182.97,35.04,22.56,22.15,5.74,43.2355
1718659,Rio da Conceição,TO,0,211.8188,3.3446,0.608,0.561,0.557,0.718,0.55,256.83,26.41,14.02,29.96,6.34,91.832
1718709,Rio dos Bois,TO,0,93.2827,3.4592,0.616,0.501,0.588,0.795,0.48,310.91,15.8,19.25,22.45,5.95,40.0389
1718758,Rio Sono,TO,0,103.2754,3.8128,0.6,0.482,0.574,0.779,0.59,285.17,27.2,19.89,22.55,4.82,38.4874
1718808,Sampaio,TO,0,537.841,3.6881,0.606,0.59,0.546,0.691,0.5,239.06,21.21,23.92,27.02,5.34,90.9938
1718840,Sandolândia,TO,0,315.7415,3.5278,0.659,0.578,0.626,0.791,0.47,393.98,6.89,16.58,28.27,8.1,53.0367
1718865,Santa Fé do Araguaia,TO,0,337.1786,3.8852,0.616,0.482,0.604,0.804,0.54,342.15,15.21,19.69,20.37,5.8,66.2828
1718881,Santa Maria do Tocantins,TO,0,168.0598,3.5486,0.634,0.543,0.6,0.784,0.53,334.09,15.29,17.62,26.1,6.79,59.6061
1718899,Santa Rita do Tocantins,TO,0,99.1915,3.3815,0.651,0.527,0.63,0.83,0.53,402.99,9.14,14.99,25.2,5.77,43.1391
1718907,Santa Rosa do Tocantins,TO,0,145.4426,3.687,0.595,0.471,0.574,0.78,0.54,284.63,22.74,17.72,20.12,5.43,64.514
1719004,Santa Tereza do Tocantins,TO,0,61.0659,3.4666,0.662,0.575,0.618,0.817,0.47,373.96,7.81,14.57,29.46,7.53,64.0507
1720002,Santa Terezinha do Tocantins,TO,0,420.7831,3.4031,0.637,0.584,0.583,0.758,0.54,301.14,20.63,21.21,29.15,5.49,64.4301
1720101,São Bento do Tocantins,TO,0,460.3867,3.737,0.605,0.506,0.595,0.736,0.56,324.27,18.2,19.66,21.87,4.34,58.941
1720150,São Félix do Tocantins,TO,0,185.6346,3.2068,0.574,0.446,0.55,0.771,0.64,244.55,36.15,20.31,24.81,7.54,64.7878
1720200,São Miguel do Tocantins,TO,0,519.6572,4.095,0.623,0.544,0.582,0.762,0.56,298.31,18.32,24.95,24.74,2.53,24.3011
1720259,São Salvador do Tocantins,TO,0,287.64,3.4922,0.605,0.471,0.592,0.794,0.61,318.39,28.22,19.02,24.73,7.23,54.5704
1720309,São Sebastião do Tocantins,TO,0,545.5734,3.69,0.573,0.487,0.516,0.748,0.55,198.01,29.96,25.75,13.45,2.68,76.6519
1720499,São Valério,TO,0,201.6543,3.5852,0.643,0.539,0.605,0.814,0.56,344.49,17.2,20.01,17.72,5.38,62.1264
1720655,Silvanópolis,TO,0,111.2899,3.7366,0.675,0.592,0.638,0.814,0.56,423.43,12.59,17.59,30.76,6.19,80.1302
1720804,Sítio Novo do Tocantins,TO,0,512.9397,3.9526,0.604,0.526,0.55,0.762,0.56,245.11,32.02,25.86,22.57,4.19,53.2903
1720853,Sucupira,TO,0,211.7177,3.3025,0.667,0.599,0.623,0.794,0.5,386.22,7.45,15.26,31.45,7.86,63.4902
1720903,Taguatinga,TO,0,324.2301,4.2296,0.634,0.497,0.628,0.818,0.64,399.35,21.96,19.2,23.41,5.55,70.6066
1720937,Taipas do Tocantins,TO,0,270.4591,3.3391,0.601,0.47,0.578,0.798,0.55,292.72,17.08,26.5,22.15,5.93,80.0514
1720978,Talismã,TO,0,302.7444,3.4519,0.654,0.535,0.654,0.801,0.48,467.87,6.68,18.68,25.53,5.88,53.2006
1721000,Palmas,TO,1,0.0,5.496,0.788,0.749,0.789,0.827,0.58,1087.35,1.52,3.76,58.53,20.81,97.1139
1721109,Tocantínia,TO,0,67.3397,3.8858,0.589,0.459,0.57,0.782,0.62,277.25,32.5,20.17,28.79,5.55,43.8688
1721208,Tocantinópolis,TO,0,438.6571,4.3583,0.681,0.623,0.634,0.801,0.52,414.08,10.17,15.69,35.7,9.64,80.985
1721257,Tupirama,TO,0,132.4575,3.2905,0.67,0.593,0.629,0.808,0.48,401.76,9.78,15.95,26.4,6.48,59.0851
1721307,Tupiratins,TO,0,198.1485,3.4448,0.587,0.425,0.601,0.791,0.57,337.79,22.22,20.47,14.67,5.03,50.7868
1722081,Wanderlândia,TO,0,370.9515,4.0713,0.638,0.561,0.619,0.748,0.51,376.35,8.79,18.92,28.1,5.68,53.4378
1722107,Xambioá,TO,0,417.6058,4.0607,0.671,0.57,0.648,0.818,0.6,450.43,11.92,17.93,29.79,7.25,84.7962
2100055,Açailândia,MA,0,446.231,5.0561,0.672,0.602,0.643,0.785,0.56,438.56,10.12,17.69,27.39,4.68,75.1939
2100105,Afonso Cunha,MA,0,208.6605,3.8216,0.529,0.434,0.471,0.725,0.59,149.78,45.54,34.64,13.32,4.36,54.7671
2100154,Água Doce do Maranhão,MA,0,244.8148,4.1049,0.5,0.363,0.494,0.697,0.59,172.55,39.02,36.03,8.18,1.6,27.0529
2100204,Alcântara,MA,0,19.4821,4.3449,0.573,0.475,0.525,0.753,0.59,209.27,37.99,22.44,20.52,2.97,29.2847
2100303,Aldeias Altas,MA,0,250.8706,4.431,0.513,0.374,0.5,0.72,0.59,179.92,36.55,37.68,11.29,1.41,56.9222
2100402,Altamira do Maranhão,MA,0,222.7992,3.9165,0.549,0.473,0.486,0.719,0.52,164.24,36.66,32.98,18.05,3.71,28.5094
2100436,Alto Alegre do Maranhão,MA,0,187.0352,4.4482,0.554,0.444,0.516,0.744,0.51,198.43,27.6,29.28,13.04,1.95,78.7593
2100477,Alto Alegre do Pindaré,MA,0,212.7784,4.5047,0.558,0.483,0.465,0.774,0.57,144.91,42.95,32.25,14.18,1.57,31.6483
2100501,Alto Parnaíba,MA,0,753.134,4.0505,0.633,0.474,0.683,0.785,0.78,559.61,25.58,21.22,20.56,4.69,65.2796
2100550,Amapá do Maranhão,MA,0,212.3953,3.848,0.52,0.406,0.503,0.688,0.57,182.63,37.78,33.27,14.41,4.03,75.276
2100600,Amarante do Maranhão,MA,0,432.6584,4.6234,0.555,0.441,0.541,0.716,0.59,231.79,29.79,28.41,14.65,2.7,39.555
2100709,Anajatuba,MA,0,88.293,4.4341,0.581,0.492,0.523,0.762,0.6,207.65,39.99,27.31,17.47,1.98,27.7371
2100808,Anapurus,MA,0,182.8988,4.2056,0.581,0.502,0.511,0.764,0.54,192.8,32.99,29.9,19.24,2.24,51.3954
2100832,Apicum-Açu,MA,0,141.0134,4.2451,0.568,0.483,0.529,0.718,0.52,215.17,24.7,18.69,14.85,2.48,61.2474
2100873,Araguanã,MA,0,159.1714,4.1952,0.533,0.444,0.483,0.706,0.52,161.57,34.72,28.15,14.48,1.34,38.4814
2100907,Araioses,MA,0,269.3802,4.673,0.521,0.402,0.497,0.709,0.59,175.81,40.55,33.7,10.66,2.68,28.3378
2100956,Arame,MA,0,323.6744,4.5162,0.512,0.365,0.525,0.701,0.72,210.09,44.31,33.02,12.53,2.86,39.5906
2101004,Arari,MA,0,116.1176,4.4773,0.626,0.546,0.587,0.764,0.57,308.83,21.94,22.02,21.66,2.41,61.3697
2101103,Axixá,MA,0,43.4461,4.0876,0.641,0.634,0.535,0.776,0.54,223.51,27.13,16.37,30.83,4.87,41.2291
2101202,Bacabal,MA,0,196.4675,5.0216,0.651,0.591,0.619,0.753,0.55,375.57,12.93,21.4,30.14,4.54,77.8491
2101251,Bacabeira,MA,0,50.5131,4.2417,0.629,0.58,0.558,0.768,0.54,257.4,21.44,18.3,22.89,2.37,22.2714
2101301,Bacuri,MA,0,129.4963,4.2724,0.578,0.484,0.54,0.737,0.58,230.45,29.48,23.66,16.28,4.34,52.3127
2101350,Bacurituba,MA,0,52.5476,3.7556,0.537,0.479,0.474,0.681,0.55,152.38,41.62,23.9,15.36,1.53,26.9035
2101400,Balsas,MA,0,588.3768,4.9866,0.687,0.597,0.674,0.807,0.58,531.6,8.5,12.92,32.05,8.26,87.1217
2101509,Barão de Grajaú,MA,0,490.6884,4.2793,0.592,0.484,0.578,0.743,0.52,292.55,20.75,22.7,19.46,3.72,57.9452
2101608,Barra do Corda,MA,0,347.0347,4.9489,0.606,0.498,0.585,0.763,0.62,305.61,26.21,27.71,20.01,4.21,62.3542
2101707,Barreirinhas,MA,0,165.0884,4.8054,0.57,0.479,0.515,0.752,0.61,197.08,37.56,25.37,15.19,3.03,40.1475
2101731,Belágua,MA,0,111.7311,3.88,0.512,0.455,0.417,0.707,0.63,107.14,58.19,39.2,17.32,1.72,50.0153
2101772,Bela Vista do Maranhão,MA,0,170.6201,4.0549,0.554,0.45,0.515,0.735,0.5,197.65,24.23,29.44,14.9,2.09,42.9081
2101806,Benedito Leite,MA,0,521.968,3.7515,0.546,0.426,0.531,0.719,0.58,217.65,35.88,29.24,14.0,1.78,51.4354
2101905,Bequimão,MA,0,54.744,4.3287,0.601,0.561,0.51,0.757,0.55,190.84,34.72,24.22,22.59,1.55,32.4715
2101939,Bernardo do Mearim,MA,0,239.0031,3.7855,0.604,0.547,0.544,0.742,0.47,236.18,20.29,26.78,21.79,3.52,38.7592
2101970,Boa Vista do Gurupi,MA,0,237.0024,3.9291,0.545,0.461,0.515,0.681,0.52,196.78,27.77,23.74,15.93,3.61,70.6881
2102002,Bom Jardim,MA,0,183.3948,4.6234,0.538,0.4,0.519,0.75,0.58,202.28,32.27,31.79,12.16,2.42,41.9627
2102036,Bom Jesus das Selvas,MA,0,357.5333,4.5452,0.558,0.431,0.537,0.751,0.62,226.09,34.87,27.35,9.64,2.13,47.1942
2102077,Bom Lugar,MA,0,220.562,4.2195,0.562,0.493,0.486,0.741,0.49,164.44,32.02,32.11,14.61,1.53,28.2157
2102101,Brejo,MA,0,213.9629,4.567,0.562,0.454,0.517,0.758,0.64,200.25,40.08,29.92,16.51,3.0,36.9915
2102150,Brejo de Areia,MA,0,245.601,3.9465,0.519,0.408,0.507,0.677,0.48,187.95,26.98,35.08,11.28,2.83,51.1565
2102200,Buriti,MA,0,218.9442,4.4611,0.548,0.48,0.479,0.714,0.63,157.21,47.94,30.27,15.74,1.85,31.0924
2102309,Buriti Bravo,MA,0,370.8811,4.3801,0.59,0.506,0.539,0.752,0.55,229.21,29.63,30.42,16.42,3.96,74.3002
2102325,Buriticupu,MA,0,311.3374,4.8668,0.556,0.455,0.533,0.708,0.6,220.64,29.4,26.9,12.18,1.58,54.86
2102358,Buritirana,MA,0,454.4215,4.1904,0.583,0.505,0.54,0.725,0.5,230.11,23.52,28.45,18.98,1.81,28.0438
2102374,Cachoeira Grande,MA,0,51.7569,3.9788,0.537,0.476,0.422,0.773,0.57,110.65,55.86,30.41,17.52,2.92,44.897
2102408,Cajapió,MA,0,57.117,4.0513,0.553,0.505,0.466,0.72,0.57,145.01,45.03,25.58,20.16,2.56,36.6752
2102507,Cajari,MA,0,118.206,4.2905,0.523,0.421,0.456,0.747,0.63,136.39,51.36,21.74,13.44,1.37,23.3613
2102556,Campestre do Maranhão,MA,0,528.1844,4.1623,0.652,0.586,0.611,0.774,0.48,358.0,7.92,21.26,21.86,2.3,79.445
2102606,Cândido Mendes,MA,0,199.8801,4.3091,0.561,0.456,0.52,0.745,0.58,203.94,35.23,21.4,15.73,2.8,64.3664
2102705,Cantanhede,MA,0,122.2782,4.3471,0.565,0.468,0.497,0.774,0.6,176.61,40.03,28.86,18.89,3.87,63.3754
2102754,Capinzal do Norte,MA,0,243.4724,4.0389,0.537,0.43,0.517,0.698,0.57,200.15,36.14,32.19,15.23,3.33,52.4397
2102804,Carolina,MA,0,638.8799,4.3829,0.634,0.529,0.6,0.802,0.55,334.51,19.64,15.13,23.77,5.31,67.7699
2102903,Carutapera,MA,0,242.2277,4.3819,0.574,0.476,0.533,0.747,0.54,220.91,27.76,19.64,15.61,3.41,73.7253
2103000,Caxias,MA,0,279.2423,5.2205,0.624,0.543,0.595,0.753,0.55,324.9,17.21,25.75,27.19,5.17,76.41
2103109,Cedral,MA,0,64.7674,4.0298,0.605,0.57,0.52,0.748,0.56,202.86,31.59,17.14,22.91,3.18,23.2786
2103125,Central do Maranhão,MA,0,70.3769,3.9448,0.585,0.557,0.503,0.713,0.54,182.77,34.56,26.73,19.99,1.03,51.8068
2103158,Centro do Guilherme,MA,0,193.7017,4.1423,0.542,0.442,0.51,0.707,0.56,190.58,32.98,28.8,15.53,1.39,56.2833
2103174,Centro Novo do Maranhão,MA,0,207.888,4.3435,0.518,0.382,0.508,0.717,0.56,188.88,35.33,25.34,11.02,2.28,31.3358
2103208,Chapadinha,MA,0,169.8966,4.9069,0.604,0.517,0.554,0.77,0.59,251.75,29.79,25.42,23.23,3.03,72.0954
2103257,Cidelândia,MA,0,485.9119,4.1719,0.6,0.529,0.562,0.728,0.47,263.53,16.72,24.29,18.7,2.77,44.1196
2103307,Codó,MA,0,218.2725,5.0912,0.595,0.492,0.568,0.754,0.57,273.45,25.07,30.47,21.28,3.51,68.6601
2103406,Coelho Neto,MA,0,238.7645,4.6973,0.564,0.454,0.544,0.728,0.54,236.47,23.04,28.95,19.47,3.79,82.8428
2103505,Colinas,MA,0,388.7162,4.6175,0.596,0.524,0.571,0.709,0.63,279.81,30.88,29.83,20.2,3.6,65.3557
2103554,Conceição do Lago-Açu,MA,0,160.3323,4.219,0.512,0.37,0.492,0.738,0.51,170.79,33.43,34.88,9.33,2.58,47.5824
2103604,Coroatá,MA,0,178.6155,4.8181,0.576,0.475,0.545,0.737,0.58,237.3,31.93,32.2,17.07,3.53,69.7562
2103703,Cururupu,MA,0,100.8875,4.5127,0.612,0.525,0.568,0.768,0.58,274.39,21.45,17.41,19.76,2.84,68.2041
2103752,Davinópolis,MA,0,479.8079,4.1114,0.607,0.535,0.561,0.747,0.45,263.12,11.85,25.01,21.87,2.42,83.3691
2103802,Dom Pedro,MA,0,279.1624,4.3691,0.622,0.545,0.582,0.759,0.48,298.33,14.32,24.23,19.8,3.43,67.2854
2103901,Duque Bacelar,MA,0,234.2364,4.0588,0.533,0.451,0.485,0.693,0.6,163.87,41.83,31.97,15.52,2.77,50.1456
2104008,Esperantinópolis,MA,0,268.0839,4.2297,0.586,0.503,0.561,0.713,0.59,262.41,27.04,30.88,18.46,3.35,54.3843
2104057,Estreito,MA,0,568.5809,4.6344,0.659,0.536,0.666,0.8,0.56,503.29,10.52,15.18,24.32,4.68,71.9353
2104073,Feira Nova do Maranhão,MA,0,559.3379,3.9297,0.532,0.405,0.511,0.729,0.62,192.39,40.35,19.75,13.83,2.93,23.714
2104081,Fernando Falcão,MA,0,408.5567,4.0236,0.443,0.286,0.417,0.728,0.55,106.99,51.61,38.03,6.79,0.99,16.2969
2104099,Formosa da Serra Negra,MA,0,481.8691,4.2884,0.556,0.459,0.485,0.774,0.63,163.15,45.61,18.49,17.66,3.64,33.3108
2104107,Fortaleza dos Nogueiras,MA,0,535.5587,4.1025,0.616,0.534,0.566,0.773,0.53,271.6,22.48,15.94,21.26,4.73,60.2696
2104206,Fortuna,MA,0,356.6312,4.2507,0.58,0.494,0.558,0.706,0.56,257.81,29.45,30.51,20.75,4.71,62.9487
2104305,Godofredo Viana,MA,0,205.8948,4.0829,0.604,0.546,0.537,0.75,0.5,225.47,21.99,16.95,21.92,2.77,63.2158
2104404,Gonçalves Dias,MA,0,290.4502,4.2541,0.568,0.445,0.542,0.758,0.59,233.2,34.03,34.75,14.28,3.42,44.4457
2104503,Governador Archer,MA,0,277.2757,4.0387,0.565,0.481,0.545,0.687,0.55,237.47,26.16,31.48,18.17,3.55,64.9682
2104552,Governador Edison Lobão,MA,0,493.7743,4.2728,0.629,0.552,0.589,0.764,0.46,312.56,9.25,19.63,19.92,2.22,43.7685
2104602,Governador Eugênio Barros,MA,0,310.3526,4.1674,0.572,0.462,0.55,0.736,0.58,245.38,29.5,35.9,14.92,3.03,29.329
2104628,Governador Luiz Rocha,MA,0,327.9899,3.8964,0.544,0.459,0.508,0.692,0.55,188.68,37.56,30.85,16.75,3.06,70.6965
2104651,Governador Newton Bello,MA,0,182.573,4.0052,0.521,0.387,0.509,0.718,0.52,190.15,30.65,36.23,10.49,0.83,35.9953
2104677,Governador Nunes Freire,MA,0,181.3893,4.4066,0.569,0.472,0.54,0.722,0.56,230.94,26.99,25.39,14.36,3.45,62.7731
2104701,Graça Aranha,MA,0,319.4834,3.7966,0.57,0.459,0.538,0.748,0.53,227.51,30.44,30.1,15.22,2.3,47.4267
2104800,Grajaú,MA,0,418.7972,4.8494,0.609,0.497,0.603,0.754,0.61,340.1,18.98,22.14,17.9,3.35,59.6541
2104909,Guimarães,MA,0,55.2858,4.0779,0.625,0.592,0.535,0.772,0.56,223.14,30.96,15.79,26.06,4.1,57.189
2105005,Humberto de Campos,MA,0,92.7485,4.4645,0.535,0.455,0.443,0.759,0.64,125.91,53.44,23.6,12.37,2.24,40.1161
2105104,Icatu,MA,0,37.3393,4.4381,0.546,0.472,0.475,0.727,0.59,154.09,43.21,22.13,16.67,2.99,31.0837
2105153,Igarapé do Meio,MA,0,157.3433,4.1605,0.569,0.506,0.53,0.687,0.5,216.25,24.65,28.4,17.68,3.59,49.4582
2105203,Igarapé Grande,MA,0,245.0203,4.0589,0.614,0.536,0.578,0.747,0.52,292.16,15.75,28.55,22.39,3.62,60.3569
2105302,Imperatriz,MA,0,485.197,5.4149,0.731,0.698,0.697,0.803,0.56,613.87,3.51,10.87,42.82,7.93,94.7646
2105351,Itaipava do Grajaú,MA,0,334.5119,4.2084,0.518,0.419,0.456,0.726,0.55,136.77,45.49,34.13,9.78,1.25,30.0483
2105401,Itapecuru Mirim,MA,0,96.6265,4.8403,0.599,0.539,0.534,0.747,0.56,221.87,30.38,27.09,23.07,2.9,55.8171
2105427,Itinga do Maranhão,MA,0,417.4106,4.4172,0.63,0.545,0.601,0.764,0.52,336.91,12.31,23.48,19.12,3.79,70.9488
2105450,Jatobá,MA,0,365.6869,4.0197,0.561,0.481,0.522,0.702,0.57,206.58,36.01,32.4,15.48,2.4,43.8658
2105476,Jenipapo dos Vieiras,MA,0,348.561,4.2336,0.49,0.346,0.445,0.766,0.67,127.24,54.26,34.07,11.95,2.26,16.3148
2105500,João Lisboa,MA,0,473.6177,4.3743,0.641,0.573,0.585,0.785,0.44,303.91,10.77,22.32,25.24,3.37,75.2466
2105609,Joselândia,MA,0,275.032,4.2103,0.561,0.445,0.533,0.743,0.57,221.23,33.6,33.69,13.66,3.05,38.6185
2105658,Junco do Maranhão,MA,0,210.1019,3.6369,0.552,0.443,0.55,0.69,0.52,244.54,22.11,27.16,18.77,4.58,70.1244
2105708,Lago da Pedra,MA,0,244.0052,4.7072,0.589,0.502,0.561,0.724,0.55,263.13,21.54,30.58,17.25,2.61,65.1997
2105807,Lago do Junco,MA,0,245.4905,4.0374,0.581,0.492,0.537,0.741,0.6,226.69,32.17,32.97,18.8,4.76,36.4712
2105906,Lago Verde,MA,0,181.9793,4.214,0.557,0.466,0.508,0.731,0.51,188.31,28.41,33.02,15.9,2.84,32.7797
2105922,Lagoa do Mato,MA,0,399.8979,4.0523,0.566,0.475,0.525,0.726,0.52,210.29,31.48,33.04,15.83,2.95,40.7262
2105948,Lago dos Rodrigues,MA,0,243.2856,3.9465,0.602,0.534,0.555,0.737,0.47,252.89,16.05,30.06,21.04,2.34,62.2145
2105963,Lagoa Grande do Maranhão,MA,0,299.3261,4.062,0.502,0.36,0.48,0.731,0.54,158.3,37.9,35.34,9.92,1.68,52.2868
2105989,Lajeado Novo,MA,0,507.4363,3.8838,0.589,0.494,0.561,0.738,0.6,263.2,28.56,18.57,16.32,2.29,46.1361
2106003,Lima Campos,MA,0,221.558,4.0771,0.581,0.481,0.578,0.705,0.56,292.37,23.14,31.05,17.76,2.83,59.4677
2106102,Loreto,MA,0,515.8233,4.0889,0.582,0.495,0.516,0.771,0.54,198.73,34.48,22.29,17.46,2.91,55.8385
2106201,Luís Domingues,MA,0,222.5068,3.8461,0.588,0.512,0.541,0.734,0.6,232.06,33.85,19.44,22.05,4.33,84.5315
2106300,Magalhães de Almeida,MA,0,251.8743,4.306,0.567,0.499,0.502,0.729,0.59,181.73,39.39,30.45,20.67,2.51,50.9638
2106326,Maracaçumé,MA,0,191.948,4.3379,0.582,0.501,0.546,0.719,0.47,239.38,18.28,25.47,18.96,1.96,82.6364
2106359,Marajá do Sena,MA,0,265.4782,3.8897,0.452,0.299,0.4,0.774,0.62,96.25,60.72,39.98,6.86,1.79,14.3833
2106375,Maranhãozinho,MA,0,176.1652,4.2241,0.55,0.465,0.497,0.719,0.51,176.36,30.36,27.58,17.05,2.37,64.1308
2106409,Mata Roma,MA,0,178.0667,4.2336,0.57,0.494,0.483,0.776,0.57,161.49,39.4,28.48,20.61,1.07,47.0759
2106508,Matinha,MA,0,103.4182,4.3727,0.619,0.56,0.579,0.731,0.64,294.51,27.83,18.79,26.68,3.82,40.5894
2106607,Matões,MA,0,354.0843,4.5327,0.55,0.434,0.519,0.739,0.56,202.66,34.73,35.77,13.94,2.59,43.9626
2106631,Matões do Norte,MA,0,125.0087,4.2384,0.533,0.436,0.452,0.768,0.57,133.33,41.86,34.03,15.38,2.97,33.9205
2106672,Milagres do Maranhão,MA,0,220.7583,3.9295,0.527,0.413,0.465,0.764,0.54,144.42,43.45,35.38,11.46,2.1,21.6802
2106706,Mirador,MA,0,427.6802,4.3231,0.545,0.451,0.485,0.74,0.64,163.97,50.29,29.53,15.64,2.81,45.8293
2106755,Miranda do Norte,MA,0,118.9438,4.4642,0.61,0.55,0.55,0.751,0.47,245.25,18.0,21.08,27.51,3.24,79.9075
2106805,Mirinzal,MA,0,75.1129,4.1778,0.622,0.582,0.546,0.756,0.51,239.0,24.47,16.7,26.19,4.17,63.5181
2106904,Monção,MA,0,150.2114,4.53,0.546,0.464,0.499,0.704,0.52,178.1,30.98,27.56,13.43,2.26,37.0502
2107001,Montes Altos,MA,0,478.4219,3.9573,0.575,0.486,0.534,0.732,0.56,221.57,33.15,19.77,22.31,3.09,54.4566
2107100,Morros,MA,0,46.2078,4.2946,0.548,0.48,0.485,0.706,0.58,164.07,42.93,29.78,21.77,3.97,37.7889
2107209,Nina Rodrigues,MA,0,112.3201,4.171,0.585,0.547,0.474,0.774,0.62,152.75,46.2,28.43,24.56,4.42,35.6146
2107258,Nova Colinas,MA,0,554.5694,3.7379,0.566,0.481,0.502,0.749,0.54,181.59,36.67,22.53,17.11,3.23,45.2405
2107308,Nova Iorque,MA,0,467.9811,3.6704,0.584,0.489,0.558,0.729,0.53,257.61,24.85,30.8,18.26,5.48,62.658
2107357,Nova Olinda do Maranhão,MA,0,159.0559,4.3269,0.581,0.484,0.536,0.755,0.47,225.16,19.1,27.87,18.01,2.09,61.9944
2107407,Olho d'Água das Cunhãs,MA,0,200.4618,4.2926,0.589,0.491,0.551,0.754,0.53,247.36,23.16,34.43,17.92,3.92,51.5671
2107456,Olinda Nova do Maranhão,MA,0,93.898,4.1752,0.575,0.531,0.495,0.724,0.6,173.63,44.77,25.88,20.2,2.37,45.3759
2107506,Paço do Lumiar,MA,0,22.1354,5.0978,0.724,0.739,0.646,0.796,0.49,444.5,7.77,5.76,54.96,5.98,74.9717
2107605,Palmeirândia,MA,0,68.5971,4.2975,0.556,0.492,0.488,0.715,0.57,167.06,40.37,26.15,15.04,1.23,18.4342
2107704,Paraibano,MA,0,435.0314,4.3339,0.58,0.473,0.572,0.723,0.54,281.23,23.72,30.64,16.23,3.57,78.3266
2107803,Parnarama,MA,0,375.2563,4.5454,0.542,0.416,0.504,0.758,0.55,183.8,38.17,35.89,14.06,1.89,39.1199
2107902,Passagem Franca,MA,0,409.0064,4.2845,0.532,0.401,0.525,0.717,0.55,210.4,31.68,35.41,13.32,2.76,59.5832
2108009,Pastos Bons,MA,0,453.3953,4.2943,0.61,0.559,0.54,0.753,0.55,230.94,28.56,24.41,20.01,3.46,68.1187
2108058,Paulino Neves,MA,0,195.7633,4.2121,0.561,0.511,0.481,0.72,0.62,159.46,46.26,30.06,16.13,4.11,32.0545
2108108,Paulo Ramos,MA,0,237.3285,4.3241,0.549,0.447,0.546,0.677,0.58,239.23,26.77,36.33,14.8,2.75,53.912
2108207,Pedreiras,MA,0,229.0836,4.5928,0.682,0.621,0.644,0.792,0.59,441.42,12.11,19.23,31.64,4.93,83.4947
2108256,Pedro do Rosário,MA,0,126.1553,4.4076,0.516,0.415,0.475,0.696,0.58,154.0,42.76,28.65,11.97,2.08,25.9106
2108306,Penalva,MA,0,129.1721,4.5909,0.554,0.472,0.519,0.693,0.51,201.99,28.63,20.8,18.28,1.53,48.4227
2108405,Peri Mirim,MA,0,61.5306,4.1575,0.599,0.572,0.506,0.744,0.53,186.95,35.05,22.49,21.83,1.18,26.5739
2108454,Peritoró,MA,0,204.4375,4.3716,0.564,0.464,0.499,0.774,0.6,178.51,39.96,36.67,14.71,2.29,36.5643
2108504,Pindaré-Mirim,MA,0,166.7834,4.521,0.633,0.592,0.568,0.755,0.51,274.84,18.31,20.06,27.58,3.89,71.9601
2108603,Pinheiro,MA,0,87.321,4.9251,0.637,0.579,0.579,0.771,0.51,292.88,19.22,17.8,25.79,3.91,59.4752
2108702,Pio XII,MA,0,179.1572,4.3278,0.541,0.408,0.535,0.727,0.53,223.37,27.79,31.5,14.29,3.95,56.5907
2108801,Pirapemas,MA,0,132.9299,4.2745,0.576,0.514,0.501,0.741,0.6,181.05,40.84,30.09,20.01,4.47,64.1275
2108900,Poção de Pedras,MA,0,257.0888,4.2386,0.576,0.481,0.543,0.732,0.54,234.72,27.78,31.61,14.96,3.17,42.5107
2109007,Porto Franco,MA,0,545.4431,4.3855,0.684,0.606,0.664,0.796,0.57,497.56,9.32,15.4,31.19,7.16,78.3372
2109056,Porto Rico do Maranhão,MA,0,81.4648,3.7735,0.615,0.561,0.538,0.772,0.52,227.87,25.13,15.45,21.78,3.59,39.9834
2109106,Presidente Dutra,MA,0,306.6043,4.6836,0.653,0.563,0.628,0.788,0.56,398.15,12.42,21.59,26.55,5.93,71.5388
2109205,Presidente Juscelino,MA,0,50.4535,4.1119,0.563,0.532,0.452,0.743,0.61,133.03,51.89,28.34,24.4,2.88,35.6988
2109239,Presidente Médici,MA,0,169.9717,3.8527,0.591,0.522,0.518,0.762,0.52,201.15,27.0,25.72,21.38,4.13,61.2488
2109270,Presidente Sarney,MA,0,119.4452,4.2837,0.557,0.472,0.486,0.752,0.51,164.13,35.86,30.36,12.15,1.65,24.9811
2109304,Presidente Vargas,MA,0,101.114,4.0542,0.587,0.56,0.47,0.768,0.61,149.19,50.19,28.75,25.21,3.47,42.7452
2109403,Primeira Cruz,MA,0,95.0619,4.1916,0.512,0.414,0.448,0.722,0.6,129.85,49.79,26.12,14.29,2.33,30.7367
2109452,Raposa,MA,0,25.2967,4.4995,0.626,0.587,0.568,0.735,0.48,274.0,15.47,15.27,26.53,2.65,63.338
2109502,Riachão,MA,0,595.8941,4.3072,0.576,0.442,0.572,0.757,0.6,281.53,29.23,20.09,11.64,2.66,50.4973
2109551,Ribamar Fiquene,MA,0,510.0338,3.8954,0.615,0.527,0.592,0.744,0.57,317.75,18.36,21.84,18.18,2.12,50.246
2109601,Rosário,MA,0,45.8945,4.6359,0.632,0.592,0.566,0.752,0.51,271.65,20.14,18.1,30.92,3.08,58.7528
2109700,Sambaíba,MA,0,525.1633,3.7548,0.565,0.456,0.542,0.728,0.55,233.92,25.43,22.05,15.83,2.93,51.6858
2109759,Santa Filomena do Maranhão,MA,0,331.3273,3.8964,0.525,0.435,0.461,0.722,0.58,140.76,49.12,31.5,10.21,1.11,32.4742
2109809,Santa Helena,MA,0,116.6858,4.6317,0.571,0.471,0.531,0.746,0.5,217.94,25.23,22.82,19.06,2.68,50.0588
2109908,Santa Inês,MA,0,173.4481,4.9539,0.674,0.615,0.633,0.788,0.53,411.04,9.26,17.59,31.84,5.34,94.7142
2110005,Santa Luzia,MA,0,220.334,4.8639,0.55,0.452,0.525,0.7,0.58,210.3,33.69,33.3,15.35,2.52,34.8298
2110039,Santa Luzia do Paruá,MA,0,164.2527,4.4063,0.599,0.51,0.583,0.723,0.52,301.39,15.83,23.86,19.31,2.57,55.6041
2110104,Santa Quitéria do Maranhão,MA,0,220.6118,4.413,0.555,0.458,0.49,0.76,0.51,168.77,33.72,32.83,18.53,2.66,48.443
2110203,Santa Rita,MA,0,67.0097,4.5881,0.609,0.551,0.553,0.743,0.53,249.26,27.0,22.12,22.17,2.52,46.0823
2110237,Santana do Maranhão,MA,0,220.3847,4.1368,0.51,0.394,0.445,0.758,0.57,127.77,47.14,34.33,8.96,0.85,15.7962
2110278,Santo Amaro do Maranhão,MA,0,115.8691,4.21,0.518,0.416,0.454,0.738,0.62,135.04,50.78,24.54,12.73,1.68,26.2663
2110302,Santo Antônio dos Lopes,MA,0,260.5065,4.1618,0.566,0.465,0.547,0.714,0.57,240.2,28.46,30.57,17.48,5.32,40.1176
2110401,São Benedito do Rio Preto,MA,0,123.2994,4.2734,0.541,0.452,0.468,0.749,0.62,147.34,49.14,31.01,18.73,1.47,62.0765
2110500,São Bento,MA,0,61.7139,4.6627,0.602,0.545,0.525,0.762,0.55,210.47,31.08,19.71,23.7,1.56,57.7082
2110609,São Bernardo,MA,0,227.9014,4.4598,0.572,0.479,0.514,0.762,0.59,196.57,36.03,29.24,16.19,3.8,44.5687
2110658,São Domingos do Azeitão,MA,0,476.6875,3.872,0.59,0.486,0.576,0.732,0.69,288.68,32.69,29.99,20.04,2.77,71.044
2110708,São Domingos do Maranhão,MA,0,337.5026,4.5364,0.582,0.504,0.549,0.713,0.6,243.74,30.09,27.83,17.16,4.19,51.5161
2110807,São Félix de Balsas,MA,0,509.4342,3.6571,0.557,0.43,0.517,0.778,0.57,199.47,35.58,29.59,15.78,2.89,34.6236
2110856,São Francisco do Brejão,MA,0,448.5839,4.0821,0.584,0.479,0.556,0.748,0.51,253.78,21.26,26.65,15.61,2.38,47.1299
2110906,São Francisco do Maranhão,MA,0,443.1749,4.0873,0.528,0.4,0.503,0.733,0.57,182.63,40.44,36.08,12.36,2.25,33.7889
2111003,São João Batista,MA,0,73.846,4.3167,0.598,0.577,0.493,0.752,0.63,171.53,45.59,22.03,25.04,2.74,26.8273
2111029,São João do Carú,MA,0,245.5779,4.1978,0.509,0.397,0.487,0.684,0.53,165.38,34.95,34.87,11.51,0.81,51.3689
2111052,São João do Paraíso,MA,0,533.3494,4.0495,0.609,0.542,0.554,0.753,0.53,251.04,22.29,21.15,21.26,3.35,48.7886
2111078,São João do Soter,MA,0,292.1991,4.2729,0.517,0.401,0.486,0.711,0.52,165.1,37.0,39.71,9.55,1.81,38.5544
2111102,São João dos Patos,MA,0,445.9375,4.416,0.615,0.522,0.613,0.726,0.56,362.47,16.92,24.13,17.33,4.33,82.5056
2111201,São José de Ribamar,MA,0,26.8344,5.2561,0.708,0.7,0.642,0.79,0.51,435.4,7.41,6.7,47.6,5.77,23.128
2111250,São José dos Basílios,MA,0,281.6302,3.883,0.557,0.48,0.501,0.719,0.55,180.77,37.54,32.47,16.54,1.44,40.1014
2111300,São Luís,MA,1,0.0,6.0476,0.768,0.752,0.741,0.813,0.61,805.36,4.53,4.65,56.05,13.73,94.4508
2111409,São Luís Gonzaga do Maranhão,MA,0,208.7879,4.2695,0.54,0.438,0.503,0.716,0.55,182.83,35.78,35.51,14.07,2.89,39.1803
2111508,São Mateus do Maranhão,MA,0,168.159,4.6207,0.616,0.515,0.627,0.723,0.68,396.29,23.7,31.39,18.81,2.43,73.4454
2111532,São Pedro da Água Branca,MA,0,538.8282,4.1065,0.605,0.523,0.577,0.735,0.53,289.7,14.53,28.44,20.44,3.11,89.0589
2111573,São Pedro dos Crentes,MA,0,538.1129,3.6721,0.6,0.524,0.558,0.738,0.51,257.76,22.8,19.1,20.1,3.29,55.0734
2111607,São Raimundo das Mangabeiras,MA,0,516.8347,4.2808,0.61,0.521,0.583,0.749,0.55,301.25,19.08,20.24,20.38,3.99,71.7237
2111631,São Raimundo do Doca Bezerra,MA,0,298.9241,3.7014,0.516,0.41,0.478,0.7,0.54,156.4,38.58,38.05,12.62,2.38,28.4236
2111672,São Roberto,MA,0,286.8972,3.8361,0.516,0.391,0.475,0.738,0.54,153.65,39.74,34.74,13.57,1.91,47.7589
2111706,São Vicente Ferrer,MA,0,76.6275,4.3513,0.592,0.541,0.504,0.762,0.62,184.71,41.57,26.28,21.8,2.52,26.0317
2111722,Satubinha,MA,0,196.8557,4.1545,0.493,0.369,0.45,0.72,0.58,131.73,44.53,30.35,9.19,1.13,30.3086
2111748,Senador Alexandre Costa,MA,0,304.6534,4.0525,0.538,0.435,0.52,0.689,0.51,203.17,30.37,34.08,16.19,2.66,60.1014
2111763,Senador La Rocque,MA,0,463.4347,4.1455,0.602,0.515,0.57,0.743,0.53,277.19,18.87,29.58,18.75,4.5,48.5554
2111789,Serrano do Maranhão,MA,0,118.0668,4.0146,0.519,0.433,0.44,0.735,0.59,123.44,48.68,32.56,12.51,1.24,38.638
2111805,Sítio Novo,MA,0,456.5854,4.261,0.564,0.456,0.509,0.774,0.59,190.06,38.47,20.95,15.39,3.53,30.2259
2111904,Sucupira do Norte,MA,0,438.9867,4.0266,0.579,0.505,0.526,0.731,0.59,210.88,35.5,25.86,18.86,3.19,47.3382
2111953,Sucupira do Riachão,MA,0,440.3124,3.7553,0.568,0.447,0.538,0.761,0.51,226.96,24.56,32.99,14.32,2.37,62.0421
2112001,Tasso Fragoso,MA,0,680.4584,3.9366,0.599,0.491,0.562,0.777,0.58,264.76,27.43,17.8,16.14,2.6,59.6203
2112100,Timbiras,MA,0,195.586,4.466,0.537,0.427,0.498,0.73,0.62,177.46,41.53,37.82,14.61,2.95,62.4031
2112209,Timon,MA,0,328.5938,5.2338,0.649,0.579,0.614,0.768,0.5,365.26,9.62,17.26,28.76,4.79,86.9246
2112233,Trizidela do Vale,MA,0,229.2845,4.3468,0.606,0.534,0.565,0.738,0.46,269.74,14.71,24.81,22.34,1.45,85.3163
2112274,Tufilândia,MA,0,195.4476,3.7685,0.555,0.481,0.502,0.709,0.48,181.75,26.98,34.12,14.86,3.35,48.8206
2112308,Tuntum,MA,0,304.7014,4.6257,0.572,0.483,0.534,0.726,0.57,221.27,31.92,29.84,16.26,2.55,45.752
2112407,Turiaçu,MA,0,152.8885,4.554,0.561,0.461,0.493,0.776,0.59,171.5,41.61,24.84,14.66,1.78,32.2135
2112456,Turilândia,MA,0,117.0378,4.4168,0.536,0.402,0.495,0.774,0.52,174.09,32.69,30.36,11.92,1.33,45.3165
2112506,Tutóia,MA,0,225.9659,4.7776,0.561,0.451,0.543,0.722,0.56,235.35,28.75,28.94,14.43,2.39,35.3868
2112605,Urbano Santos,MA,0,124.5343,4.5288,0.588,0.522,0.506,0.77,0.6,186.07,38.12,30.0,23.65,2.23,70.7036
2112704,Vargem Grande,MA,0,120.0217,4.762,0.542,0.425,0.487,0.768,0.59,165.37,41.19,32.02,15.41,1.61,54.0091
2112803,Viana,MA,0,108.923,4.7231,0.618,0.548,0.567,0.758,0.57,272.76,23.39,17.79,24.08,3.9,54.3781
2112852,Vila Nova dos Martírios,MA,0,518.1612,4.1399,0.581,0.491,0.555,0.718,0.45,252.89,13.22,28.17,17.7,0.89,54.9654
2112902,Vitória do Mearim,MA,0,123.2553,4.5179,0.596,0.534,0.54,0.733,0.56,230.76,29.47,25.05,17.83,2.3,47.4453
2113009,Vitorino Freire,MA,0,222.037,4.4986,0.57,0.477,0.563,0.688,0.57,265.69,25.55,32.75,17.39,4.84,51.0961
2114007,Zé Doca,MA,0,172.1605,4.7176,0.595,0.505,0.559,0.745,0.52,259.21,21.13,24.21,19.43,3.03,61.5152
2200053,Acauã,PI,0,397.0174,3.8524,0.528,0.411,0.517,0.692,0.5,199.35,32.12,30.41,11.54,1.81,13.3501
2200103,Agricolândia,PI,0,80.496,3.7095,0.599,0.526,0.55,0.742,0.49,245.68,24.0,27.47,21.3,3.5,70.6552
2200202,Água Branca,PI,0,91.6808,4.2437,0.639,0.569,0.6,0.763,0.49,335.63,14.39,24.14,27.76,4.79,88.3776
2200251,Alagoinha do Piauí,PI,0,297.4032,3.8852,0.531,0.391,0.535,0.716,0.51,222.87,28.91,44.4,12.45,2.93,36.3574
2200277,Alegrete do Piauí,PI,0,322.4556,3.6921,0.585,0.475,0.564,0.749,0.5,268.12,22.97,35.26,17.24,4.48,55.0553
2200301,Alto Longá,PI,0,68.3827,4.1575,0.585,0.47,0.567,0.751,0.58,272.28,27.19,32.83,15.86,1.7,49.2012
2200400,Altos,PI,0,38.5375,4.6094,0.614,0.512,0.59,0.767,0.55,314.48,18.61,26.04,22.95,4.47,70.5476
2200459,Alvorada do Gurguéia,PI,0,391.1894,3.7379,0.578,0.496,0.52,0.749,0.6,203.23,39.72,25.8,18.17,5.24,36.6139
2200509,Amarante,PI,0,129.1272,4.2457,0.598,0.497,0.574,0.75,0.53,284.71,23.92,27.95,22.11,4.77,51.1935
2200608,Angical do Piauí,PI,0,111.5022,3.8312,0.63,0.555,0.61,0.737,0.6,356.17,21.6,24.89,20.92,4.55,78.1475
2200707,Anísio de Abreu,PI,0,455.3338,3.9997,0.594,0.512,0.534,0.768,0.52,221.91,32.14,29.18,18.54,5.06,49.4944
2200806,Antônio Almeida,PI,0,282.6824,3.5017,0.62,0.527,0.579,0.781,0.51,293.53,20.76,24.8,22.86,8.13,73.182
2200905,Aroazes,PI,0,159.5838,3.7648,0.583,0.468,0.563,0.752,0.52,265.91,22.62,30.77,17.06,3.73,59.3528
2200954,Aroeiras do Itaim,PI,0,279.7889,3.4067,0.519,0.378,0.502,0.738,0.48,182.29,30.94,36.64,7.26,0.6,9.7541
2201002,Arraial,PI,0,176.4834,3.6733,0.56,0.449,0.514,0.761,0.55,195.46,35.53,31.52,15.18,4.21,51.8985
2201051,Assunção do Piauí,PI,0,212.6168,3.8965,0.499,0.382,0.462,0.706,0.57,141.79,48.32,39.32,9.1,2.07,45.022
2201101,Avelino Lopes,PI,0,575.1466,4.0554,0.554,0.442,0.532,0.722,0.56,218.97,32.35,23.12,15.85,3.42,60.6668
2201150,Baixa Grande do Ribeiro,PI,0,406.7038,4.0701,0.564,0.446,0.537,0.751,0.56,225.94,30.2,20.62,14.87,2.66,61.687
2201176,Barra d'Alcântara,PI,0,177.1277,3.5969,0.577,0.471,0.526,0.777,0.51,211.18,32.35,31.12,15.34,2.15,52.7518
2201200,Barras,PI,0,109.4789,4.6748,0.595,0.485,0.558,0.779,0.51,257.99,20.74,32.16,18.73,4.42,49.3333
2201309,Barreiras do Piauí,PI,0,613.0103,3.5258,0.557,0.423,0.56,0.73,0.53,260.79,21.75,20.38,19.76,5.85,57.9777
2201408,Barro Duro,PI,0,86.9551,3.8465,0.612,0.514,0.611,0.729,0.51,359.06,10.02,27.69,19.52,3.53,72.4837
2201507,Batalha,PI,0,143.515,4.4306,0.545,0.398,0.54,0.755,0.54,230.66,29.85,35.73,12.55,2.17,37.274
2201556,Bela Vista do Piauí,PI,0,337.0651,3.6068,0.576,0.519,0.52,0.709,0.59,203.61,36.9,22.61,16.98,2.96,32.901
2201572,Belém do Piauí,PI,0,325.0003,3.5571,0.551,0.448,0.537,0.696,0.53,226.26,25.72,36.69,14.01,2.76,48.8124
2201606,Beneditinos,PI,0,62.6888,4.0203,0.557,0.394,0.561,0.78,0.55,263.09,28.99,32.71,10.59,3.41,63.1722
2201705,Bertolínia,PI,0,309.8981,3.7413,0.612,0.507,0.596,0.758,0.53,325.94,20.27,24.93,19.75,6.07,73.2092
2201739,Betânia do Piauí,PI,0,406.1216,3.7934,0.489,0.342,0.486,0.702,0.54,164.69,42.15,38.63,10.61,2.14,27.8969
2201770,Boa Hora,PI,0,106.5368,3.8356,0.575,0.46,0.534,0.772,0.51,221.27,24.45,37.91,14.64,4.13,24.2058
2201804,Bocaina,PI,0,264.6809,3.6541,0.632,0.532,0.614,0.773,0.58,366.07,23.57,22.86,23.34,6.84,39.9634
2201903,Bom Jesus,PI,0,475.1313,4.408,0.668,0.562,0.665,0.799,0.62,501.14,15.83,18.17,31.85,10.47,77.8779
2201919,Bom Princípio do Piauí,PI,0,247.0244,3.7536,0.532,0.372,0.526,0.77,0.57,211.44,33.09,34.36,11.91,2.78,31.184
2201929,Bonfim do Piauí,PI,0,453.7738,3.7559,0.542,0.415,0.542,0.707,0.45,233.05,22.6,33.23,12.66,3.1,30.3171
2201945,Boqueirão do Piauí,PI,0,102.4864,3.8091,0.56,0.434,0.555,0.729,0.5,253.4,25.65,32.8,13.31,2.28,43.0486
2201960,Brasileira,PI,0,154.287,3.9224,0.577,0.446,0.572,0.752,0.48,281.71,20.72,36.63,13.1,3.01,43.7233
2201988,Brejo do Piauí,PI,0,347.0196,3.5825,0.515,0.354,0.531,0.725,0.52,218.15,26.39,38.08,10.65,1.89,37.039
2202000,Buriti dos Lopes,PI,0,236.7232,4.2974,0.565,0.452,0.544,0.735,0.54,236.13,26.43,29.63,15.42,3.89,53.9688
2202026,Buriti dos Montes,PI,0,190.2946,3.9181,0.574,0.46,0.527,0.78,0.57,212.72,37.07,32.29,13.82,3.42,30.3612
2202059,Cabeceiras do Piauí,PI,0,87.8007,4.0282,0.583,0.476,0.54,0.769,0.53,229.86,28.73,33.63,13.42,2.53,16.6902
2202075,Cajazeiras do Piauí,PI,0,195.2043,3.5546,0.562,0.449,0.525,0.752,0.49,210.45,25.86,30.61,15.4,3.89,33.2635
2202083,Cajueiro da Praia,PI,0,289.291,3.8867,0.546,0.4,0.551,0.739,0.63,246.88,30.61,32.67,13.05,3.16,37.6797
2202091,Caldeirão Grande do Piauí,PI,0,346.0465,3.7624,0.588,0.486,0.561,0.744,0.53,262.36,23.6,34.75,15.0,3.53,29.307
2202109,Campinas do Piauí,PI,0,303.3185,3.7504,0.544,0.397,0.524,0.776,0.55,209.0,36.69,27.68,11.64,2.49,33.4135
2202117,Campo Alegre do Fidalgo,PI,0,381.089,3.707,0.537,0.385,0.528,0.762,0.65,213.61,44.8,32.83,11.6,3.15,26.0814
2202133,Campo Grande do Piauí,PI,0,300.6867,3.7772,0.56,0.446,0.545,0.721,0.48,237.66,24.44,36.39,12.17,2.16,28.0579
2202174,Campo Largo do Piauí,PI,0,143.5415,3.8658,0.528,0.401,0.479,0.766,0.54,158.02,41.44,38.09,13.79,3.4,21.0201
2202208,Campo Maior,PI,0,76.2991,4.6716,0.656,0.566,0.629,0.793,0.53,401.74,9.49,22.12,26.96,7.26,74.1993
2202251,Canavieira,PI,0,307.1136,3.5953,0.583,0.485,0.525,0.778,0.51,209.47,32.09,26.93,17.89,2.6,44.3254
2202307,Canto do Buriti,PI,0,336.3681,4.3289,0.576,0.462,0.571,0.724,0.52,279.71,20.56,29.69,18.3,3.96,55.5944
2202406,Capitão de Campos,PI,0,118.2841,4.0596,0.583,0.465,0.552,0.773,0.51,248.79,27.12,31.42,14.32,2.42,57.9476
2202455,Capitão Gervásio Oliveira,PI,0,394.639,3.6156,0.553,0.464,0.503,0.725,0.56,182.53,40.19,31.92,13.21,2.35,29.9639
2202505,Caracol,PI,0,469.5918,4.0417,0.552,0.409,0.533,0.771,0.62,221.08,37.2,35.34,12.26,3.62,39.4438
2202539,Caraúbas do Piauí,PI,0,208.295,3.7716,0.505,0.347,0.48,0.775,0.58,158.13,45.59,43.83,7.52,1.38,17.5928
2202554,Caridade do Piauí,PI,0,355.7225,3.7077,0.541,0.426,0.52,0.715,0.53,203.34,32.55,32.22,16.02,3.79,32.7186
2202604,Castelo do Piauí,PI,0,141.7353,4.2948,0.587,0.473,0.566,0.754,0.48,270.82,18.36,28.55,16.06,4.8,62.6036
2202653,Caxingó,PI,0,210.9786,3.7385,0.488,0.329,0.498,0.708,0.52,177.35,35.63,43.76,8.84,1.45,19.1705
2202703,Cocal,PI,0,226.8181,4.4456,0.497,0.334,0.516,0.712,0.56,198.58,36.81,35.77,10.95,1.18,46.1668
2202711,Cocal de Telha,PI,0,109.0279,3.6909,0.555,0.399,0.55,0.78,0.51,245.15,26.2,33.4,9.53,1.75,58.9392
2202729,Cocal dos Alves,PI,0,222.4657,3.791,0.498,0.315,0.504,0.779,0.59,183.59,46.74,36.12,9.26,3.0,31.9813
2202737,Coivaras,PI,0,66.2297,3.6068,0.565,0.453,0.543,0.732,0.48,234.94,20.9,31.74,16.85,2.27,30.7793
2202752,Colônia do Gurguéia,PI,0,361.7829,3.8159,0.628,0.55,0.578,0.778,0.49,291.37,17.1,22.03,24.3,7.42,80.3512
2202778,Colônia do Piauí,PI,0,247.5957,3.8845,0.588,0.462,0.57,0.772,0.51,277.73,21.6,34.89,13.9,3.38,35.5711
2202802,Conceição do Canindé,PI,0,338.3966,3.6822,0.589,0.482,0.559,0.759,0.53,258.93,22.54,30.16,16.65,3.74,52.8045
2202851,Coronel José Dias,PI,0,416.4037,3.671,0.546,0.433,0.518,0.725,0.57,200.41,39.46,32.45,15.94,4.42,32.8342
2202901,Corrente,PI,0,649.576,4.4277,0.642,0.54,0.62,0.789,0.6,378.39,20.97,18.82,29.52,10.74,61.7664
2203008,Cristalândia do Piauí,PI,0,671.6676,3.9217,0.573,0.469,0.521,0.77,0.61,204.49,40.47,25.81,18.41,3.84,37.6069
2203107,Cristino Castro,PI,0,443.7404,4.0197,0.566,0.434,0.586,0.713,0.59,307.32,25.13,24.86,16.64,4.89,72.7582
2203206,Curimatá,PI,0,574.0155,4.0592,0.607,0.527,0.574,0.741,0.55,285.52,21.27,18.46,23.24,6.8,65.8303
2203230,Currais,PI,0,470.8086,3.6974,0.542,0.438,0.49,0.743,0.51,168.68,34.88,32.73,14.53,2.23,19.6429
2203255,Curralinhos,PI,0,59.4653,3.6508,0.555,0.438,0.512,0.762,0.53,193.65,32.68,31.07,17.01,2.23,31.8193
2203271,Curral Novo do Piauí,PI,0,370.6549,3.7316,0.527,0.422,0.506,0.685,0.58,186.24,37.49,35.45,10.93,3.15,28.322
2203305,Demerval Lobão,PI,0,33.5582,4.1418,0.618,0.515,0.588,0.781,0.48,311.48,12.84,25.45,21.89,3.13,81.8873
2203354,Dirceu Arcoverde,PI,0,474.1699,3.8479,0.561,0.436,0.563,0.718,0.52,265.3,26.24,28.81,16.83,2.81,35.4906
2203404,Dom Expedito Lopes,PI,0,244.0502,3.8414,0.601,0.488,0.583,0.762,0.52,300.31,17.1,26.7,18.23,4.27,54.3766
2203420,Domingos Mourão,PI,0,193.5364,3.6387,0.55,0.403,0.547,0.755,0.56,240.24,30.7,31.05,11.6,3.33,22.4672
2203453,Dom Inocêncio,PI,0,445.5527,3.9811,0.549,0.439,0.498,0.756,0.54,177.27,39.23,25.05,10.41,1.64,21.828
2203503,Elesbão Veloso,PI,0,144.3311,4.1629,0.58,0.45,0.573,0.758,0.48,283.38,19.6,35.87,14.84,4.68,69.763
2203602,Eliseu Martins,PI,0,347.9127,3.694,0.595,0.462,0.616,0.742,0.57,370.7,18.23,21.43,19.75,7.08,81.9078
2203701,Esperantina,PI,0,146.7034,4.6015,0.605,0.497,0.579,0.769,0.51,293.39,18.75,29.18,20.22,3.86,61.3181
2203750,Fartura do Piauí,PI,0,488.399,3.7267,0.548,0.441,0.506,0.738,0.52,186.85,36.24,33.07,14.36,3.79,26.3303
2203800,Flores do Piauí,PI,0,301.1178,3.6494,0.547,0.443,0.525,0.704,0.57,210.02,35.07,32.22,13.86,3.94,45.5108
2203859,Floresta do Piauí,PI,0,287.0526,3.4084,0.538,0.391,0.53,0.753,0.51,216.87,35.1,40.51,13.29,3.22,34.6898
2203909,Floriano,PI,0,188.6873,4.779,0.7,0.633,0.676,0.802,0.55,536.3,6.56,13.18,38.01,9.61,86.6181
2204006,Francinópolis,PI,0,157.4129,3.7279,0.564,0.475,0.523,0.722,0.56,206.73,36.88,34.26,17.96,3.65,62.5597
2204105,Francisco Ayres,PI,0,171.3725,3.6335,0.577,0.45,0.565,0.756,0.52,268.41,26.45,30.18,16.03,2.25,48.1126
2204154,Francisco Macedo,PI,0,333.874,3.5073,0.553,0.425,0.567,0.701,0.5,273.23,26.1,36.33,13.39,3.11,40.257
2204204,Francisco Santos,PI,0,281.1855,3.9742,0.608,0.498,0.598,0.754,0.51,330.49,17.5,27.99,17.31,4.82,46.3105
2204303,Fronteiras,PI,0,328.7583,4.0678,0.619,0.511,0.621,0.748,0.56,380.62,18.62,29.05,23.57,6.74,65.5573
2204352,Geminiano,PI,0,280.5383,3.7385,0.561,0.446,0.524,0.755,0.46,208.67,23.21,34.95,11.27,1.24,22.21
2204402,Gilbués,PI,0,597.6963,4.0293,0.548,0.38,0.574,0.753,0.68,285.45,37.16,23.0,15.75,5.56,57.5947
2204501,Guadalupe,PI,0,206.8389,4.021,0.65,0.542,0.639,0.794,0.5,426.79,7.18,18.79,22.8,5.02,95.8512
2204550,Guaribas,PI,0,488.897,3.6602,0.508,0.381,0.483,0.711,0.57,162.06,43.4,34.84,13.5,2.61,28.9707
2204600,Hugo Napoleão,PI,0,103.773,3.5888,0.599,0.524,0.528,0.776,0.52,214.09,30.11,32.05,22.08,5.1,82.1533
2204659,Ilha Grande,PI,0,271.2276,3.9771,0.563,0.472,0.534,0.708,0.51,221.81,22.87,26.74,19.69,4.19,83.5203
2204709,Inhuma,PI,0,213.4654,4.1855,0.624,0.56,0.562,0.772,0.52,263.73,23.7,27.35,21.2,4.77,49.0333
2204808,Ipiranga do Piauí,PI,0,226.5848,3.994,0.63,0.583,0.56,0.765,0.47,261.12,16.63,22.68,22.39,3.64,61.6061
2204907,Isaías Coelho,PI,0,319.6382,3.9336,0.582,0.41,0.628,0.767,0.79,397.98,39.39,34.79,12.98,4.05,22.6858
2205003,Itainópolis,PI,0,301.0081,4.0634,0.541,0.401,0.545,0.725,0.5,237.76,28.52,37.54,12.63,2.18,22.7743
2205102,Itaueira,PI,0,281.4626,4.0429,0.583,0.46,0.594,0.727,0.55,321.64,21.34,27.8,16.44,3.08,55.7127
2205151,Jacobina do Piauí,PI,0,362.5582,3.7572,0.535,0.416,0.509,0.724,0.52,190.04,35.64,36.3,12.96,2.03,17.8958
2205201,Jaicós,PI,0,311.6904,4.284,0.524,0.366,0.556,0.709,0.52,254.28,25.68,38.49,15.86,5.27,47.1749
2205250,Jardim do Mulato,PI,0,113.9216,3.6553,0.593,0.55,0.532,0.711,0.51,219.06,27.14,29.59,18.44,3.33,27.4542
2205276,Jatobá do Piauí,PI,0,114.5911,3.6889,0.566,0.442,0.525,0.78,0.46,209.21,26.21,30.4,11.84,1.76,19.0722
2205300,Jerumenha,PI,0,235.2006,3.6477,0.591,0.461,0.569,0.787,0.49,275.19,21.99,25.01,18.64,4.65,56.2415
2205359,João Costa,PI,0,380.782,3.4776,0.561,0.46,0.51,0.752,0.49,191.63,30.11,28.42,15.7,2.8,23.6824
2205409,Joaquim Pires,PI,0,187.8608,4.1582,0.522,0.384,0.485,0.765,0.6,163.33,45.4,36.31,9.08,2.39,30.8026
2205458,Joca Marques,PI,0,182.5872,3.7394,0.504,0.353,0.501,0.726,0.57,181.17,36.52,38.44,8.47,1.72,32.8824
2205508,José de Freitas,PI,0,43.8649,4.5961,0.618,0.512,0.591,0.781,0.57,316.27,20.25,24.53,20.29,2.7,58.2473
2205516,Juazeiro do Piauí,PI,0,122.406,3.7397,0.57,0.47,0.522,0.753,0.51,206.61,28.83,29.23,16.68,4.51,31.091
2205524,Júlio Borges,PI,0,603.8677,3.7523,0.582,0.508,0.5,0.777,0.53,179.61,36.78,18.16,19.9,5.33,30.1135
2205532,Jurema,PI,0,461.2866,3.6803,0.555,0.435,0.511,0.767,0.54,191.96,37.01,35.48,14.29,2.21,19.172
2205540,Lagoinha do Piauí,PI,0,85.7153,3.4579,0.597,0.488,0.561,0.776,0.53,262.04,20.9,27.22,16.51,3.14,59.5633
2205557,Lagoa Alegre,PI,0,67.5393,3.935,0.55,0.425,0.538,0.728,0.53,227.89,27.25,31.89,13.93,3.72,37.987
2205565,Lagoa do Barro do Piauí,PI,0,403.0091,3.6682,0.502,0.358,0.474,0.744,0.59,152.61,48.02,27.73,12.14,3.6,21.9766
2205573,Lagoa de São Francisco,PI,0,153.7047,3.8322,0.529,0.4,0.499,0.743,0.53,178.26,36.33,33.64,11.2,3.31,32.5755
2205581,Lagoa do Piauí,PI,0,40.1472,3.6113,0.583,0.464,0.548,0.778,0.47,242.33,22.08,27.04,15.26,3.48,43.2824
2205599,Lagoa do Sítio,PI,0,208.6838,3.7176,0.541,0.421,0.504,0.745,0.55,183.92,40.47,35.78,14.03,3.25,35.5258
2205607,Landri Sales,PI,0,272.5085,3.722,0.584,0.48,0.563,0.738,0.54,266.01,29.6,26.59,17.59,2.92,74.929
2205706,Luís Correia,PI,0,275.8843,4.4851,0.541,0.398,0.544,0.73,0.59,236.9,30.32,29.76,13.2,1.73,44.5152
2205805,Luzilândia,PI,0,187.036,4.4069,0.545,0.42,0.55,0.7,0.51,245.02,23.84,35.46,14.01,3.61,53.671
2205854,Madeiro,PI,0,181.2303,3.9228,0.563,0.489,0.472,0.772,0.53,150.89,40.57,33.11,18.88,3.88,43.0399
2205904,Manoel Emídio,PI,0,346.0629,3.7285,0.573,0.466,0.534,0.758,0.55,222.62,32.63,23.88,21.33,6.07,63.591
2205953,Marcolândia,PI,0,353.2269,3.934,0.562,0.438,0.578,0.7,0.49,291.91,12.45,34.12,16.19,4.16,85.8551
2206001,Marcos Parente,PI,0,255.8087,3.6576,0.59,0.494,0.58,0.717,0.48,295.66,17.55,25.31,19.78,4.43,86.2882
2206050,Massapê do Piauí,PI,0,323.2937,3.81,0.525,0.386,0.514,0.73,0.51,195.88,32.24,43.42,11.71,3.29,15.0482
2206100,Matias Olímpio,PI,0,155.3533,4.0406,0.562,0.438,0.521,0.779,0.52,204.46,28.79,34.28,15.84,3.49,45.7939
2206209,Miguel Alves,PI,0,102.5547,4.5302,0.539,0.396,0.533,0.742,0.6,220.05,35.92,38.0,12.01,2.66,33.1723
2206308,Miguel Leão,PI,0,66.7055,3.0931,0.623,0.533,0.579,0.782,0.52,294.48,18.81,28.65,21.4,3.72,68.7949
2206357,Milton Brandão,PI,0,156.3931,3.8197,0.508,0.357,0.476,0.772,0.55,154.73,43.95,37.21,8.52,3.39,25.1293
2206407,Monsenhor Gil,PI,0,55.7475,4.0238,0.615,0.524,0.568,0.781,0.5,273.95,20.05,24.74,18.45,4.17,51.3791
2206506,Monsenhor Hipólito,PI,0,289.5702,3.8913,0.561,0.404,0.591,0.739,0.53,315.6,22.01,34.83,14.77,4.65,47.1519
2206605,Monte Alegre do Piauí,PI,0,587.3319,4.026,0.578,0.474,0.531,0.768,0.57,217.23,30.39,23.7,19.36,4.6,28.8159
2206654,Morro Cabeça no Tempo,PI,0,529.1568,3.6558,0.542,0.435,0.472,0.774,0.58,150.52,45.63,25.1,12.25,3.09,34.5133
2206670,Morro do Chapéu do Piauí,PI,0,159.2582,3.8341,0.55,0.418,0.536,0.742,0.53,225.37,30.3,35.48,11.78,3.58,35.3593
2206696,Murici dos Portelas,PI,0,211.1409,3.9665,0.53,0.391,0.489,0.777,0.6,167.87,41.32,39.4,8.9,3.34,19.9551
2206704,Nazaré do Piauí,PI,0,209.6822,3.8637,0.576,0.51,0.531,0.707,0.56,218.07,34.62,31.15,16.82,2.91,47.8487
2206720,Nazária,PI,0,28.9918,3.9361,0.602,0.512,0.546,0.78,0.5,239.37,19.13,30.57,14.39,1.24,20.476
2206753,Nossa Senhora de Nazaré,PI,0,86.1371,3.6912,0.586,0.462,0.557,0.78,0.5,256.22,19.74,25.7,14.17,2.32,29.9166
2206803,Nossa Senhora dos Remédios,PI,0,123.4189,3.9421,0.533,0.411,0.503,0.732,0.48,183.4,28.3,36.04,14.04,1.41,45.0037
2206902,Novo Oriente do Piauí,PI,0,179.9325,3.8161,0.562,0.418,0.547,0.775,0.51,240.65,28.15,32.84,10.88,2.27,50.4771
2206951,Novo Santo Antônio,PI,0,98.9521,3.4791,0.528,0.392,0.536,0.702,0.56,224.54,34.64,37.54,11.41,2.62,28.0982
2207009,Oeiras,PI,0,227.1807,4.5698,0.634,0.547,0.619,0.753,0.58,376.95,18.68,25.51,24.21,6.51,61.72
2207108,Olho d'Água do Piauí,PI,0,88.2426,3.3939,0.576,0.477,0.537,0.746,0.56,225.8,33.14,20.91,19.75,3.14,40.5179
2207207,Padre Marcos,PI,0,328.1741,3.8375,0.541,0.427,0.531,0.699,0.52,217.66,30.35,41.08,12.4,2.65,35.3312
2207306,Paes Landim,PI,0,305.1025,3.6153,0.575,0.492,0.537,0.721,0.49,225.53,26.8,25.61,20.93,7.05,58.5366
2207355,Pajeú do Piauí,PI,0,307.5877,3.5335,0.559,0.427,0.56,0.732,0.6,261.36,35.27,33.06,10.9,2.42,42.4026
2207405,Palmeira do Piauí,PI,0,434.6514,3.7015,0.557,0.431,0.57,0.704,0.6,278.54,29.6,26.47,13.69,2.89,35.3295
2207504,Palmeirais,PI,0,103.3262,4.1653,0.562,0.443,0.515,0.776,0.59,197.04,38.83,31.85,14.44,1.62,38.865
2207553,Paquetá,PI,0,255.1536,3.5945,0.509,0.348,0.519,0.731,0.51,202.6,29.53,43.69,8.19,1.05,13.4314
2207603,Parnaguá,PI,0,605.0606,4.0353,0.575,0.464,0.526,0.777,0.56,211.44,32.77,25.96,16.57,4.62,51.956
2207702,Parnaíba,PI,0,268.1411,5.1871,0.687,0.604,0.658,0.816,0.57,479.58,7.96,16.47,33.73,8.76,94.3585
2207751,Passagem Franca do Piauí,PI,0,94.6517,3.6366,0.561,0.393,0.594,0.758,0.54,323.31,23.26,38.84,13.58,1.19,54.5974
2207777,Patos do Piauí,PI,0,335.6644,3.8075,0.563,0.448,0.529,0.755,0.5,215.75,29.44,39.43,14.48,3.83,27.6658
2207793,Pau d'Arco do Piauí,PI,0,49.6195,3.6111,0.514,0.376,0.488,0.742,0.6,167.01,49.0,34.78,9.65,0.79,14.799
2207801,Paulistana,PI,0,385.928,4.3135,0.6,0.472,0.596,0.767,0.6,327.06,25.58,30.09,20.5,6.38,53.859
2207850,Pavussu,PI,0,323.3029,3.5637,0.526,0.379,0.512,0.748,0.53,193.61,34.29,35.2,10.64,2.3,48.9489
2207900,Pedro II,PI,0,166.2651,4.589,0.571,0.428,0.566,0.767,0.58,270.17,26.27,31.11,15.31,5.01,60.4491
2207934,Pedro Laurentino,PI,0,336.3456,3.4067,0.562,0.496,0.479,0.746,0.55,157.24,42.27,22.3,18.04,2.7,34.0258
2207959,Nova Santa Rita,PI,0,342.6765,3.6427,0.554,0.425,0.52,0.77,0.62,202.99,42.6,29.29,11.88,3.7,16.8139
2208007,Picos,PI,0,266.543,4.8956,0.698,0.621,0.684,0.8,0.56,563.88,6.92,17.7,34.16,10.06,79.4222
2208106,Pimenteiras,PI,0,200.4085,4.0846,0.566,0.423,0.553,0.774,0.57,249.17,30.09,34.71,15.26,3.05,40.8676
2208205,Pio IX,PI,0,310.1668,4.267,0.564,0.44,0.538,0.758,0.56,227.79,31.12,31.11,13.08,4.09,29.9417
2208304,Piracuruca,PI,0,176.9722,4.4617,0.596,0.478,0.575,0.77,0.54,286.63,20.46,29.96,18.38,3.77,69.8545
2208403,Piripiri,PI,0,145.1403,4.805,0.635,0.533,0.621,0.775,0.55,380.67,14.22,26.3,21.97,5.08,72.0316
2208502,Porto,PI,0,133.2799,4.102,0.549,0.406,0.537,0.758,0.57,226.34,28.71,35.01,14.04,4.1,63.0663
2208551,Porto Alegre do Piauí,PI,0,259.9223,3.4358,0.563,0.452,0.539,0.732,0.49,228.65,24.69,27.64,18.08,5.92,70.4181
2208601,Prata do Piauí,PI,0,92.5456,3.4982,0.565,0.448,0.527,0.764,0.54,212.64,30.22,35.27,13.44,2.27,82.7229
2208650,Queimada Nova,PI,0,418.1711,3.9562,0.515,0.368,0.49,0.758,0.53,168.78,38.55,31.3,11.59,1.75,13.5157
2208700,Redenção do Gurguéia,PI,0,527.7271,3.9452,0.589,0.478,0.557,0.766,0.57,255.92,28.59,21.78,21.22,5.42,63.5119
2208809,Regeneração,PI,0,128.9893,4.2548,0.591,0.498,0.582,0.714,0.57,299.65,21.25,31.82,17.78,4.81,78.6341
2208858,Riacho Frio,PI,0,608.5571,3.6341,0.541,0.431,0.483,0.761,0.6,161.99,45.67,20.08,14.55,4.4,52.3933
2208874,Ribeira do Piauí,PI,0,289.7529,3.6531,0.52,0.368,0.505,0.758,0.58,185.05,41.37,30.47,10.91,3.47,24.1614
2208908,Ribeiro Gonçalves,PI,0,385.0539,3.8697,0.601,0.485,0.568,0.787,0.57,274.79,27.22,22.68,19.02,6.31,64.9963
2209005,Rio Grande do Piauí,PI,0,300.7892,3.8085,0.572,0.442,0.552,0.767,0.54,248.87,31.13,29.77,16.98,2.48,65.2638
2209104,Santa Cruz do Piauí,PI,0,259.5751,3.7962,0.601,0.53,0.57,0.72,0.49,278.49,20.32,35.88,21.77,6.46,67.4797
2209153,Santa Cruz dos Milagres,PI,0,123.4016,3.607,0.577,0.509,0.524,0.719,0.44,208.49,21.2,34.0,17.23,4.76,56.0622
2209203,Santa Filomena,PI,0,563.8887,3.7963,0.544,0.385,0.53,0.789,0.59,216.61,32.86,24.39,14.78,4.41,58.1365
2209302,Santa Luz,PI,0,453.2241,3.7711,0.588,0.49,0.539,0.768,0.51,228.71,24.62,26.42,19.47,3.97,56.394
2209351,Santana do Piauí,PI,0,251.2917,3.6675,0.574,0.476,0.539,0.736,0.47,228.52,23.7,30.34,15.02,3.35,39.4346
2209377,Santa Rosa do Piauí,PI,0,199.3368,3.7205,0.567,0.483,0.539,0.699,0.52,229.29,30.14,31.65,16.71,3.37,70.9847
2209401,Santo Antônio de Lisboa,PI,0,273.1653,3.8106,0.584,0.473,0.597,0.704,0.47,329.44,8.88,28.57,18.0,4.29,65.2572
2209450,Santo Antônio dos Milagres,PI,0,107.2952,3.3369,0.619,0.582,0.524,0.776,0.49,208.58,27.11,27.8,29.36,5.54,39.1938
2209500,Santo Inácio do Piauí,PI,0,277.6378,3.5808,0.613,0.546,0.543,0.776,0.52,235.42,30.41,29.75,19.99,2.97,62.966
2209559,São Braz do Piauí,PI,0,442.652,3.6488,0.596,0.514,0.533,0.771,0.53,220.96,33.26,30.41,17.71,2.36,23.6726
2209609,São Félix do Piauí,PI,0,121.3365,3.4658,0.61,0.52,0.587,0.742,0.52,309.48,17.57,34.11,18.19,3.61,53.4702
2209658,São Francisco de Assis do Piauí,PI,0,371.4485,3.7635,0.485,0.336,0.462,0.734,0.6,141.81,48.38,38.95,7.61,1.86,25.6691
2209708,São Francisco do Piauí,PI,0,241.7232,3.8073,0.57,0.448,0.557,0.744,0.54,256.79,23.88,32.1,14.64,3.66,31.4862
2209757,São Gonçalo do Gurguéia,PI,0,614.6781,3.4873,0.56,0.438,0.572,0.701,0.67,281.43,35.08,24.51,15.69,3.63,43.1504
2209807,São Gonçalo do Piauí,PI,0,101.1336,3.7028,0.616,0.588,0.538,0.739,0.55,227.37,32.24,27.6,25.75,7.18,69.5835
2209856,São João da Canabrava,PI,0,251.3131,3.6645,0.559,0.446,0.539,0.726,0.52,229.34,30.03,36.43,15.15,2.98,27.739
2209872,São João da Fronteira,PI,0,213.9378,3.7842,0.515,0.351,0.516,0.753,0.54,198.13,35.25,36.99,11.75,3.45,40.5136
2209906,São João da Serra,PI,0,110.7669,3.7858,0.582,0.478,0.545,0.757,0.57,237.11,33.98,38.26,16.52,4.64,55.9851
2209955,São João da Varjota,PI,0,228.8403,3.6863,0.559,0.46,0.536,0.708,0.57,224.99,32.98,35.38,15.5,3.93,29.8645
2209971,São João do Arraial,PI,0,146.8541,3.9077,0.523,0.401,0.496,0.72,0.55,174.82,41.12,36.29,9.34,2.71,50.4498
2210003,São João do Piauí,PI,0,367.801,4.3164,0.645,0.567,0.615,0.769,0.57,368.36,17.77,22.22,25.86,6.41,68.9073
2210052,São José do Divino,PI,0,178.785,3.7292,0.565,0.44,0.529,0.775,0.49,214.48,25.79,36.09,13.57,3.07,52.6418
2210102,São José do Peixe,PI,0,268.8674,3.5725,0.573,0.449,0.548,0.766,0.57,242.73,29.91,30.05,15.02,4.62,51.0541
2210201,São José do Piauí,PI,0,246.7016,3.8258,0.552,0.423,0.569,0.7,0.43,275.18,13.45,37.91,14.06,2.99,29.2672
2210300,São Julião,PI,0,311.075,3.8048,0.594,0.455,0.593,0.775,0.51,321.2,17.4,38.71,17.38,4.1,41.022
2210359,São Lourenço do Piauí,PI,0,455.2155,3.661,0.595,0.499,0.56,0.753,0.47,261.24,23.29,24.65,17.42,1.93,25.1412
2210375,São Luis do Piauí,PI,0,253.7495,3.4229,0.554,0.433,0.52,0.757,0.5,202.89,35.36,33.46,17.9,2.46,31.7845
2210383,São Miguel da Baixa Grande,PI,0,110.2386,3.3902,0.563,0.413,0.557,0.774,0.54,256.03,27.56,37.68,16.23,2.0,64.3602
2210391,São Miguel do Fidalgo,PI,0,281.9577,3.4824,0.535,0.407,0.505,0.747,0.55,185.84,34.99,32.94,13.17,3.06,36.4583
2210409,São Miguel do Tapuio,PI,0,170.8027,4.2459,0.556,0.434,0.508,0.78,0.57,189.01,40.28,36.03,11.63,1.59,36.8093
2210508,São Pedro do Piauí,PI,0,92.4682,4.157,0.595,0.492,0.553,0.776,0.56,249.23,30.59,29.58,20.17,4.8,60.0851
2210607,São Raimundo Nonato,PI,0,437.0647,4.5445,0.661,0.587,0.631,0.779,0.55,406.2,12.78,20.16,27.77,6.32,65.784
2210623,Sebastião Barros,PI,0,675.1582,3.5358,0.536,0.394,0.508,0.77,0.59,189.25,36.57,22.91,13.82,3.4,31.236
2210631,Sebastião Leal,PI,0,310.1394,3.6346,0.562,0.467,0.516,0.736,0.58,198.01,40.57,27.72,12.89,2.94,46.6958
2210656,Sigefredo Pacheco,PI,0,120.9495,4.0032,0.581,0.496,0.518,0.764,0.51,200.91,32.11,33.77,17.04,3.47,33.018
2210706,Simões,PI,0,355.4145,4.1663,0.575,0.44,0.56,0.771,0.51,261.23,20.01,30.25,14.99,5.3,40.1199
2210805,Simplício Mendes,PI,0,323.6404,4.1065,0.627,0.525,0.613,0.767,0.57,362.56,17.41,23.7,23.86,6.25,59.3111
2210904,Socorro do Piauí,PI,0,310.7451,3.6587,0.561,0.465,0.513,0.739,0.57,195.08,41.92,27.3,17.96,4.43,36.046
2210938,Sussuapara,PI,0,265.5132,3.8326,0.586,0.476,0.563,0.749,0.46,265.42,14.29,30.36,15.1,2.46,25.3973
2210953,Tamboril do Piauí,PI,0,368.6903,3.4682,0.501,0.36,0.509,0.685,0.54,189.63,34.66,36.05,14.29,1.61,54.9219
2210979,Tanque do Piauí,PI,0,177.5337,3.4442,0.579,0.499,0.553,0.704,0.48,250.37,23.58,28.53,18.35,4.02,47.2901
2211001,Teresina,PI,1,0.0,5.9401,0.751,0.707,0.731,0.82,0.61,757.57,4.44,9.1,45.78,14.06,94.2678
2211100,União,PI,0,55.9991,4.6498,0.577,0.453,0.542,0.781,0.52,232.7,24.75,28.74,15.1,3.1,49.1513
2211209,Uruçuí,PI,0,307.2947,4.3374,0.631,0.516,0.614,0.794,0.53,364.39,16.54,18.12,24.23,5.97,76.9517
2211308,Valença do Piauí,PI,0,187.4953,4.321,0.647,0.566,0.62,0.773,0.53,380.19,13.3,26.08,25.9,6.1,77.7231
2211357,Várzea Branca,PI,0,461.8363,3.6928,0.553,0.44,0.518,0.743,0.57,201.49,38.19,31.49,14.72,4.08,23.3462
2211407,Várzea Grande,PI,0,173.1018,3.6417,0.571,0.474,0.554,0.708,0.51,251.64,27.31,33.09,16.62,4.52,59.5249
2211506,Vera Mendes,PI,0,315.8426,3.4888,0.503,0.375,0.494,0.685,0.58,173.56,45.68,43.69,10.66,0.92,32.351
2211605,Vila Nova do Piauí,PI,0,307.9379,3.4676,0.565,0.471,0.559,0.685,0.6,259.38,31.43,30.17,16.96,4.45,24.6749
2211704,Wall Ferraz,PI,0,258.7311,3.6512,0.544,0.443,0.513,0.708,0.51,195.12,31.84,35.26,12.85,1.82,27.243
2300101,Abaiara,CE,0,407.1515,4.0779,0.628,0.612,0.54,0.748,0.48,229.74,20.96,29.4,28.03,2.78,43.3689
2300150,Acarape,CE,0,56.9873,4.1801,0.606,0.562,0.559,0.709,0.43,259.03,12.31,21.77,25.49,3.22,52.0407
2300200,Acaraú,CE,0,193.5882,4.8032,0.601,0.517,0.554,0.758,0.6,250.79,28.32,28.83,17.64,3.29,49.073
2300309,Acopiara,CE,0,280.3332,4.7379,0.595,0.517,0.563,0.724,0.57,266.65,29.5,32.87,15.96,2.52,49.312
2300408,Aiuaba,CE,0,358.4918,4.2451,0.569,0.474,0.518,0.749,0.53,200.6,30.97,34.14,16.13,3.01,24.3844
2300507,Alcântaras,CE,0,217.4445,4.0736,0.6,0.524,0.549,0.751,0.46,243.73,20.12,29.11,20.52,3.49,32.0119
2300606,Altaneira,CE,0,385.85,3.8872,0.602,0.515,0.547,0.774,0.55,240.97,28.68,31.83,18.09,3.54,72.3016
2300705,Alto Santo,CE,0,203.025,4.2062,0.601,0.499,0.563,0.774,0.48,265.07,17.8,30.13,16.07,2.24,49.1534
2300754,Amontada,CE,0,143.1705,4.6454,0.606,0.582,0.503,0.761,0.56,182.47,37.41,25.67,21.32,4.04,40.6479
2300804,Antonina do Norte,CE,0,373.1356,3.8693,0.599,0.506,0.55,0.772,0.51,244.83,21.79,32.61,18.25,3.0,71.5779
2300903,Apuiarés,CE,0,96.5247,4.1686,0.618,0.593,0.536,0.741,0.54,224.63,29.96,26.8,22.13,4.21,41.4506
2301000,Aquiraz,CE,0,30.0717,4.9116,0.641,0.55,0.608,0.788,0.48,352.6,8.09,20.83,24.11,4.09,92.3652
2301109,Aracati,CE,0,130.4048,4.8773,0.655,0.624,0.607,0.742,0.53,349.26,14.18,20.82,29.5,5.38,63.6721
2301208,Aracoiaba,CE,0,75.9082,4.4249,0.615,0.556,0.55,0.759,0.51,245.24,23.0,30.07,20.93,3.78,54.1018
2301257,Ararendá,CE,0,273.556,4.0407,0.59,0.516,0.522,0.763,0.53,205.43,36.31,34.02,17.16,2.69,46.7639
2301307,Araripe,CE,0,423.4075,4.3366,0.564,0.459,0.515,0.759,0.56,197.14,36.68,33.54,13.83,2.96,61.5567
2301406,Aratuba,CE,0,92.2843,4.0704,0.622,0.587,0.53,0.775,0.49,215.94,25.67,25.35,24.85,4.05,32.6915
2301505,Arneiroz,CE,0,337.0428,3.8948,0.618,0.564,0.565,0.74,0.53,269.77,19.9,30.26,22.1,3.22,50.7059
2301604,Assaré,CE,0,377.7746,4.3718,0.6,0.482,0.573,0.783,0.59,282.6,27.95,31.68,15.34,3.79,53.2502
2301703,Aurora,CE,0,360.2255,4.3904,0.605,0.521,0.557,0.764,0.53,255.78,24.46,28.05,21.39,3.81,48.1356
2301802,Baixio,CE,0,334.269,3.8006,0.627,0.575,0.563,0.763,0.46,265.94,17.63,23.75,26.45,3.79,54.8291
2301851,Banabuiú,CE,0,180.8121,4.2628,0.606,0.53,0.54,0.779,0.55,229.99,28.36,30.18,20.76,3.52,50.5515
2301901,Barbalha,CE,0,406.1761,4.79,0.683,0.637,0.613,0.817,0.51,362.9,10.0,18.79,36.0,6.92,68.7273
2301950,Barreira,CE,0,63.051,4.3563,0.616,0.551,0.551,0.771,0.5,246.69,21.19,27.46,22.0,3.5,41.5215
2302008,Barro,CE,0,383.5768,4.3586,0.599,0.51,0.556,0.758,0.5,254.44,24.08,23.37,20.35,4.33,61.1695
2302057,Barroquinha,CE,0,293.9524,4.1781,0.571,0.505,0.512,0.72,0.55,192.96,35.21,36.5,15.35,3.22,67.491
2302107,Baturité,CE,0,74.8131,4.5578,0.619,0.548,0.574,0.753,0.48,284.88,14.44,22.03,24.7,4.06,73.3381
2302206,Beberibe,CE,0,72.0707,4.7349,0.638,0.571,0.585,0.778,0.55,304.61,20.15,26.05,22.23,3.56,43.8259
2302305,Bela Cruz,CE,0,190.1758,4.5165,0.623,0.598,0.533,0.76,0.55,221.07,28.97,27.09,19.78,3.61,42.0915
2302404,Boa Viagem,CE,0,200.9168,4.7378,0.598,0.504,0.553,0.768,0.59,250.47,31.91,32.57,17.24,2.65,50.6762
2302503,Brejo Santo,CE,0,421.2439,4.7007,0.647,0.592,0.596,0.768,0.52,325.64,13.83,22.68,30.19,6.43,62.0782
2302602,Camocim,CE,0,266.7917,4.8072,0.62,0.578,0.565,0.729,0.56,269.0,22.12,26.49,23.92,3.32,74.2329
2302701,Campos Sales,CE,0,421.8262,4.4395,0.63,0.556,0.584,0.769,0.58,303.68,23.58,29.21,23.47,4.81,71.9875
2302800,Canindé,CE,0,106.3793,4.8892,0.612,0.526,0.571,0.765,0.58,278.9,26.44,24.67,20.51,4.18,62.9423
2302909,Capistrano,CE,0,88.8597,4.2512,0.611,0.593,0.527,0.73,0.57,211.95,32.97,27.78,25.4,3.54,36.4084
2303006,Caridade,CE,0,87.0694,4.3619,0.592,0.505,0.528,0.779,0.5,213.18,26.58,26.83,17.41,2.06,57.5574
2303105,Cariré,CE,0,210.5415,4.2665,0.596,0.526,0.537,0.749,0.54,225.75,28.47,30.47,17.95,3.03,45.2445
2303204,Caririaçu,CE,0,376.8369,4.4315,0.578,0.483,0.549,0.73,0.51,243.1,21.83,31.65,16.86,3.79,53.1618
2303303,Cariús,CE,0,327.9467,4.2718,0.597,0.519,0.546,0.751,0.52,239.39,28.7,31.79,16.06,1.94,44.7568
2303402,Carnaubal,CE,0,264.7754,4.2495,0.593,0.513,0.536,0.76,0.53,224.37,27.18,29.66,15.81,3.34,47.5337
2303501,Cascavel,CE,0,59.6998,4.8616,0.646,0.578,0.587,0.793,0.48,309.14,12.08,22.89,22.88,3.34,84.9037
2303600,Catarina,CE,0,303.0632,4.3231,0.618,0.56,0.551,0.764,0.51,246.38,21.25,29.44,22.12,2.83,46.5617
2303659,Catunda,CE,0,206.7683,4.0175,0.609,0.587,0.537,0.717,0.53,225.43,27.33,30.02,19.76,3.88,54.2102
2303709,Caucaia,CE,0,8.341,5.5669,0.682,0.632,0.62,0.808,0.48,379.63,6.53,12.86,33.42,4.33,89.1775
2303808,Cedro,CE,0,324.5663,4.4084,0.627,0.553,0.592,0.753,0.56,317.69,23.13,27.52,25.21,4.21,61.8054
2303907,Chaval,CE,0,304.3524,4.1177,0.586,0.536,0.524,0.716,0.5,208.7,23.66,32.47,19.47,3.58,72.6754
2303931,Choró,CE,0,138.4201,4.1338,0.585,0.523,0.493,0.778,0.58,171.62,41.75,32.43,17.7,2.87,29.5184
2303956,Chorozinho,CE,0,65.0586,4.3072,0.604,0.522,0.57,0.742,0.5,277.4,17.2,28.72,19.43,2.77,60.4071
2304004,Coreaú,CE,0,230.1971,4.3681,0.61,0.568,0.526,0.758,0.51,210.65,30.29,36.91,21.11,3.91,64.7855
2304103,Crateús,CE,0,281.4227,4.8765,0.644,0.55,0.618,0.787,0.6,373.18,19.44,24.99,24.4,5.61,72.3013
2304202,Crato,CE,0,400.4447,5.1268,0.713,0.673,0.655,0.822,0.57,470.46,8.61,14.94,40.69,10.83,83.1077
2304236,Croatá,CE,0,268.4294,4.2601,0.59,0.544,0.497,0.76,0.57,176.12,41.08,35.25,12.83,1.35,52.9498
2304251,Cruz,CE,0,197.1523,4.4,0.632,0.586,0.573,0.752,0.58,282.51,24.71,24.64,19.94,3.38,42.5686
2304269,Deputado Irapuan Pinheiro,CE,0,254.1173,3.9867,0.609,0.562,0.542,0.742,0.5,233.15,29.11,32.28,18.28,1.24,45.4426
2304277,Ererê,CE,0,257.9899,3.8606,0.61,0.547,0.551,0.754,0.46,246.27,20.15,30.73,22.22,3.79,50.5556
2304285,Eusébio,CE,0,24.2344,4.7406,0.701,0.621,0.7,0.794,0.65,623.01,5.6,13.49,34.18,6.25,100.0
2304301,Farias Brito,CE,0,372.3752,4.2862,0.633,0.605,0.541,0.774,0.54,231.88,30.83,27.62,23.96,3.94,46.6723
2304350,Forquilha,CE,0,185.3554,4.3923,0.644,0.602,0.583,0.76,0.45,300.9,11.42,26.18,23.24,3.53,71.0227
2304400,Fortaleza,CE,1,0.0,6.4319,0.754,0.695,0.749,0.824,0.61,846.36,3.36,6.94,47.4,13.73,100.0
2304459,Fortim,CE,0,119.2171,4.2247,0.624,0.588,0.562,0.734,0.51,264.14,19.95,26.79,23.83,3.51,64.8444
2304509,Frecheirinha,CE,0,247.6337,4.1521,0.604,0.536,0.551,0.746,0.53,246.03,24.26,33.33,21.4,5.68,58.7792
2304608,General Sampaio,CE,0,102.4842,3.8903,0.568,0.449,0.548,0.744,0.51,242.1,22.62,32.58,14.07,3.54,58.6684
2304657,Graça,CE,0,242.9216,4.1588,0.57,0.477,0.514,0.755,0.55,195.67,37.99,35.69,14.96,3.73,38.6404
2304707,Granja,CE,0,257.5688,4.7417,0.559,0.453,0.495,0.778,0.62,173.99,43.63,38.57,14.73,3.99,49.1823
2304806,Granjeiro,CE,0,358.7929,3.6798,0.585,0.526,0.533,0.715,0.51,221.14,27.99,30.62,20.56,1.99,29.596
2304905,Groaíras,CE,0,199.9408,4.05,0.633,0.598,0.585,0.724,0.47,304.64,14.32,25.24,23.37,4.0,69.1826
2304954,Guaiúba,CE,0,35.5311,4.4234,0.617,0.56,0.546,0.768,0.47,239.69,17.67,23.07,22.74,3.07,78.3571
2305001,Guaraciaba do Norte,CE,0,244.8199,4.6119,0.609,0.528,0.552,0.776,0.51,247.55,19.81,28.43,16.21,2.9,46.0702
2305100,Guaramiranga,CE,0,71.3821,3.7053,0.637,0.61,0.576,0.736,0.47,287.35,9.44,17.85,27.87,4.38,59.9183
2305209,Hidrolândia,CE,0,214.8832,4.3038,0.597,0.499,0.549,0.775,0.51,243.41,25.49,30.19,18.48,3.17,57.2005
2305233,Horizonte,CE,0,42.4328,4.8432,0.658,0.61,0.594,0.788,0.42,322.78,7.51,15.65,30.49,3.03,92.5019
2305266,Ibaretama,CE,0,124.424,4.1266,0.577,0.489,0.517,0.759,0.55,199.63,34.72,34.67,14.7,1.83,34.4142
2305308,Ibiapina,CE,0,256.7089,4.4008,0.608,0.525,0.559,0.767,0.47,258.57,15.06,25.48,16.95,4.12,45.1235
2305332,Ibicuitinga,CE,0,138.593,4.1048,0.606,0.571,0.514,0.758,0.52,196.54,31.29,29.34,22.74,3.03,50.6573
2305357,Icapuí,CE,0,175.9496,4.305,0.616,0.541,0.572,0.757,0.47,280.79,13.7,26.07,23.6,3.28,31.4648
2305407,Icó,CE,0,299.4484,4.8344,0.606,0.536,0.568,0.731,0.55,274.01,24.65,32.83,21.21,3.68,46.5397
2305506,Iguatu,CE,0,303.5547,5.0155,0.677,0.599,0.642,0.808,0.54,434.67,10.86,23.36,29.07,4.92,77.3377
2305605,Independência,CE,0,266.4162,4.4182,0.632,0.592,0.561,0.759,0.55,262.34,28.13,28.74,22.11,2.68,44.8637
2305654,Ipaporanga,CE,0,273.6969,4.0643,0.579,0.506,0.502,0.766,0.55,182.11,42.11,34.29,13.96,2.15,36.463
2305704,Ipaumirim,CE,0,341.0484,4.0972,0.606,0.491,0.621,0.729,0.63,380.61,18.95,27.32,22.05,4.45,59.3971
2305803,Ipu,CE,0,245.0617,4.6248,0.618,0.532,0.583,0.762,0.56,301.38,21.08,28.13,21.75,4.94,63.4827
2305902,Ipueiras,CE,0,252.7747,4.5805,0.573,0.479,0.534,0.735,0.56,222.22,33.07,32.03,17.08,2.63,48.4866
2306009,Iracema,CE,0,234.1005,4.1569,0.652,0.632,0.597,0.733,0.55,328.61,18.59,26.59,28.37,4.17,71.5566
2306108,Irauçuba,CE,0,133.4286,4.3883,0.605,0.557,0.526,0.755,0.61,211.75,35.65,28.01,23.59,3.15,64.2492
2306207,Itaiçaba,CE,0,136.5448,3.8978,0.656,0.642,0.581,0.758,0.44,296.81,11.24,22.82,27.48,4.81,58.4882
2306256,Itaitinga,CE,0,28.3176,4.5873,0.626,0.548,0.583,0.768,0.45,300.15,9.11,17.2,22.37,1.81,99.2964
2306306,Itapajé,CE,0,110.3345,4.7279,0.623,0.568,0.561,0.76,0.54,263.18,22.46,23.36,21.18,3.53,70.2999
2306405,Itapipoca,CE,0,113.0461,5.1195,0.64,0.613,0.562,0.761,0.56,264.08,25.35,22.68,29.39,4.41,57.6479
2306504,Itapiúna,CE,0,99.4107,4.315,0.604,0.542,0.525,0.775,0.5,209.53,26.66,30.42,19.95,2.75,47.3478
2306553,Itarema,CE,0,171.9898,4.6294,0.606,0.558,0.529,0.753,0.53,214.89,27.82,26.9,18.49,2.38,42.5342
2306603,Itatira,CE,0,144.9574,4.3428,0.562,0.463,0.514,0.747,0.54,196.02,33.92,32.57,14.25,2.36,50.397
2306702,Jaguaretama,CE,0,210.7042,4.2585,0.612,0.535,0.552,0.776,0.56,247.85,27.99,28.53,20.21,2.51,47.4108
2306801,Jaguaribara,CE,0,193.2901,4.0637,0.618,0.559,0.575,0.735,0.45,287.08,12.86,25.97,22.28,3.93,69.3528
2306900,Jaguaribe,CE,0,240.5041,4.539,0.621,0.543,0.58,0.76,0.52,294.97,19.58,25.56,23.51,4.54,67.6218
2307007,Jaguaruana,CE,0,153.0035,4.531,0.624,0.548,0.568,0.779,0.47,274.9,14.91,27.15,21.96,2.55,59.3591
2307106,Jardim,CE,0,436.2197,4.4344,0.614,0.542,0.547,0.779,0.53,241.09,25.63,26.29,22.27,4.26,33.7005
2307205,Jati,CE,0,443.7093,3.9112,0.651,0.634,0.562,0.776,0.5,264.55,18.98,26.25,31.5,5.29,58.6031
2307254,Jijoca de Jericoacoara,CE,0,224.7624,4.3086,0.652,0.625,0.614,0.723,0.59,365.46,18.71,23.51,22.92,5.96,32.6785
2307304,Juazeiro do Norte,CE,0,395.9938,5.4445,0.694,0.642,0.644,0.81,0.54,439.53,6.73,16.2,35.81,7.44,96.0746
2307403,Jucás,CE,0,328.0435,4.3971,0.598,0.511,0.541,0.772,0.49,232.22,22.49,31.18,16.44,2.4,59.4363
2307502,Lavras da Mangabeira,CE,0,339.6051,4.498,0.613,0.515,0.576,0.778,0.6,288.15,25.73,28.88,23.1,4.65,58.321
2307601,Limoeiro do Norte,CE,0,167.6861,4.7798,0.682,0.623,0.633,0.804,0.49,410.03,7.98,19.21,29.16,5.91,57.7332
2307635,Madalena,CE,0,166.431,4.3017,0.61,0.545,0.536,0.778,0.58,225.22,34.36,26.12,19.29,2.55,49.2868
2307650,Maracanaú,CE,0,17.4552,5.3636,0.686,0.665,0.617,0.788,0.43,372.91,4.59,9.6,38.36,2.92,99.3141
2307700,Maranguape,CE,0,21.5059,5.1195,0.659,0.618,0.587,0.788,0.44,307.81,8.52,15.39,32.45,3.05,76.0023
2307809,Marco,CE,0,185.8642,4.4444,0.612,0.553,0.564,0.734,0.54,266.87,20.27,28.6,20.42,3.27,62.4823
2307908,Martinópole,CE,0,240.6055,4.0572,0.599,0.522,0.541,0.76,0.59,232.17,33.95,29.87,22.87,5.48,78.3924
2308005,Massapê,CE,0,195.7136,4.5948,0.616,0.554,0.541,0.778,0.47,231.47,21.32,28.49,20.82,3.51,68.1509
2308104,Mauriti,CE,0,407.8752,4.6846,0.605,0.526,0.544,0.772,0.56,236.11,29.78,29.51,20.82,4.0,52.6334
2308203,Meruoca,CE,0,207.5328,4.1849,0.618,0.554,0.559,0.761,0.47,258.78,14.97,18.71,23.1,2.95,54.1883
2308302,Milagres,CE,0,400.7253,4.438,0.628,0.569,0.561,0.777,0.47,261.96,17.6,28.84,24.56,4.15,47.874
2308351,Milhã,CE,0,227.8543,4.1182,0.626,0.558,0.56,0.784,0.54,260.95,25.82,28.8,21.71,2.8,45.6136
2308377,Miraíma,CE,0,154.1228,4.145,0.592,0.523,0.51,0.778,0.64,191.56,41.87,32.27,18.38,3.46,53.4922
2308401,Missão Velha,CE,0,396.1377,4.551,0.622,0.552,0.579,0.754,0.57,293.16,20.65,28.05,21.47,4.15,44.9875
2308500,Mombaça,CE,0,252.4902,4.6426,0.582,0.489,0.549,0.735,0.54,243.85,27.66,34.02,16.97,2.66,44.0759
2308609,Monsenhor Tabosa,CE,0,202.0197,4.2371,0.61,0.538,0.545,0.773,0.55,237.18,29.71,29.84,21.68,4.19,56.0431
2308708,Morada Nova,CE,0,154.7115,4.7895,0.61,0.525,0.569,0.758,0.52,276.36,22.85,28.22,21.25,4.62,57.0386
2308807,Moraújo,CE,0,234.104,3.9461,0.581,0.516,0.495,0.768,0.51,174.55,34.34,31.98,21.24,4.55,44.6592
2308906,Morrinhos,CE,0,178.9602,4.3585,0.588,0.511,0.524,0.76,0.54,208.9,32.3,28.44,18.86,3.67,46.4348
2309003,Mucambo,CE,0,239.99,4.1632,0.607,0.541,0.565,0.732,0.57,269.65,29.28,31.61,17.24,4.34,64.2888
2309102,Mulungu,CE,0,78.0887,4.0436,0.607,0.534,0.551,0.759,0.55,246.35,25.33,22.98,21.27,3.11,36.552
2309201,Nova Olinda,CE,0,392.6277,4.1986,0.625,0.554,0.567,0.779,0.57,272.1,23.04,23.3,22.73,5.2,68.0135
2309300,Nova Russas,CE,0,244.8113,4.5117,0.614,0.524,0.585,0.754,0.5,304.52,16.55,28.44,20.8,4.95,75.0654
2309409,Novo Oriente,CE,0,314.8672,4.4584,0.605,0.526,0.552,0.763,0.6,247.79,35.93,34.07,14.38,2.0,51.834
2309458,Ocara,CE,0,84.6538,4.4143,0.594,0.519,0.524,0.771,0.53,208.77,32.09,30.07,17.93,2.51,31.6783
2309508,Orós,CE,0,282.3844,4.3292,0.636,0.557,0.582,0.793,0.49,298.84,15.74,29.69,21.41,2.59,74.9123
2309607,Pacajus,CE,0,51.5118,4.8701,0.659,0.596,0.609,0.788,0.47,354.78,7.96,18.26,27.62,3.58,81.948
2309706,Pacatuba,CE,0,29.3374,4.9327,0.675,0.652,0.605,0.779,0.44,344.63,6.66,9.38,37.11,2.71,85.8864
2309805,Pacoti,CE,0,67.021,4.0904,0.635,0.58,0.571,0.773,0.5,279.49,17.0,20.33,24.31,5.48,40.8805
2309904,Pacujá,CE,0,235.4453,3.8172,0.621,0.571,0.562,0.745,0.5,264.03,17.87,28.15,25.08,4.83,62.1951
2310001,Palhano,CE,0,132.8557,3.9758,0.638,0.628,0.572,0.723,0.47,281.69,17.94,28.38,27.58,3.83,50.9249
2310100,Palmácia,CE,0,55.0999,4.132,0.622,0.551,0.59,0.742,0.63,315.23,24.51,24.09,19.6,4.06,41.2911
2310209,Paracuru,CE,0,59.8767,4.5505,0.637,0.581,0.597,0.746,0.55,328.2,16.65,20.15,27.46,5.37,65.0809
2310258,Paraipaba,CE,0,69.7146,4.5216,0.634,0.602,0.574,0.738,0.5,283.79,17.3,19.94,24.2,2.88,44.7222
2310308,Parambu,CE,0,361.6302,4.4968,0.57,0.46,0.526,0.764,0.53,211.05,28.46,35.09,11.19,1.65,45.0541
2310407,Paramoti,CE,0,83.1761,4.0891,0.583,0.518,0.515,0.741,0.52,196.63,32.31,29.78,17.16,2.7,48.9919
2310506,Pedra Branca,CE,0,229.2655,4.6371,0.603,0.521,0.541,0.779,0.5,231.56,25.04,33.19,16.63,2.94,58.5104
2310605,Penaforte,CE,0,459.7088,3.9641,0.646,0.626,0.566,0.761,0.45,271.18,16.07,22.17,33.84,8.04,77.7899
2310704,Pentecoste,CE,0,75.5568,4.5803,0.629,0.604,0.562,0.734,0.56,264.95,25.4,24.8,26.34,3.59,60.435
2310803,Pereiro,CE,0,258.52,4.2137,0.601,0.534,0.525,0.776,0.53,209.49,32.65,29.57,21.59,3.07,34.4799
2310852,Pindoretama,CE,0,46.654,4.3215,0.636,0.588,0.581,0.754,0.45,296.99,11.67,21.7,23.24,2.72,60.3757
2310902,Piquet Carneiro,CE,0,249.3706,4.2358,0.6,0.523,0.53,0.779,0.52,217.02,29.58,26.34,18.16,1.62,48.1024
2310951,Pires Ferreira,CE,0,235.3003,4.0434,0.591,0.526,0.51,0.769,0.51,191.39,33.14,29.94,16.46,3.56,32.8309
2311009,Poranga,CE,0,282.8332,4.0919,0.581,0.5,0.527,0.746,0.54,212.87,32.89,33.97,16.24,4.17,64.9779
2311108,Porteiras,CE,0,427.8359,4.1738,0.622,0.592,0.531,0.765,0.49,218.44,24.96,29.17,25.21,4.21,41.0929
2311207,Potengi,CE,0,406.9393,4.0479,0.562,0.441,0.529,0.759,0.58,215.12,33.2,34.52,16.21,3.83,55.6053
2311231,Potiretama,CE,0,227.2516,3.8099,0.604,0.538,0.544,0.754,0.5,236.09,23.51,29.11,21.29,3.71,44.1234
2311264,Quiterianópolis,CE,0,332.6146,4.3273,0.594,0.518,0.524,0.774,0.55,208.58,33.36,32.81,15.71,3.09,31.65
2311306,Quixadá,CE,0,145.5865,4.9489,0.659,0.624,0.592,0.775,0.53,317.66,17.65,22.94,28.88,4.59,71.3178
2311355,Quixelô,CE,0,289.1043,4.2073,0.591,0.52,0.548,0.725,0.51,242.27,27.44,36.7,15.38,2.0,32.86
2311405,Quixeramobim,CE,0,181.6134,4.9162,0.642,0.567,0.592,0.789,0.56,317.45,19.57,24.2,23.14,3.75,60.4059
2311504,Quixeré,CE,0,163.6485,4.3509,0.622,0.556,0.56,0.774,0.44,260.79,13.93,26.03,20.06,2.83,61.4568
2311603,Redenção,CE,0,57.6243,4.4659,0.626,0.577,0.567,0.75,0.5,273.08,19.99,24.32,23.49,2.71,57.2932
2311702,Reriutaba,CE,0,226.0994,4.262,0.601,0.509,0.56,0.761,0.6,260.65,29.29,29.25,19.17,4.36,54.4333
2311801,Russas,CE,0,151.402,4.9006,0.674,0.626,0.617,0.791,0.46,372.43,7.55,19.59,29.25,4.32,64.3707
2311900,Saboeiro,CE,0,344.9735,4.1975,0.575,0.499,0.533,0.715,0.54,220.94,31.8,33.5,16.39,4.45,53.6757
2311959,Salitre,CE,0,447.0012,4.2231,0.54,0.434,0.497,0.732,0.49,176.75,30.94,39.98,11.79,2.26,40.5293
2312007,Santana do Acaraú,CE,0,182.1123,4.5165,0.587,0.5,0.536,0.755,0.66,224.83,39.1,29.56,19.34,4.07,51.3324
2312106,Santana do Cariri,CE,0,404.8657,4.2486,0.612,0.557,0.527,0.779,0.56,212.7,33.68,30.0,18.14,4.33,51.3803
2312205,Santa Quitéria,CE,0,186.2022,4.6407,0.616,0.553,0.546,0.775,0.56,238.84,30.69,27.43,21.38,4.48,52.0543
2312304,São Benedito,CE,0,254.8491,4.6844,0.611,0.531,0.562,0.764,0.51,263.94,19.29,27.09,19.31,4.16,55.5797
2312403,São Gonçalo do Amarante,CE,0,44.3952,4.6929,0.665,0.646,0.587,0.775,0.51,309.14,15.32,20.12,31.8,3.91,65.0194
2312502,São João do Jaguaribe,CE,0,175.356,3.8783,0.654,0.576,0.62,0.784,0.5,378.76,14.25,25.8,22.73,3.58,40.1139
2312601,São Luís do Curu,CE,0,72.5327,4.1168,0.62,0.593,0.558,0.719,0.51,257.9,22.07,22.37,27.0,4.53,64.5556
2312700,Senador Pompeu,CE,0,224.9593,4.4051,0.619,0.537,0.574,0.77,0.51,283.8,21.06,27.06,21.76,3.6,59.3373
2312809,Senador Sá,CE,0,212.0409,3.8897,0.603,0.565,0.528,0.735,0.52,214.23,30.99,33.16,21.92,3.5,73.9638
2312908,Sobral,CE,0,195.1946,5.3272,0.714,0.675,0.647,0.832,0.56,448.89,8.9,17.0,35.59,8.32,88.3533
2313005,Solonópole,CE,0,227.4462,4.2646,0.625,0.574,0.565,0.754,0.51,269.25,22.85,26.22,22.34,3.66,51.5483
2313104,Tabuleiro do Norte,CE,0,176.5468,4.5062,0.645,0.547,0.62,0.791,0.53,379.75,15.35,22.54,21.22,4.26,64.3953
2313203,Tamboril,CE,0,228.0326,4.4183,0.58,0.476,0.526,0.779,0.52,211.64,31.03,32.97,16.04,2.81,55.8013
2313252,Tarrafas,CE,0,353.5303,3.9322,0.576,0.482,0.529,0.751,0.54,214.72,36.36,35.51,15.31,2.33,29.4501
2313302,Tauá,CE,0,315.9321,4.7728,0.633,0.56,0.585,0.773,0.57,305.42,20.19,27.34,20.95,4.3,57.899
2313351,Tejuçuoca,CE,0,113.4116,4.2912,0.584,0.52,0.517,0.742,0.52,199.81,30.68,27.78,19.61,3.13,37.6478
2313401,Tianguá,CE,0,266.5018,4.8871,0.657,0.587,0.628,0.768,0.61,398.29,13.16,24.02,24.82,5.43,66.5084
2313500,Trairi,CE,0,91.3453,4.7532,0.606,0.577,0.522,0.739,0.55,205.89,32.4,23.62,22.36,3.91,36.5291
2313559,Tururu,CE,0,94.7838,4.2198,0.606,0.576,0.508,0.76,0.54,188.84,34.36,28.0,23.15,2.34,36.7018
2313609,Ubajara,CE,0,257.4738,4.5477,0.648,0.594,0.595,0.769,0.54,325.13,14.77,24.57,25.06,3.66,48.2902
2313708,Umari,CE,0,325.3056,3.8887,0.591,0.497,0.535,0.778,0.55,223.62,30.53,32.46,20.92,3.92,51.9284
2313757,Umirim,CE,0,83.6672,4.3005,0.587,0.524,0.514,0.751,0.53,195.42,32.4,28.47,21.05,2.3,58.9884
2313807,Uruburetama,CE,0,102.5095,4.3468,0.639,0.608,0.564,0.76,0.54,267.47,18.78,22.85,27.41,3.27,74.3182
2313906,Uruoca,CE,0,223.4904,4.1458,0.566,0.485,0.503,0.745,0.53,182.85,34.17,36.46,16.51,3.83,59.5436
2313955,Varjota,CE,0,215.6804,4.2676,0.611,0.545,0.575,0.728,0.52,286.41,18.45,26.67,20.61,4.25,81.9417
2314003,Várzea Alegre,CE,0,350.0649,4.6136,0.629,0.576,0.569,0.759,0.54,276.17,25.16,28.56,22.45,3.64,62.1741
2314102,Viçosa do Ceará,CE,0,278.1676,4.7918,0.571,0.475,0.521,0.753,0.6,204.23,36.84,31.42,15.05,2.85,32.4393
2400109,Acari,RN,0,171.9788,4.0456,0.679,0.634,0.633,0.779,0.49,410.61,5.18,17.81,31.14,4.92,80.6706
2400208,Açu,RN,0,185.3814,4.769,0.661,0.568,0.641,0.795,0.53,432.38,7.68,22.48,26.24,5.94,73.9456
2400307,Afonso Bezerra,RN,0,141.8853,4.0423,0.585,0.502,0.56,0.713,0.53,261.3,21.79,30.68,20.66,3.17,53.1077
2400406,Água Nova,RN,0,339.8028,3.5176,0.616,0.572,0.527,0.776,0.44,212.82,17.77,22.66,26.2,2.64,64.0268
2400505,Alexandria,RN,0,314.7865,4.1313,0.606,0.491,0.581,0.779,0.53,296.5,21.46,33.42,20.74,5.53,68.0314
2400604,Almino Afonso,RN,0,281.3441,3.6707,0.624,0.568,0.578,0.739,0.49,291.3,17.02,25.05,28.22,3.74,71.4227
2400703,Alto do Rodrigues,RN,0,174.3899,4.1739,0.672,0.585,0.647,0.8,0.47,447.67,7.74,19.3,30.08,2.39,72.1089
2400802,Angicos,RN,0,150.0591,4.068,0.624,0.53,0.606,0.756,0.51,347.65,11.04,26.34,27.47,4.03,87.3236
2400901,Antônio Martins,RN,0,295.7895,3.855,0.578,0.458,0.554,0.76,0.51,251.04,25.46,30.78,15.82,3.12,54.785
2401008,Apodi,RN,0,281.8132,4.5551,0.639,0.571,0.611,0.747,0.55,358.66,13.98,23.91,25.83,5.42,50.4301
2401107,Areia Branca,RN,0,226.1589,4.4496,0.682,0.621,0.647,0.79,0.48,449.02,6.17,16.31,33.11,4.68,80.2568
2401206,Arez,RN,0,50.2703,4.1621,0.606,0.523,0.587,0.725,0.53,309.04,16.86,25.69,23.97,3.93,62.4342
2401305,Campo Grande,RN,0,227.8249,3.9861,0.621,0.495,0.624,0.774,0.68,388.39,23.56,28.88,21.38,3.53,53.8486
2401404,Baía Formosa,RN,0,73.9068,3.9719,0.609,0.534,0.59,0.718,0.47,315.25,11.09,22.88,24.61,3.47,83.1448
2401453,Baraúna,RN,0,272.4243,4.4641,0.574,0.446,0.562,0.756,0.42,263.68,12.08,28.1,13.62,1.68,62.898
2401503,Barcelona,RN,0,77.7712,3.6009,0.566,0.442,0.564,0.726,0.5,266.71,20.03,29.51,15.18,2.88,44.4557
2401602,Bento Fernandes,RN,0,63.3389,3.7444,0.582,0.494,0.542,0.737,0.47,233.48,22.61,28.3,21.51,4.23,40.4264
2401651,Bodó,RN,0,131.1629,3.3367,0.629,0.565,0.57,0.772,0.52,277.16,23.42,24.86,26.5,4.27,57.4433
2401701,Bom Jesus,RN,0,45.5089,4.0138,0.584,0.46,0.583,0.743,0.54,300.38,20.26,32.05,17.84,3.75,71.6949
2401800,Brejinho,RN,0,50.4693,4.1097,0.592,0.492,0.585,0.722,0.49,304.8,11.95,31.23,19.74,2.57,77.0925
2401859,Caiçara do Norte,RN,0,117.3223,3.8177,0.574,0.454,0.572,0.727,0.53,280.53,22.32,25.52,15.62,2.55,97.9721
2401909,Caiçara do Rio do Vento,RN,0,82.7082,3.5735,0.587,0.499,0.553,0.734,0.49,250.07,23.06,25.65,19.61,2.79,76.3603
2402006,Caicó,RN,0,218.5846,4.8371,0.71,0.619,0.703,0.824,0.56,637.13,3.69,15.34,33.22,8.84,91.6312
2402105,Campo Redondo,RN,0,116.5402,4.0555,0.626,0.584,0.554,0.758,0.56,251.73,28.19,25.71,25.04,2.8,50.6234
2402204,Canguaretama,RN,0,70.7242,4.5418,0.579,0.486,0.557,0.718,0.49,256.22,18.11,26.63,18.38,4.53,65.4515
2402303,Caraúbas,RN,0,254.6515,4.3136,0.638,0.556,0.594,0.786,0.54,321.99,20.91,26.71,27.09,5.75,70.0041
2402402,Carnaúba dos Dantas,RN,0,173.6458,3.9189,0.659,0.577,0.624,0.796,0.41,387.8,4.55,14.37,25.7,4.14,81.1415
2402501,Carnaubais,RN,0,180.9975,4.0403,0.589,0.476,0.583,0.738,0.52,300.27,16.41,25.64,21.63,2.98,48.7298
2402600,Ceará-Mirim,RN,0,22.6393,4.8708,0.616,0.505,0.599,0.774,0.51,332.89,12.12,21.76,23.78,4.07,52.0891
2402709,Cerro Corá,RN,0,125.0002,4.0485,0.607,0.518,0.573,0.754,0.54,282.84,25.88,27.39,20.55,4.53,43.4408
2402808,Coronel Ezequiel,RN,0,127.5663,3.7404,0.587,0.476,0.545,0.778,0.55,238.25,32.31,29.97,15.9,1.68,42.0537
2402907,Coronel João Pessoa,RN,0,357.0607,3.6918,0.578,0.471,0.549,0.748,0.5,243.22,23.05,33.16,20.39,3.06,37.2381
2403004,Cruzeta,RN,0,185.4619,3.9013,0.654,0.621,0.602,0.748,0.42,339.38,7.41,22.23,29.46,3.1,81.8501
2403103,Currais Novos,RN,0,150.9983,4.6534,0.691,0.617,0.673,0.794,0.58,526.96,7.7,17.87,35.64,6.73,88.5703
2403202,Doutor Severiano,RN,0,347.3313,3.8493,0.621,0.566,0.567,0.747,0.49,272.21,23.33,24.76,21.94,4.88,42.8681
2403251,Parnamirim,RN,0,17.7491,5.4354,0.766,0.726,0.75,0.825,0.55,850.44,2.68,7.96,53.95,16.55,100.0
2403301,Encanto,RN,0,339.9863,3.7556,0.629,0.536,0.589,0.787,0.47,312.34,13.74,24.28,23.6,6.02,40.7188
2403400,Equador,RN,0,209.3703,3.7828,0.623,0.546,0.578,0.765,0.5,292.55,14.93,22.82,23.15,3.22,82.6177
2403509,Espírito Santo,RN,0,65.4068,4.0197,0.558,0.423,0.549,0.748,0.54,243.23,24.76,38.36,15.49,1.94,47.7327
2403608,Extremoz,RN,0,8.6844,4.4666,0.66,0.555,0.64,0.808,0.54,428.65,9.19,17.2,28.31,4.34,64.1825
2403707,Felipe Guerra,RN,0,270.3963,3.7788,0.636,0.575,0.582,0.768,0.48,298.6,15.92,21.46,28.64,3.9,67.5794
2403756,Fernando Pedroza,RN,0,141.7733,3.4887,0.597,0.519,0.565,0.727,0.55,269.67,25.87,29.64,23.31,4.43,85.3889
2403806,Florânia,RN,0,177.7234,3.99,0.642,0.56,0.611,0.775,0.49,359.0,14.24,23.2,26.53,4.75,76.5376
2403905,Francisco Dantas,RN,0,320.0066,3.4473,0.606,0.523,0.582,0.732,0.5,298.43,18.26,29.06,23.78,4.69,57.3069
2404002,Frutuoso Gomes,RN,0,289.8235,3.6037,0.597,0.512,0.565,0.737,0.47,269.48,18.06,25.67,20.13,3.87,66.4304
2404101,Galinhos,RN,0,134.839,3.4628,0.564,0.429,0.578,0.723,0.57,291.78,21.02,26.85,16.84,3.01,57.3414
2404200,Goianinha,RN,0,55.6938,4.4314,0.638,0.537,0.619,0.783,0.55,377.59,14.03,23.82,22.87,3.24,68.8448
2404309,Governador Dix-Sept Rosado,RN,0,253.2571,4.1178,0.592,0.485,0.564,0.759,0.49,267.12,22.19,23.96,18.18,4.22,55.0024
2404408,Grossos,RN,0,227.8641,4.0229,0.664,0.585,0.633,0.79,0.49,410.84,8.2,25.88,26.14,4.53,74.9388
2404507,Guamaré,RN,0,137.9927,4.2111,0.626,0.505,0.632,0.769,0.51,407.49,8.72,22.78,24.19,3.85,35.5289
2404606,Ielmo Marinho,RN,0,34.015,4.1472,0.55,0.418,0.521,0.766,0.51,204.5,26.37,28.12,12.12,1.3,12.7023
2404705,Ipanguaçu,RN,0,179.3572,4.1975,0.603,0.518,0.568,0.744,0.48,273.8,15.18,27.74,22.89,3.19,38.8496
2404804,Ipueira,RN,0,245.4713,3.3549,0.679,0.633,0.627,0.788,0.4,395.09,7.79,23.94,30.5,5.94,90.9485
2404853,Itajá,RN,0,179.3739,3.8832,0.624,0.539,0.586,0.769,0.42,306.0,8.5,25.52,22.79,4.14,82.2418
2404903,Itaú,RN,0,302.8308,3.772,0.614,0.542,0.588,0.727,0.48,310.63,13.71,22.07,24.25,4.72,86.0712
2405009,Jaçanã,RN,0,129.3402,3.9704,0.604,0.509,0.559,0.773,0.48,259.77,21.18,27.81,20.65,3.01,67.2934
2405108,Jandaíra,RN,0,106.698,3.8393,0.569,0.462,0.561,0.709,0.53,261.85,22.77,32.59,17.3,2.27,58.1385
2405207,Janduís,RN,0,240.3943,3.7183,0.615,0.529,0.567,0.776,0.47,272.39,14.19,27.76,20.45,3.37,74.6866
2405306,Boa Saúde,RN,0,59.3021,4.0157,0.574,0.481,0.511,0.771,0.53,192.34,32.12,35.46,16.84,2.18,35.612
2405405,Japi,RN,0,110.042,3.6933,0.569,0.48,0.528,0.726,0.51,214.04,28.19,34.8,19.11,1.58,74.3752
2405504,Jardim de Angicos,RN,0,80.158,3.415,0.565,0.437,0.557,0.74,0.53,255.49,24.47,26.92,16.41,2.56,16.6091
2405603,Jardim de Piranhas,RN,0,242.1906,4.1774,0.603,0.469,0.59,0.792,0.42,314.6,9.16,25.77,17.42,2.16,78.454
2405702,Jardim do Seridó,RN,0,192.23,4.0933,0.663,0.584,0.647,0.772,0.5,447.53,5.56,18.47,26.35,5.75,81.1938
2405801,João Câmara,RN,0,66.7873,4.5485,0.595,0.484,0.6,0.724,0.56,335.64,15.56,26.78,18.31,3.45,70.3044
2405900,João Dias,RN,0,287.3964,3.4237,0.53,0.39,0.495,0.771,0.55,174.39,41.36,38.86,14.16,2.12,44.8289
2406007,José da Penha,RN,0,341.0607,3.7739,0.608,0.489,0.583,0.788,0.47,301.09,16.28,29.73,17.07,4.03,60.3613
2406106,Jucurutu,RN,0,198.0578,4.2633,0.601,0.492,0.583,0.755,0.46,301.94,14.88,31.53,17.5,2.54,59.7276
2406155,Jundiá,RN,0,58.2313,3.596,0.595,0.492,0.552,0.775,0.44,248.13,15.21,35.44,16.24,1.89,26.8007
2406205,Lagoa d'Anta,RN,0,80.9362,3.8358,0.601,0.507,0.58,0.739,0.54,295.37,18.95,33.2,21.77,3.87,63.9473
2406304,Lagoa de Pedras,RN,0,48.6679,3.8822,0.553,0.436,0.529,0.734,0.52,214.84,28.71,36.72,13.91,2.11,32.0074
2406403,Lagoa de Velhos,RN,0,73.7981,3.4365,0.589,0.458,0.566,0.789,0.42,270.76,13.01,26.65,18.52,3.94,67.2039
2406502,Lagoa Nova,RN,0,138.9212,4.2009,0.585,0.483,0.542,0.764,0.5,233.77,24.91,29.24,17.26,3.51,48.6376
2406601,Lagoa Salgada,RN,0,48.2837,3.9216,0.582,0.464,0.551,0.771,0.54,247.22,25.72,36.93,14.96,1.54,66.1687
2406700,Lajes,RN,0,109.7399,4.0573,0.624,0.557,0.578,0.756,0.49,292.5,14.48,26.98,21.54,3.13,77.7189
2406809,Lajes Pintadas,RN,0,105.6433,3.6783,0.625,0.568,0.559,0.769,0.45,258.98,16.75,27.51,27.2,3.85,51.8213
2406908,Lucrécia,RN,0,286.4132,3.6078,0.646,0.551,0.624,0.785,0.62,388.31,20.04,23.93,25.6,7.49,62.7581
2407005,Luís Gomes,RN,0,354.2969,4.0075,0.608,0.531,0.545,0.776,0.55,237.26,26.91,29.21,20.71,3.5,69.5734
2407104,Macaíba,RN,0,16.4195,4.9182,0.64,0.545,0.613,0.784,0.5,363.97,8.6,22.55,25.22,3.86,61.3687
2407203,Macau,RN,0,168.6795,4.5087,0.665,0.572,0.65,0.792,0.5,457.22,7.58,18.94,28.29,4.76,75.8652
2407252,Major Sales,RN,0,347.2531,3.613,0.617,0.529,0.573,0.774,0.51,282.48,18.39,29.03,20.03,3.16,82.0136
2407302,Marcelino Vieira,RN,0,327.872,3.9204,0.609,0.51,0.571,0.776,0.52,279.42,23.94,30.23,20.71,4.36,59.2136
2407401,Martins,RN,0,296.5938,3.944,0.622,0.538,0.58,0.772,0.49,295.35,19.29,19.21,23.52,4.04,61.2801
2407500,Maxaranguape,RN,0,27.3136,4.1043,0.608,0.506,0.582,0.764,0.52,298.87,13.59,21.8,18.22,3.02,37.2474
2407609,Messias Targino,RN,0,252.5496,3.6689,0.644,0.565,0.608,0.779,0.44,350.8,5.63,32.39,30.66,3.57,86.8672
2407708,Montanhas,RN,0,81.4161,4.0479,0.557,0.447,0.553,0.7,0.53,249.75,26.0,30.23,15.71,2.84,77.7184
2407807,Monte Alegre,RN,0,36.3359,4.356,0.609,0.507,0.578,0.77,0.52,292.15,15.17,28.92,20.02,3.87,43.5195
2407906,Monte das Gameleiras,RN,0,96.7099,3.3145,0.598,0.509,0.56,0.752,0.48,261.41,17.47,30.5,20.69,4.15,56.7448
2408003,Mossoró,RN,0,241.0509,5.4826,0.72,0.663,0.694,0.811,0.52,600.28,3.72,13.8,40.6,9.89,91.3115
2408102,Natal,RN,1,0.0,5.9527,0.763,0.694,0.768,0.835,0.61,950.34,2.92,8.33,49.34,14.87,100.0
2408201,Nísia Floresta,RN,0,38.0562,4.4513,0.622,0.518,0.601,0.773,0.53,337.75,14.57,22.36,22.07,5.16,39.4383
2408300,Nova Cruz,RN,0,83.4874,4.5747,0.629,0.537,0.589,0.788,0.52,313.34,18.69,31.48,24.63,2.94,68.6954
2408409,Olho-d'Água do Borges,RN,0,273.0489,3.6264,0.585,0.482,0.577,0.719,0.48,290.17,16.7,35.11,19.67,3.93,75.4366
2408508,Ouro Branco,RN,0,214.9287,3.6824,0.645,0.558,0.61,0.789,0.43,355.71,6.7,21.05,27.51,4.5,69.3339
2408607,Paraná,RN,0,347.9115,3.6333,0.589,0.496,0.532,0.776,0.49,219.34,26.74,33.51,17.69,2.19,20.7743
2408706,Paraú,RN,0,204.6242,3.5719,0.603,0.522,0.582,0.721,0.46,298.75,13.79,27.94,26.52,2.54,86.4214
2408805,Parazinho,RN,0,87.4587,3.7248,0.549,0.424,0.543,0.719,0.52,234.75,23.2,32.92,15.49,3.99,64.7472
2408904,Parelhas,RN,0,187.1219,4.3347,0.676,0.617,0.625,0.802,0.45,390.54,5.72,17.19,29.6,5.67,83.9344
2408953,Rio do Fogo,RN,0,55.2843,4.0399,0.569,0.457,0.546,0.738,0.52,239.1,23.47,26.84,14.28,1.98,37.2602
2409100,Passa e Fica,RN,0,87.1531,4.1357,0.606,0.516,0.565,0.763,0.51,269.09,19.59,32.4,17.99,3.39,60.8559
2409209,Passagem,RN,0,59.7911,3.4933,0.589,0.501,0.547,0.747,0.41,241.15,11.88,28.25,20.46,3.17,41.1399
2409308,Patu,RN,0,266.9594,4.1093,0.618,0.513,0.599,0.768,0.52,331.98,14.62,27.88,25.16,5.87,84.9131
2409332,Santa Maria,RN,0,49.4362,3.755,0.59,0.477,0.554,0.779,0.45,251.9,15.45,28.85,19.45,3.3,64.0697
2409407,Pau dos Ferros,RN,0,328.8763,4.4886,0.678,0.584,0.666,0.803,0.54,504.82,6.13,18.06,31.36,9.31,92.0923
2409506,Pedra Grande,RN,0,96.1273,3.5001,0.559,0.43,0.526,0.773,0.48,210.52,24.72,24.7,16.72,3.53,32.9736
2409605,Pedra Preta,RN,0,96.0081,3.3836,0.558,0.435,0.53,0.752,0.56,216.3,28.7,23.09,17.46,1.83,38.2239
2409704,Pedro Avelino,RN,0,127.885,3.819,0.583,0.435,0.577,0.788,0.52,289.53,17.93,28.15,17.3,1.84,57.4536
2409803,Pedro Velho,RN,0,75.9365,4.1726,0.568,0.442,0.562,0.738,0.51,263.8,19.74,31.53,15.43,2.35,51.3533
2409902,Pendências,RN,0,171.4028,4.1878,0.631,0.526,0.633,0.753,0.55,412.01,10.67,22.97,21.5,4.14,78.7225
2410009,Pilões,RN,0,314.0321,3.5911,0.614,0.527,0.566,0.777,0.47,270.87,18.18,29.59,23.93,1.95,73.3565
2410108,Poço Branco,RN,0,46.9208,4.1944,0.587,0.471,0.562,0.766,0.56,263.9,24.91,29.64,19.3,3.0,53.1723
2410207,Portalegre,RN,0,303.8106,3.9,0.621,0.547,0.581,0.754,0.52,296.9,21.33,23.8,23.59,3.76,52.5
2410256,Porto do Mangue,RN,0,185.3633,3.8199,0.59,0.504,0.558,0.732,0.55,257.49,24.12,27.66,15.91,3.15,58.0219
2410306,Serra Caiada,RN,0,63.7468,4.0272,0.563,0.453,0.552,0.713,0.56,247.77,28.21,32.07,17.85,4.49,60.5953
2410405,Pureza,RN,0,46.7024,3.9923,0.567,0.456,0.516,0.774,0.53,198.93,29.88,28.22,17.07,3.57,35.5651
2410504,Rafael Fernandes,RN,0,332.0367,3.7125,0.608,0.518,0.588,0.737,0.45,311.04,10.58,24.43,26.2,4.67,57.7366
2410603,Rafael Godeiro,RN,0,274.9152,3.507,0.654,0.607,0.583,0.789,0.49,300.88,16.74,25.81,26.1,4.98,63.1081
2410702,Riacho da Cruz,RN,0,299.1542,3.5621,0.584,0.487,0.545,0.751,0.47,237.37,19.81,25.85,18.21,3.33,84.4866
2410801,Riacho de Santana,RN,0,343.4569,3.6226,0.591,0.489,0.545,0.776,0.5,237.37,27.17,27.45,19.2,3.66,41.1453
2410900,Riachuelo,RN,0,63.8891,3.9196,0.592,0.481,0.561,0.767,0.54,262.85,21.63,30.28,21.2,3.1,61.4405
2411007,Rodolfo Fernandes,RN,0,310.9706,3.649,0.604,0.519,0.561,0.758,0.46,263.32,16.45,30.44,22.32,4.94,84.5179
2411056,Tibau,RN,0,243.341,3.6204,0.635,0.53,0.627,0.769,0.55,396.51,10.19,22.61,20.39,2.89,76.8918
2411106,Ruy Barbosa,RN,0,76.9201,3.5544,0.605,0.517,0.548,0.78,0.51,241.96,24.09,30.96,20.28,3.47,48.2893
2411205,Santa Cruz,RN,0,100.2855,4.6053,0.635,0.564,0.597,0.761,0.52,327.61,15.6,24.23,28.18,5.88,85.1999
2411403,Santana do Matos,RN,0,156.7617,4.0722,0.591,0.482,0.559,0.767,0.55,258.64,27.13,28.98,18.86,2.29,49.9312
2411429,Santana do Seridó,RN,0,199.4279,3.4312,0.642,0.58,0.595,0.767,0.41,325.16,8.16,19.54,22.19,2.3,65.4394
2411502,Santo Antônio,RN,0,66.3778,4.3878,0.62,0.512,0.595,0.782,0.57,323.81,20.39,30.4,21.36,2.52,64.278
2411601,São Bento do Norte,RN,0,115.8748,3.4293,0.555,0.415,0.541,0.76,0.54,231.17,23.11,32.41,13.68,2.08,34.8908
2411700,São Bento do Trairí,RN,0,113.4632,3.6572,0.595,0.525,0.526,0.763,0.49,210.78,24.21,28.19,22.39,3.02,48.2458
2411809,São Fernando,RN,0,225.0403,3.557,0.608,0.508,0.591,0.75,0.44,316.21,11.41,27.2,20.95,3.52,67.539
2411908,São Francisco do Oeste,RN,0,323.8483,3.6315,0.628,0.547,0.581,0.779,0.41,298.15,11.43,26.86,24.01,5.62,76.0971
2412005,São Gonçalo do Amarante,RN,0,9.7299,5.0209,0.661,0.564,0.619,0.829,0.44,377.16,6.05,14.74,29.65,2.96,84.5223
2412104,São João do Sabugi,RN,0,240.7339,3.7939,0.655,0.581,0.62,0.779,0.47,379.2,6.19,20.42,29.91,6.0,80.3107
2412203,São José de Mipibu,RN,0,35.5589,4.649,0.611,0.508,0.599,0.748,0.55,331.85,17.32,24.52,20.99,4.54,45.8367
2412302,São José do Campestre,RN,0,80.7968,4.1106,0.615,0.522,0.564,0.789,0.5,267.55,21.83,29.13,21.89,3.61,83.1337
2412401,São José do Seridó,RN,0,196.3202,3.6717,0.694,0.647,0.634,0.815,0.43,414.22,4.88,16.23,30.29,5.69,78.043
2412500,São Miguel,RN,0,362.4114,4.3764,0.606,0.518,0.574,0.747,0.53,285.2,19.87,30.17,20.61,5.45,65.4421
2412559,São Miguel do Gostoso,RN,0,82.0449,4.0187,0.591,0.468,0.558,0.79,0.51,257.1,21.71,29.63,21.93,6.87,47.6471
2412609,São Paulo do Potengi,RN,0,59.0211,4.2518,0.622,0.555,0.584,0.744,0.48,303.74,15.32,25.22,25.17,3.97,72.3853
2412708,São Pedro,RN,0,45.9371,3.77,0.589,0.449,0.574,0.794,0.52,285.21,18.48,30.39,18.62,2.84,56.0385
2412807,São Rafael,RN,0,181.3137,3.9129,0.611,0.493,0.588,0.787,0.52,309.77,17.98,31.55,19.68,3.31,68.2776
2412906,São Tomé,RN,0,94.156,4.0434,0.585,0.461,0.565,0.77,0.49,268.71,20.2,30.91,17.67,2.95,54.8721
2413003,São Vicente,RN,0,167.0218,3.8113,0.642,0.556,0.606,0.787,0.52,346.89,14.02,23.22,27.39,4.5,62.4585
2413102,Senador Elói de Souza,RN,0,58.4118,3.7901,0.583,0.504,0.523,0.752,0.5,207.76,27.17,31.07,20.13,3.42,42.9839
2413201,Senador Georgino Avelino,RN,0,47.5057,3.6558,0.57,0.455,0.543,0.748,0.43,234.85,11.63,27.45,20.75,3.0,98.9042
2413300,Serra de São Bento,RN,0,89.1533,3.7588,0.582,0.482,0.551,0.741,0.53,247.06,26.18,37.01,19.07,3.42,56.7996
2413359,Serra do Mel,RN,0,208.4629,4.0872,0.614,0.521,0.574,0.773,0.5,284.48,16.04,25.15,21.47,2.72,26.2273
2413409,Serra Negra do Norte,RN,0,257.7033,3.9088,0.597,0.468,0.578,0.787,0.42,292.16,10.43,25.16,19.79,3.2,64.3115
2413508,Serrinha,RN,0,64.6694,3.7873,0.592,0.502,0.547,0.757,0.52,240.51,27.68,31.62,17.75,2.57,32.2291
2413557,Serrinha dos Pintos,RN,0,302.3586,3.6841,0.598,0.492,0.555,0.782,0.5,252.46,23.75,26.27,18.56,2.43,52.9515
2413607,Severiano Melo,RN,0,299.2018,3.2413,0.604,0.522,0.579,0.728,0.52,293.49,21.0,28.24,22.21,3.76,36.822
2413706,Sítio Novo,RN,0,82.7147,3.7482,0.572,0.491,0.528,0.722,0.46,214.04,22.85,31.22,18.42,3.33,47.6096
2413805,Taboleiro Grande,RN,0,309.3877,3.416,0.612,0.507,0.57,0.792,0.48,277.54,15.6,23.23,21.86,3.25,81.4415
2413904,Taipu,RN,0,41.0321,4.0904,0.569,0.435,0.544,0.778,0.45,235.78,16.2,34.33,17.59,2.17,34.5049
2414001,Tangará,RN,0,78.3356,4.2043,0.608,0.516,0.566,0.77,0.52,270.47,20.78,26.77,21.1,3.0,68.6702
2414100,Tenente Ananias,RN,0,333.5526,4.0383,0.592,0.468,0.57,0.779,0.46,276.94,16.07,26.35,15.99,2.34,69.058
2414159,Tenente Laurentino Cruz,RN,0,168.2729,3.7843,0.623,0.586,0.559,0.737,0.47,259.72,17.34,21.96,25.66,4.38,21.3097
2414209,Tibau do Sul,RN,0,51.7187,4.1671,0.645,0.504,0.672,0.794,0.6,523.75,5.76,21.48,26.95,7.25,60.2635
2414308,Timbaúba dos Batistas,RN,0,236.8741,3.3851,0.64,0.591,0.614,0.723,0.36,365.42,3.21,23.23,28.81,3.93,75.2941
2414407,Touros,RN,0,64.9775,4.5278,0.572,0.466,0.562,0.716,0.52,264.4,21.48,29.63,15.61,2.78,25.4817
2414456,Triunfo Potiguar,RN,0,214.064,3.5045,0.602,0.516,0.579,0.73,0.48,294.09,15.89,29.83,19.55,2.32,65.2316
2414506,Umarizal,RN,0,284.5207,4.0206,0.618,0.506,0.59,0.792,0.51,313.6,16.21,25.54,20.03,4.85,85.083
2414605,Upanema,RN,0,222.4957,4.1743,0.596,0.516,0.542,0.758,0.54,233.97,31.82,28.69,23.18,2.93,48.476
2414704,Várzea,RN,0,67.8502,3.7426,0.626,0.552,0.577,0.771,0.48,289.33,12.47,31.24,22.05,3.05,82.5248
2414753,Venha-Ver,RN,0,363.6957,3.6265,0.555,0.473,0.501,0.722,0.5,180.53,33.73,32.42,13.57,3.08,31.3792
2414803,Vera Cruz,RN,0,38.108,4.1068,0.587,0.494,0.558,0.735,0.42,258.12,12.44,31.68,20.66,2.69,43.8007
2414902,Viçosa,RN,0,299.3164,3.2383,0.592,0.502,0.552,0.747,0.47,247.9,19.0,22.42,20.7,2.34,95.241
2415008,Vila Flor,RN,0,65.4448,3.5075,0.576,0.471,0.561,0.722,0.46,262.96,12.72,23.99,17.99,3.34,96.9359
2500106,Água Branca,PB,0,307.9991,4.016,0.572,0.484,0.542,0.712,0.54,233.65,29.14,26.36,18.43,3.86,42.9781
2500205,Aguiar,PB,0,364.6248,3.7499,0.597,0.447,0.632,0.753,0.65,407.32,20.07,37.65,16.62,3.57,48.8427
2500304,Alagoa Grande,PB,0,84.8463,4.4531,0.582,0.43,0.576,0.797,0.53,287.94,17.77,34.7,17.33,2.91,61.5576
2500403,Alagoa Nova,PB,0,98.2993,4.3221,0.576,0.451,0.567,0.749,0.54,272.81,21.43,28.54,14.83,3.79,49.7637
2500502,Alagoinha,PB,0,77.472,4.1652,0.595,0.462,0.574,0.795,0.52,284.64,16.72,35.29,17.49,4.54,66.5439
2500536,Alcantil,PB,0,146.5238,3.7425,0.578,0.458,0.55,0.765,0.48,245.01,21.64,30.6,13.7,2.33,39.3968
2500577,Algodão de Jandaíra,PB,0,127.932,3.413,0.548,0.413,0.532,0.749,0.47,218.7,21.57,32.68,13.96,1.73,52.0287
2500601,Alhandra,PB,0,31.8224,4.2981,0.582,0.465,0.544,0.778,0.45,236.14,17.03,26.27,18.96,1.82,61.937
2500700,São João do Rio do Peixe,PB,0,396.9729,4.2558,0.608,0.49,0.586,0.782,0.53,306.87,19.15,27.83,19.69,3.54,37.8276
2500734,Amparo,PB,0,246.0895,3.3549,0.606,0.551,0.537,0.752,0.5,225.5,24.23,21.49,20.92,3.1,50.8621
2500775,Aparecida,PB,0,356.6199,3.9285,0.578,0.456,0.567,0.747,0.51,271.98,21.15,29.29,14.73,2.62,47.3945
2500809,Araçagi,PB,0,65.2901,4.2268,0.549,0.412,0.54,0.745,0.53,230.52,29.18,38.6,13.69,3.07,39.503
2500908,Arara,PB,0,104.1975,4.134,0.548,0.407,0.569,0.712,0.54,276.67,24.2,38.52,15.39,2.91,70.5287
2501005,Araruna,PB,0,117.4332,4.3141,0.567,0.439,0.549,0.758,0.52,244.02,27.04,39.54,15.96,2.81,49.4094
2501104,Areia,PB,0,93.8473,4.352,0.594,0.467,0.593,0.756,0.55,319.92,17.11,29.96,20.27,6.04,61.2615
2501153,Areia de Baraúnas,PB,0,228.4216,3.3233,0.562,0.462,0.566,0.68,0.46,270.54,14.59,32.56,13.12,2.85,52.7763
2501203,Areial,PB,0,116.3225,3.8484,0.608,0.503,0.573,0.779,0.49,282.18,20.09,26.65,17.71,2.64,71.0974
2501302,Aroeiras,PB,0,102.9362,4.2806,0.548,0.411,0.537,0.745,0.58,226.05,33.96,35.56,13.6,3.39,49.9476
2501351,Assunção,PB,0,205.3697,3.6093,0.609,0.51,0.601,0.738,0.54,336.67,13.15,26.26,18.59,1.56,80.8064
2501401,Baía da Traição,PB,0,52.9241,3.9636,0.581,0.495,0.541,0.731,0.58,231.78,31.57,25.2,21.34,3.78,38.5921
2501500,Bananeiras,PB,0,94.7618,4.3267,0.568,0.43,0.555,0.766,0.59,253.3,31.39,35.39,14.85,4.54,39.6687
2501534,Baraúna,PB,0,162.3988,3.7018,0.558,0.459,0.526,0.718,0.51,211.36,32.03,28.29,15.11,2.43,75.5213
2501575,Barra de Santana,PB,0,130.6184,3.9211,0.567,0.465,0.526,0.747,0.5,211.08,27.08,30.94,14.08,1.51,8.9081
2501609,Barra de Santa Rosa,PB,0,139.3775,4.1933,0.562,0.434,0.542,0.753,0.52,233.51,26.93,37.21,15.14,2.85,56.1983
2501708,Barra de São Miguel,PB,0,173.1862,3.785,0.572,0.44,0.584,0.728,0.45,302.44,13.83,23.61,14.94,2.98,42.1315
2501807,Bayeux,PB,0,6.4438,4.9891,0.649,0.566,0.619,0.779,0.46,376.74,6.86,15.49,28.81,2.78,99.0744
2501906,Belém,PB,0,88.9818,4.2488,0.592,0.492,0.557,0.759,0.49,256.2,21.98,34.08,18.54,3.38,82.5601
2502003,Belém do Brejo do Cruz,PB,0,313.2319,3.8666,0.578,0.451,0.55,0.779,0.46,245.71,18.19,38.15,18.79,2.46,73.6385
2502052,Bernardino Batista,PB,0,413.1256,3.5528,0.558,0.462,0.526,0.716,0.55,211.04,33.94,30.83,18.18,2.88,27.9024
2502102,Boa Ventura,PB,0,370.2507,3.72,0.599,0.48,0.566,0.79,0.46,271.06,18.24,29.33,18.83,3.14,61.2415
2502151,Boa Vista,PB,0,150.7346,3.8584,0.649,0.582,0.59,0.796,0.42,314.11,8.96,16.01,21.74,4.67,51.5176
2502201,Bom Jesus,PB,0,419.0145,3.413,0.597,0.477,0.584,0.762,0.5,303.29,13.87,25.16,18.85,1.41,41.1667
2502300,Bom Sucesso,PB,0,346.4592,3.6935,0.592,0.494,0.558,0.752,0.45,257.9,22.0,30.94,18.06,1.69,40.3178
2502409,Bonito de Santa Fé,PB,0,402.2736,4.0837,0.574,0.427,0.564,0.786,0.52,267.09,22.33,29.26,19.79,5.29,68.4839
2502508,Boqueirão,PB,0,143.823,4.2537,0.607,0.496,0.592,0.763,0.46,319.11,9.96,24.08,22.43,3.74,71.0919
2502607,Igaracy,PB,0,361.1483,3.7848,0.61,0.496,0.575,0.794,0.52,286.68,21.31,32.19,20.04,4.49,66.9428
2502706,Borborema,PB,0,88.8421,3.7252,0.558,0.426,0.544,0.75,0.5,236.01,23.5,32.56,15.08,3.12,73.019
2502805,Brejo do Cruz,PB,0,303.4466,4.1549,0.597,0.463,0.575,0.798,0.47,287.2,13.54,31.58,16.77,3.17,75.4248
2502904,Brejo dos Santos,PB,0,336.9296,3.8115,0.619,0.541,0.564,0.776,0.46,267.6,20.09,28.37,20.45,3.84,74.7661
2503001,Caaporã,PB,0,40.8709,4.344,0.602,0.509,0.565,0.757,0.47,268.46,12.68,23.86,23.11,3.16,86.1801
2503100,Cabaceiras,PB,0,160.1729,3.7566,0.611,0.523,0.574,0.759,0.46,283.93,15.73,18.04,21.67,2.42,44.0318
2503209,Cabedelo,PB,0,20.6251,4.8437,0.748,0.651,0.782,0.822,0.7,1036.21,5.27,10.67,42.37,16.41,99.9862
2503308,Cachoeira dos Índios,PB,0,420.6471,4.0155,0.587,0.453,0.583,0.766,0.5,301.77,20.08,27.27,15.91,3.22,35.6484
2503407,Cacimba de Areia,PB,0,252.1026,3.5691,0.596,0.497,0.553,0.771,0.49,249.79,23.81,26.83,23.48,3.07,47.0621
2503506,Cacimba de Dentro,PB,0,116.2307,4.2347,0.564,0.419,0.551,0.777,0.53,246.21,25.44,38.84,13.12,1.62,54.6812
2503555,Cacimbas,PB,0,241.3792,3.8588,0.523,0.425,0.501,0.672,0.53,181.17,36.97,36.11,14.2,3.96,24.0828
2503605,Caiçara,PB,0,88.4488,3.8562,0.592,0.488,0.58,0.733,0.51,294.68,16.8,34.16,19.79,3.78,71.8837
2503704,Cajazeiras,PB,0,407.9343,4.7964,0.679,0.574,0.668,0.815,0.56,511.56,9.05,19.45,29.06,8.49,81.2733
2503753,Cajazeirinhas,PB,0,323.5361,3.5075,0.55,0.413,0.521,0.773,0.5,205.12,27.03,34.81,13.3,2.1,32.9707
2503803,Caldas Brandão,PB,0,51.8031,3.7837,0.568,0.451,0.562,0.723,0.47,264.06,16.85,35.88,17.31,2.7,57.1935
2503902,Camalaú,PB,0,231.0945,3.7816,0.567,0.431,0.549,0.77,0.46,242.92,22.0,29.73,14.54,3.08,50.2174
2504009,Campina Grande,PB,0,111.7652,5.6168,0.72,0.654,0.702,0.812,0.58,630.03,5.02,11.68,41.83,12.69,95.3262
2504033,Capim,PB,0,41.9378,3.827,0.533,0.4,0.52,0.728,0.48,203.67,22.54,39.85,11.49,2.48,73.3083
2504074,Caraúbas,PB,0,190.1867,3.6239,0.585,0.485,0.58,0.71,0.45,296.38,14.94,19.09,14.76,3.45,38.9074
2504108,Carrapateira,PB,0,383.1774,3.4336,0.603,0.543,0.529,0.765,0.47,214.54,25.46,28.08,21.82,2.74,72.0353
2504157,Casserengue,PB,0,111.7326,3.8768,0.514,0.379,0.492,0.73,0.57,171.37,43.17,41.06,7.84,0.89,48.994
2504207,Catingueira,PB,0,302.0307,3.6936,0.574,0.455,0.553,0.753,0.52,249.16,24.58,35.77,18.04,2.76,59.9335
2504306,Catolé do Rocha,PB,0,329.7863,4.4888,0.64,0.539,0.617,0.787,0.5,371.92,10.51,23.14,23.41,5.82,74.1437
2504355,Caturité,PB,0,130.0601,3.69,0.623,0.502,0.617,0.782,0.56,371.05,11.48,22.44,20.63,3.43,22.5402
2504405,Conceição,PB,0,403.5455,4.2794,0.592,0.476,0.577,0.754,0.56,290.63,23.33,32.72,20.48,3.88,62.2611
2504504,Condado,PB,0,302.4944,3.8236,0.594,0.476,0.573,0.769,0.48,282.25,19.21,29.61,18.36,3.35,69.2892
2504603,Conde,PB,0,13.2325,4.4038,0.618,0.5,0.591,0.797,0.52,316.81,13.75,23.19,22.68,3.61,67.6963
2504702,Congo,PB,0,209.7158,3.6801,0.581,0.477,0.562,0.731,0.49,263.84,18.58,28.54,19.7,3.65,62.7694
2504801,Coremas,PB,0,339.3198,4.1886,0.592,0.452,0.578,0.794,0.51,291.3,18.25,33.41,18.95,4.66,75.3779
2504850,Coxixola,PB,0,198.2308,3.2896,0.641,0.567,0.586,0.794,0.48,306.15,14.52,21.21,22.31,4.16,44.1558
2504900,Cruz do Espírito Santo,PB,0,24.0804,4.2455,0.552,0.408,0.531,0.778,0.43,217.47,15.63,33.05,13.35,1.27,45.7649
2505006,Cubati,PB,0,165.8375,3.8958,0.566,0.448,0.545,0.742,0.48,237.71,21.07,27.75,13.88,2.66,69.4582
2505105,Cuité,PB,0,159.4208,4.3082,0.591,0.47,0.574,0.766,0.51,284.57,19.63,31.72,19.4,2.21,67.3841
2505204,Cuitegi,PB,0,77.3188,3.8292,0.57,0.45,0.563,0.732,0.49,265.78,15.61,34.36,16.48,2.57,81.4051
2505238,Cuité de Mamanguape,PB,0,49.372,3.8035,0.524,0.398,0.529,0.683,0.48,214.92,21.65,41.21,14.34,2.63,33.3602
2505279,Curral de Cima,PB,0,64.7706,3.7168,0.529,0.392,0.528,0.715,0.52,214.4,29.47,40.5,12.81,3.15,9.0804
2505303,Curral Velho,PB,0,369.4471,3.3993,0.606,0.491,0.613,0.739,0.59,362.28,21.36,34.92,20.03,6.88,56.2874
2505352,Damião,PB,0,128.0804,3.7331,0.521,0.391,0.503,0.72,0.49,182.89,32.36,39.66,9.2,1.76,46.4898
2505402,Desterro,PB,0,245.27,3.9207,0.58,0.49,0.551,0.724,0.54,247.16,26.33,25.49,19.44,4.14,61.1813
2505501,Vista Serrana,PB,0,300.8705,3.5855,0.566,0.424,0.554,0.773,0.47,251.49,20.55,25.55,14.93,1.38,45.1595
2505600,Diamante,PB,0,375.3289,3.8133,0.593,0.496,0.562,0.748,0.55,264.08,24.7,30.3,21.68,2.59,57.7086
2505709,Dona Inês,PB,0,102.6781,4.016,0.545,0.447,0.524,0.69,0.54,208.12,36.05,39.32,17.52,2.84,44.2617
2505808,Duas Estradas,PB,0,79.0377,3.5525,0.603,0.488,0.565,0.795,0.51,269.85,22.16,30.58,17.18,3.3,78.0374
2505907,Emas,PB,0,313.5183,3.551,0.595,0.492,0.554,0.773,0.46,251.41,13.47,30.43,22.0,3.69,64.2749
2506004,Esperança,PB,0,109.6515,4.5236,0.623,0.526,0.598,0.767,0.54,330.66,16.73,26.04,21.15,4.94,69.5642
2506103,Fagundes,PB,0,103.2821,4.0484,0.56,0.432,0.543,0.749,0.52,235.02,26.26,32.24,14.02,3.47,47.9176
2506202,Frei Martinho,PB,0,192.988,3.4755,0.641,0.542,0.631,0.77,0.57,405.38,14.24,29.96,19.9,2.25,61.6093
2506251,Gado Bravo,PB,0,112.0542,3.9187,0.513,0.373,0.491,0.737,0.56,170.29,37.6,32.83,9.74,2.66,10.8405
2506301,Guarabira,PB,0,75.6235,4.7737,0.673,0.586,0.641,0.812,0.53,430.83,7.55,20.25,32.78,6.87,88.4937
2506400,Gurinhém,PB,0,61.2823,4.15,0.556,0.435,0.544,0.728,0.45,235.88,17.95,37.77,16.65,3.07,41.7748
2506509,Gurjão,PB,0,178.2574,3.5412,0.625,0.581,0.576,0.729,0.45,288.53,12.52,21.02,28.21,5.78,67.3631
2506608,Ibiara,PB,0,391.4774,3.7692,0.586,0.479,0.548,0.768,0.53,242.08,28.77,37.98,19.82,3.19,61.1176
2506707,Imaculada,PB,0,292.0429,4.0747,0.557,0.461,0.524,0.715,0.52,208.83,29.28,30.75,16.55,3.18,44.6001
2506806,Ingá,PB,0,83.6881,4.2597,0.592,0.471,0.573,0.768,0.49,282.85,16.78,36.42,18.36,2.59,63.8009
2506905,Itabaiana,PB,0,55.0355,4.3867,0.613,0.536,0.592,0.727,0.5,319.34,11.37,27.46,24.08,4.34,80.5972
2507002,Itaporanga,PB,0,362.1399,4.3972,0.615,0.517,0.607,0.742,0.5,349.02,13.94,22.84,24.25,6.65,76.0133
2507101,Itapororoca,PB,0,54.3672,4.2783,0.564,0.437,0.543,0.757,0.48,235.44,21.85,33.62,14.78,3.04,63.8701
2507200,Itatuba,PB,0,86.9504,4.0441,0.562,0.436,0.549,0.742,0.49,244.16,22.04,38.07,15.08,2.75,58.3766
2507309,Jacaraú,PB,0,75.6085,4.1604,0.558,0.435,0.554,0.72,0.54,250.76,25.83,32.93,15.87,3.58,57.6101
2507408,Jericó,PB,0,330.6967,3.8894,0.603,0.476,0.577,0.798,0.51,290.17,18.42,28.8,15.05,2.54,62.7355
2507507,João Pessoa,PB,1,0.0,5.9169,0.763,0.693,0.77,0.832,0.62,964.82,3.48,8.11,51.04,18.61,99.6227
2507606,Juarez Távora,PB,0,79.2154,3.9038,0.579,0.465,0.544,0.768,0.48,236.56,20.29,35.85,17.06,3.27,78.4556
2507705,Juazeirinho,PB,0,187.5155,4.2653,0.567,0.435,0.557,0.753,0.51,255.68,20.8,26.01,16.21,2.68,54.3872
2507804,Junco do Seridó,PB,0,204.1183,3.8596,0.617,0.576,0.571,0.715,0.47,280.15,13.09,21.71,24.57,3.97,65.7685
2507903,Juripiranga,PB,0,47.2634,4.0346,0.548,0.448,0.544,0.677,0.53,235.6,26.35,34.34,17.17,2.45,93.6407
2508000,Juru,PB,0,327.6874,3.9926,0.57,0.443,0.552,0.758,0.51,247.78,26.55,33.41,13.84,3.06,44.3619
2508109,Lagoa,PB,0,341.418,3.6665,0.563,0.448,0.533,0.747,0.45,219.92,21.7,33.84,14.85,0.81,49.2203
2508208,Lagoa de Dentro,PB,0,76.9765,3.8895,0.57,0.444,0.539,0.772,0.52,228.8,28.45,31.9,16.85,3.03,53.9349
2508307,Lagoa Seca,PB,0,107.9128,4.4429,0.627,0.516,0.621,0.769,0.54,380.73,10.93,21.26,20.65,4.82,40.8108
2508406,Lastro,PB,0,371.7003,3.431,0.533,0.38,0.532,0.747,0.44,219.67,22.53,31.09,10.25,1.22,46.9905
2508505,Livramento,PB,0,230.3238,3.8618,0.566,0.473,0.523,0.732,0.5,207.73,27.37,23.13,17.72,3.44,52.373
2508554,Logradouro,PB,0,86.511,3.644,0.583,0.47,0.544,0.776,0.42,236.33,15.05,34.11,17.57,2.68,43.7088
2508604,Lucena,PB,0,27.8583,4.1253,0.583,0.469,0.577,0.734,0.55,289.29,15.24,25.32,19.24,3.75,86.5473
2508703,Mãe d'Água,PB,0,282.0899,3.6008,0.542,0.429,0.52,0.712,0.5,202.88,29.35,30.2,15.91,2.81,39.0396
2508802,Malta,PB,0,293.0728,3.7593,0.642,0.533,0.62,0.8,0.58,378.53,14.46,27.97,21.59,3.24,87.3864
2508901,Mamanguape,PB,0,44.6818,4.6569,0.585,0.453,0.585,0.756,0.52,305.46,15.64,27.9,17.94,2.92,80.9257
2509008,Manaíra,PB,0,366.8551,4.0409,0.543,0.426,0.537,0.698,0.53,225.93,32.63,35.01,13.74,2.73,56.0182
2509057,Marcação,PB,0,44.9413,3.9418,0.529,0.408,0.525,0.691,0.51,209.46,28.2,33.33,14.39,1.83,37.4425
2509107,Mari,PB,0,50.1961,4.3403,0.548,0.429,0.553,0.692,0.46,250.22,19.75,35.54,16.44,2.6,82.4282
2509156,Marizópolis,PB,0,385.7878,3.8254,0.608,0.512,0.582,0.753,0.51,299.15,17.84,27.07,18.4,2.15,86.7811
2509206,Massaranduba,PB,0,95.3982,4.1485,0.567,0.441,0.552,0.747,0.46,247.98,18.29,30.75,12.54,1.71,34.7543
2509305,Mataraca,PB,0,64.0213,3.9366,0.536,0.427,0.533,0.675,0.48,219.95,20.03,27.14,15.87,1.99,88.4029
2509339,Matinhas,PB,0,99.08,3.6559,0.541,0.4,0.531,0.747,0.44,217.6,19.51,31.61,10.92,2.11,15.7834
2509370,Mato Grosso,PB,0,320.5211,3.4689,0.565,0.419,0.566,0.76,0.45,271.56,13.76,41.52,11.91,1.24,44.4486
2509396,Matureia,PB,0,273.5655,3.8254,0.572,0.474,0.54,0.73,0.51,230.63,27.92,28.13,17.99,2.29,64.9436
2509404,Mogeiro,PB,0,69.5023,4.1218,0.574,0.481,0.538,0.732,0.5,227.05,24.61,32.28,21.0,2.54,44.6962
2509503,Montadas,PB,0,119.8918,3.7639,0.59,0.505,0.545,0.748,0.47,238.17,25.72,25.28,17.86,3.84,63.2465
2509602,Monte Horebe,PB,0,409.3823,3.6873,0.587,0.463,0.579,0.755,0.54,292.96,23.02,29.46,15.27,2.63,55.4791
2509701,Monteiro,PB,0,261.3525,4.5268,0.628,0.558,0.625,0.709,0.57,392.05,13.46,27.38,23.69,5.73,65.6716
2509800,Mulungu,PB,0,66.6805,3.9983,0.565,0.423,0.548,0.778,0.49,242.9,18.37,35.24,14.19,1.79,47.9037
2509909,Natuba,PB,0,93.0392,4.0191,0.541,0.432,0.516,0.71,0.54,198.68,33.3,38.93,13.57,1.89,34.3933
2510006,Nazarezinho,PB,0,381.1526,3.8616,0.562,0.449,0.528,0.747,0.52,213.53,31.93,31.5,13.32,2.27,43.7363
2510105,Nova Floresta,PB,0,165.7629,4.0259,0.601,0.498,0.576,0.758,0.51,287.45,20.33,28.62,19.77,3.87,74.9264
2510204,Nova Olinda,PB,0,351.2542,3.7703,0.573,0.453,0.557,0.744,0.52,255.69,23.84,31.75,16.73,4.6,53.1631
2510303,Nova Palmeira,PB,0,178.4997,3.6999,0.595,0.488,0.567,0.762,0.45,272.29,13.21,24.66,15.47,2.8,58.5187
2510402,Olho d'Água,PB,0,317.7587,3.8061,0.572,0.452,0.533,0.776,0.55,220.96,30.88,33.58,15.42,3.83,55.8072
2510501,Olivedos,PB,0,152.2681,3.6009,0.603,0.54,0.531,0.766,0.49,217.32,28.05,19.37,24.13,2.84,52.44
2510600,Ouro Velho,PB,0,256.886,3.4846,0.614,0.518,0.585,0.764,0.47,305.23,13.08,22.91,26.93,4.28,69.9112
2510659,Parari,PB,0,197.7737,3.2423,0.584,0.467,0.583,0.733,0.49,300.27,22.47,20.85,20.02,3.45,55.6529
2510709,Passagem,PB,0,240.6426,3.3897,0.62,0.534,0.566,0.79,0.51,270.29,20.72,29.23,24.52,3.93,49.6641
2510808,Patos,PB,0,265.5813,5.0365,0.701,0.628,0.667,0.821,0.56,508.52,5.38,18.42,34.77,8.75,96.6267
2510907,Paulista,PB,0,309.5519,4.0938,0.587,0.461,0.587,0.747,0.49,308.48,13.38,32.2,15.47,3.15,48.5239
2511004,Pedra Branca,PB,0,354.1661,3.58,0.599,0.532,0.532,0.761,0.5,219.29,27.49,25.55,23.62,3.86,63.5582
2511103,Pedra Lavrada,PB,0,181.7461,3.9006,0.574,0.458,0.564,0.733,0.49,267.79,18.06,27.76,14.29,2.77,41.1371
2511202,Pedras de Fogo,PB,0,38.5449,4.4565,0.59,0.468,0.568,0.771,0.53,273.39,21.35,30.27,16.47,3.08,60.5135
2511301,Piancó,PB,0,336.8711,4.2081,0.621,0.55,0.593,0.736,0.53,321.21,17.94,29.26,24.5,4.6,72.926
2511400,Picuí,PB,0,177.5493,4.2727,0.608,0.506,0.596,0.745,0.53,326.53,16.61,24.66,18.39,3.44,66.513
2511509,Pilar,PB,0,44.3723,4.0805,0.579,0.461,0.544,0.775,0.49,236.08,20.96,31.64,18.0,3.46,68.564
2511608,Pilões,PB,0,87.6314,3.8141,0.56,0.409,0.559,0.767,0.59,259.0,25.54,36.17,16.2,3.26,47.7501
2511707,Pilõezinhos,PB,0,80.251,3.6935,0.564,0.421,0.532,0.802,0.43,218.98,16.97,33.23,15.68,2.42,53.2881
2511806,Pirpirituba,PB,0,80.1767,4.0249,0.595,0.499,0.566,0.745,0.52,270.98,22.85,29.9,23.01,4.32,76.4478
2511905,Pitimbu,PB,0,37.6075,4.2895,0.57,0.456,0.538,0.753,0.51,227.76,22.04,27.59,17.03,2.76,60.9962
2512002,Pocinhos,PB,0,130.7742,4.2753,0.591,0.477,0.556,0.779,0.46,253.75,17.66,25.15,17.88,2.31,56.4702
2512036,Poço Dantas,PB,0,408.5483,3.5885,0.525,0.408,0.506,0.702,0.49,186.82,31.41,36.46,13.45,0.87,26.0464
2512077,Poço de José de Moura,PB,0,406.4879,3.6401,0.612,0.497,0.578,0.797,0.45,291.18,16.72,27.03,20.13,2.42,35.822
2512101,Pombal,PB,0,325.5812,4.5159,0.634,0.515,0.629,0.787,0.54,401.6,10.22,26.08,23.59,6.65,80.2024
2512200,Prata,PB,0,251.06,3.6299,0.608,0.514,0.566,0.772,0.44,271.47,15.15,23.49,20.04,5.04,63.4146
2512309,Princesa Isabel,PB,0,350.1196,4.3756,0.606,0.514,0.6,0.72,0.47,334.74,13.22,25.33,19.21,4.29,68.2611
2512408,Puxinanã,PB,0,119.7206,4.1399,0.617,0.542,0.574,0.754,0.45,283.93,13.76,21.59,21.07,2.77,32.6317
2512507,Queimadas,PB,0,115.5935,4.6473,0.608,0.489,0.578,0.796,0.46,292.5,14.47,22.56,19.51,2.49,54.1694
2512606,Quixabá,PB,0,251.238,3.303,0.622,0.579,0.564,0.737,0.46,267.39,17.4,26.24,20.1,1.71,37.2572
2512705,Remígio,PB,0,103.8102,4.3004,0.607,0.474,0.592,0.797,0.55,319.14,18.74,30.7,20.15,4.59,73.6761
2512721,Pedro Régis,PB,0,72.7861,3.7881,0.542,0.399,0.529,0.754,0.51,215.39,26.94,42.86,11.07,2.49,37.2593
2512747,Riachão,PB,0,110.2056,3.5623,0.574,0.481,0.515,0.763,0.49,197.04,31.13,31.48,16.29,1.81,62.0331
2512754,Riachão do Bacamarte,PB,0,87.0001,3.6592,0.553,0.417,0.561,0.721,0.49,262.31,19.06,35.81,12.98,2.22,62.4531
2512762,Riachão do Poço,PB,0,42.7931,3.66,0.555,0.426,0.537,0.748,0.49,225.44,25.33,33.63,14.05,1.27,30.9078
2512788,Riacho de Santo Antônio,PB,0,153.7561,3.3008,0.594,0.502,0.569,0.735,0.43,275.73,12.35,24.64,20.48,4.22,68.8734
2512804,Riacho dos Cavalos,PB,0,317.068,3.9322,0.568,0.447,0.546,0.752,0.44,239.15,16.29,32.64,13.1,3.03,48.4123
2512903,Rio Tinto,PB,0,44.1752,4.3849,0.585,0.48,0.562,0.742,0.5,264.5,21.53,26.56,24.53,3.14,56.8289
2513000,Salgadinho,PB,0,217.6564,3.5993,0.563,0.454,0.531,0.739,0.46,217.39,23.95,33.02,15.59,3.67,34.293
2513109,Salgado de São Félix,PB,0,66.9071,4.0836,0.568,0.448,0.531,0.77,0.5,217.45,27.29,36.87,15.58,2.35,43.8377
2513158,Santa Cecília,PB,0,128.8866,3.8146,0.525,0.402,0.515,0.699,0.48,197.49,27.85,35.61,11.71,1.95,28.0565
2513208,Santa Cruz,PB,0,358.441,3.8182,0.618,0.523,0.578,0.779,0.46,291.16,21.34,28.18,19.91,2.17,46.1752
2513307,Santa Helena,PB,0,418.818,3.7674,0.609,0.504,0.57,0.786,0.5,277.52,20.78,26.11,20.46,3.41,50.3259
2513356,Santa Inês,PB,0,409.9486,3.5552,0.572,0.492,0.54,0.706,0.55,229.72,29.62,32.15,17.51,4.35,40.4069
2513406,Santa Luzia,PB,0,228.1531,4.1895,0.682,0.635,0.62,0.804,0.51,379.3,9.9,20.02,33.88,8.04,91.5755
2513505,Santana de Mangueira,PB,0,384.0903,3.7074,0.535,0.414,0.488,0.756,0.54,166.28,38.59,36.29,14.43,3.61,41.8496
2513604,Santana dos Garrotes,PB,0,344.2403,3.8415,0.594,0.479,0.568,0.772,0.48,274.26,19.46,35.17,19.31,4.18,51.4176
2513653,Joca Claudino,PB,0,404.9212,3.4216,0.622,0.568,0.553,0.765,0.44,249.67,15.45,35.85,24.71,1.93,32.1224
2513703,Santa Rita,PB,0,10.2777,5.1402,0.627,0.534,0.597,0.774,0.46,328.16,8.91,20.61,25.68,2.92,86.2081
2513802,Santa Teresinha,PB,0,283.4777,3.658,0.627,0.513,0.586,0.82,0.59,306.95,23.26,27.14,19.45,2.94,48.1991
2513851,Santo André,PB,0,194.0615,3.3972,0.6,0.476,0.568,0.797,0.47,273.72,15.9,27.15,17.78,1.89,32.79
2513901,São Bento,PB,0,293.724,4.5397,0.58,0.424,0.597,0.769,0.47,328.99,7.37,33.59,13.51,2.99,81.0907
2513927,São Bentinho,PB,0,315.7728,3.6629,0.606,0.491,0.575,0.787,0.46,286.99,11.0,32.8,14.48,2.18,68.753
2513943,São Domingos do Cariri,PB,0,180.4992,3.4224,0.589,0.438,0.603,0.773,0.47,341.56,14.03,23.81,13.99,5.15,42.7273
2513968,São Domingos,PB,0,340.7723,3.494,0.548,0.394,0.555,0.754,0.46,253.36,18.6,38.55,10.14,1.3,34.8161
2513984,São Francisco,PB,0,360.7274,3.5285,0.58,0.481,0.56,0.726,0.45,261.15,17.54,31.46,15.56,2.35,40.5172
2514008,São João do Cariri,PB,0,184.8438,3.6201,0.622,0.488,0.618,0.797,0.53,373.55,12.91,18.73,21.21,4.37,54.0285
2514107,São João do Tigre,PB,0,240.8025,3.6442,0.552,0.424,0.523,0.758,0.51,207.42,32.14,35.78,12.55,1.95,34.7816
2514206,São José da Lagoa Tapada,PB,0,363.1645,3.8821,0.53,0.389,0.53,0.722,0.49,216.66,29.31,42.35,14.52,2.19,43.826
2514305,São José de Caiana,PB,0,377.9402,3.8058,0.565,0.434,0.545,0.762,0.44,238.28,19.48,32.19,14.47,2.63,45.4077
2514404,São José de Espinharas,PB,0,272.709,3.6657,0.577,0.448,0.543,0.79,0.45,234.08,18.74,32.0,15.67,1.2,33.9706
2514453,São José dos Ramos,PB,0,56.7153,3.7808,0.541,0.406,0.527,0.738,0.51,212.12,26.5,38.36,12.9,2.82,43.0828
2514503,São José de Piranhas,PB,0,400.2685,4.3098,0.591,0.461,0.594,0.755,0.5,321.53,17.56,25.03,17.48,3.43,56.5302
2514552,São José de Princesa,PB,0,361.6965,3.5908,0.565,0.443,0.533,0.765,0.45,221.16,23.52,31.1,12.31,2.66,16.4731
2514602,São José do Bonfim,PB,0,268.7487,3.5586,0.578,0.493,0.549,0.713,0.48,244.14,20.45,26.58,18.73,2.26,42.0971
2514651,São José do Brejo do Cruz,PB,0,293.0602,3.2603,0.581,0.473,0.535,0.776,0.46,223.11,22.46,27.92,18.94,2.74,56.8884
2514701,São José do Sabugi,PB,0,216.4031,3.6184,0.617,0.514,0.584,0.781,0.43,302.36,7.69,27.22,23.67,4.49,64.3142
2514800,São José dos Cordeiros,PB,0,214.5253,3.5571,0.556,0.407,0.542,0.778,0.49,233.71,22.64,22.64,9.56,1.44,41.2296
2514909,São Mamede,PB,0,246.3621,3.8855,0.641,0.558,0.617,0.765,0.52,371.01,12.11,24.75,26.33,4.8,76.523
2515005,São Miguel de Taipu,PB,0,38.8068,3.8722,0.548,0.443,0.516,0.721,0.49,198.63,23.67,40.92,13.32,1.85,44.4594
2515104,São Sebastião de Lagoa de Roça,PB,0,109.6994,4.0716,0.594,0.471,0.561,0.795,0.48,262.87,18.56,26.02,16.56,4.42,42.1973
2515203,São Sebastião do Umbuzeiro,PB,0,260.6072,3.5483,0.581,0.459,0.561,0.763,0.46,263.04,15.15,25.13,18.35,3.69,64.8223
2515302,Sapé,PB,0,39.9998,4.7241,0.569,0.461,0.563,0.711,0.5,266.29,18.52,30.8,18.99,3.21,76.0645
2515401,São Vicente do Seridó,PB,0,172.7618,4.0382,0.555,0.453,0.528,0.714,0.47,214.38,25.72,22.86,14.24,3.03,44.9365
2515500,Serra Branca,PB,0,199.9859,4.1401,0.628,0.537,0.598,0.77,0.48,330.05,13.29,19.85,25.03,4.97,64.8886
2515609,Serra da Raiz,PB,0,81.304,3.4933,0.626,0.544,0.57,0.792,0.5,278.22,16.7,31.81,22.6,2.8,66.6355
2515708,Serra Grande,PB,0,386.3617,3.4655,0.586,0.491,0.549,0.745,0.47,244.05,21.11,30.81,17.31,2.33,59.6975
2515807,Serra Redonda,PB,0,88.4357,3.8452,0.57,0.424,0.565,0.772,0.48,268.53,21.28,31.9,16.08,2.78,51.1773
2515906,Serraria,PB,0,92.7464,3.7808,0.547,0.392,0.536,0.779,0.5,224.2,24.56,41.2,14.29,2.57,55.5787
2515930,Sertãozinho,PB,0,76.8113,3.712,0.621,0.561,0.554,0.769,0.46,252.11,21.67,28.43,23.12,4.61,73.1513
2515971,Sobrado,PB,0,40.2535,3.8946,0.573,0.477,0.525,0.753,0.49,210.08,25.88,33.3,15.46,1.57,11.9761
2516003,Solânea,PB,0,96.6467,4.4158,0.595,0.468,0.592,0.762,0.56,318.38,20.91,31.21,18.7,5.12,72.4235
2516102,Soledade,PB,0,164.6378,4.1822,0.616,0.506,0.598,0.772,0.51,330.05,13.21,20.08,22.04,3.01,74.4668
2516151,Sossêgo,PB,0,157.5771,3.56,0.573,0.46,0.531,0.769,0.5,218.2,28.38,31.34,13.25,1.51,49.9211
2516201,Sousa,PB,0,372.9242,4.8451,0.668,0.567,0.645,0.814,0.54,443.81,9.58,22.53,26.98,6.75,78.8429
2516300,Sumé,PB,0,228.7678,4.2329,0.627,0.534,0.602,0.765,0.5,339.68,11.31,25.49,24.62,5.01,76.1893
2516409,Tacima,PB,0,111.963,4.0423,0.551,0.45,0.513,0.726,0.49,195.07,27.34,30.76,17.22,3.03,42.5648
2516508,Taperoá,PB,0,215.8529,4.1905,0.578,0.456,0.564,0.749,0.48,267.88,17.92,28.22,17.21,4.21,59.8487
2516607,Tavares,PB,0,335.7678,4.17,0.586,0.462,0.56,0.777,0.52,260.75,24.22,30.95,13.01,3.81,46.912
2516706,Teixeira,PB,0,262.4936,4.1856,0.605,0.527,0.566,0.741,0.55,271.44,25.63,23.97,25.76,5.45,68.0492
2516755,Tenório,PB,0,195.0494,3.4918,0.581,0.49,0.565,0.707,0.43,269.63,13.91,29.09,16.89,3.38,59.4739
2516805,Triunfo,PB,0,416.0979,3.9765,0.609,0.501,0.578,0.78,0.49,292.24,19.83,28.54,18.45,2.53,46.7354
2516904,Uiraúna,PB,0,396.257,4.1863,0.636,0.528,0.612,0.797,0.54,361.37,14.62,26.73,23.74,5.19,70.9613
2517001,Umbuzeiro,PB,0,107.0889,3.9962,0.584,0.514,0.545,0.712,0.54,237.25,27.1,35.17,19.08,2.9,42.8694
2517100,Várzea,PB,0,237.6797,3.4579,0.707,0.714,0.619,0.8,0.4,377.4,6.76,13.3,35.9,5.16,73.2827
2517209,Vieirópolis,PB,0,381.8026,3.732,0.571,0.455,0.537,0.762,0.45,226.49,23.59,37.93,13.46,2.43,19.7423
2517407,Zabelê,PB,0,265.5382,3.3558,0.623,0.587,0.567,0.725,0.43,272.94,12.76,22.99,23.81,4.42,70.9398
2600054,Abreu e Lima,PE,0,17.6394,5.003,0.679,0.632,0.625,0.791,0.45,390.4,6.99,10.15,35.6,3.28,91.7356
2600104,Afogados da Ingazeira,PE,0,304.7529,4.5746,0.657,0.565,0.623,0.807,0.56,386.56,16.09,23.12,26.45,6.44,78.0951
2600203,Afrânio,PE,0,674.8967,4.3006,0.588,0.493,0.542,0.761,0.53,233.59,27.14,25.78,15.75,2.66,33.3276
2600302,Agrestina,PE,0,124.3461,4.4021,0.592,0.47,0.581,0.76,0.48,297.02,15.31,32.35,15.74,2.48,74.7696
2600401,Água Preta,PE,0,99.8132,4.5727,0.553,0.432,0.514,0.761,0.49,195.47,24.59,30.66,17.42,2.64,56.6551
2600500,Águas Belas,PE,0,271.9467,4.6427,0.526,0.385,0.546,0.691,0.58,239.3,31.96,40.23,14.34,2.65,61.0513
2600609,Alagoinha,PE,0,212.3851,4.1702,0.599,0.472,0.569,0.801,0.49,275.5,18.93,26.62,19.12,3.57,56.4649
2600708,Aliança,PE,0,63.1908,4.5844,0.604,0.488,0.565,0.799,0.49,269.86,11.87,27.22,20.14,2.86,54.1147
2600807,Altinho,PE,0,137.2908,4.3617,0.598,0.482,0.559,0.792,0.51,259.21,22.53,34.63,16.23,2.39,57.1556
2600906,Amaraji,PE,0,71.1023,4.36,0.58,0.454,0.575,0.748,0.5,286.59,11.07,30.92,17.01,3.06,73.1346
2601003,Angelim,PE,0,178.9868,4.0531,0.572,0.448,0.555,0.751,0.58,253.26,27.85,33.4,16.61,2.79,59.6648
2601052,Araçoiaba,PE,0,38.2019,4.3209,0.592,0.498,0.544,0.765,0.45,236.1,16.32,24.04,20.25,1.61,84.0934
2601102,Araripina,PE,0,620.7263,4.931,0.602,0.467,0.595,0.785,0.56,324.01,17.75,25.33,19.26,6.12,60.6815
2601201,Arcoverde,PE,0,241.8884,4.8768,0.667,0.567,0.654,0.799,0.58,469.53,13.31,17.57,33.66,9.33,91.0965
2601300,Barra de Guabiraba,PE,0,94.0149,4.1653,0.577,0.474,0.558,0.726,0.51,257.4,17.45,34.84,17.21,2.25,89.1515
2601409,Barreiros,PE,0,90.2449,4.6321,0.586,0.491,0.561,0.73,0.54,263.2,21.12,23.56,25.88,4.19,83.4283
2601508,Belém de Maria,PE,0,121.6646,4.0853,0.578,0.479,0.537,0.749,0.47,226.82,15.21,32.49,17.93,1.91,70.3867
2601607,Belém do São Francisco,PE,0,454.8207,4.3166,0.642,0.553,0.611,0.784,0.63,357.77,22.24,21.71,30.23,8.58,62.1241
2601706,Belo Jardim,PE,0,171.2126,4.8861,0.629,0.514,0.617,0.783,0.51,372.93,12.11,24.82,23.89,6.6,80.3968
2601805,Betânia,PE,0,347.4526,4.1076,0.559,0.441,0.533,0.742,0.55,220.19,31.35,32.98,13.97,3.05,30.9256
2601904,Bezerros,PE,0,97.1863,4.785,0.606,0.487,0.608,0.752,0.52,351.75,14.75,28.12,17.82,3.75,84.7822
2602001,Bodocó,PE,0,556.7593,4.5866,0.565,0.445,0.543,0.745,0.55,234.36,28.08,29.91,18.41,3.39,36.4753
2602100,Bom Conselho,PE,0,231.7767,4.69,0.563,0.433,0.585,0.704,0.62,305.57,27.22,34.05,18.67,3.88,65.444
2602209,Bom Jardim,PE,0,82.2766,4.6025,0.602,0.515,0.552,0.767,0.48,248.98,21.75,30.14,19.03,2.7,40.1708
2602308,Bonito,PE,0,102.9988,4.5809,0.561,0.42,0.559,0.754,0.55,258.52,23.7,31.6,16.35,4.0,69.7652
2602407,Brejão,PE,0,213.2021,3.9533,0.547,0.417,0.54,0.725,0.49,230.85,19.77,31.86,15.32,2.83,40.2985
2602506,Brejinho,PE,0,276.0465,3.8744,0.574,0.493,0.563,0.681,0.49,266.21,22.81,25.37,17.38,4.6,46.3391
2602605,Brejo da Madre de Deus,PE,0,163.3652,4.7135,0.562,0.417,0.581,0.734,0.47,296.7,12.87,32.31,12.8,2.81,77.7424
2602704,Buenos Aires,PE,0,61.4093,4.1214,0.593,0.481,0.556,0.778,0.45,254.03,13.79,28.11,20.44,2.37,63.1491
2602803,Buíque,PE,0,257.1587,4.7741,0.527,0.395,0.497,0.746,0.57,176.76,38.73,40.18,11.44,2.69,40.6775
2602902,Cabo de Santo Agostinho,PE,0,30.1433,5.3239,0.686,0.609,0.654,0.812,0.53,467.07,5.98,13.0,35.6,3.6,90.6813
2603009,Cabrobó,PE,0,489.036,4.5413,0.623,0.539,0.581,0.773,0.58,298.14,22.12,23.71,22.75,3.8,64.1272
2603108,Cachoeirinha,PE,0,155.545,4.3142,0.579,0.439,0.587,0.753,0.48,308.18,15.44,32.13,15.97,2.24,80.796
2603207,Caetés,PE,0,206.7361,4.4634,0.522,0.392,0.497,0.732,0.6,176.77,42.77,38.63,10.01,1.58,28.2951
2603306,Calçado,PE,0,175.7457,4.0407,0.566,0.468,0.529,0.731,0.53,215.47,30.24,32.38,17.05,2.21,34.2472
2603405,Calumbi,PE,0,359.7609,3.7592,0.571,0.46,0.567,0.715,0.54,272.66,25.95,32.6,16.22,2.15,38.5977
2603454,Camaragibe,PE,0,12.6601,5.204,0.692,0.628,0.656,0.805,0.51,473.78,5.1,10.79,37.23,5.12,100.0
2603504,Camocim de São Félix,PE,0,102.0195,4.2795,0.588,0.472,0.585,0.738,0.53,305.53,16.0,31.95,16.66,3.05,83.764
2603603,Camutanga,PE,0,84.8456,3.9341,0.606,0.514,0.57,0.76,0.48,278.04,15.0,26.87,23.2,4.2,80.1128
2603702,Canhotinho,PE,0,170.07,4.3935,0.541,0.403,0.543,0.725,0.52,234.75,23.79,36.31,16.2,2.92,57.5262
2603801,Capoeiras,PE,0,205.0003,4.3021,0.549,0.419,0.529,0.746,0.5,215.71,26.23,31.88,12.74,1.71,31.9655
2603900,Carnaíba,PE,0,321.1702,4.2937,0.583,0.505,0.54,0.727,0.53,229.87,30.19,27.07,18.08,3.92,41.0466
2603926,Carnaubeira da Penha,PE,0,425.1914,4.1178,0.573,0.508,0.491,0.755,0.56,170.02,40.47,27.46,21.57,2.79,16.8223
2604007,Carpina,PE,0,47.2076,4.9301,0.68,0.619,0.63,0.806,0.5,403.76,8.86,16.09,35.71,6.93,96.2569
2604106,Caruaru,PE,0,121.2308,5.5674,0.677,0.569,0.681,0.799,0.53,553.99,5.66,15.58,30.94,7.63,88.7832
2604155,Casinhas,PE,0,98.7335,4.1582,0.567,0.489,0.518,0.721,0.45,200.83,23.28,31.43,14.86,2.14,12.3783
2604205,Catende,PE,0,113.8244,4.6413,0.609,0.515,0.578,0.76,0.54,292.74,17.49,26.79,25.01,4.47,76.3115
2604304,Cedro,PE,0,480.4538,4.0782,0.615,0.573,0.565,0.717,0.56,269.64,22.82,22.32,25.26,4.41,58.3689
2604403,Chã de Alegria,PE,0,36.4803,4.1348,0.604,0.529,0.546,0.762,0.44,239.04,18.95,24.69,24.49,2.4,77.1122
2604502,Chã Grande,PE,0,66.3762,4.341,0.599,0.443,0.603,0.803,0.55,341.34,12.43,30.8,17.2,3.32,67.9942
2604601,Condado,PE,0,57.7284,4.4274,0.602,0.527,0.581,0.713,0.53,297.68,15.29,27.23,23.69,3.76,93.2254
2604700,Correntes,PE,0,197.8365,4.2631,0.536,0.385,0.551,0.726,0.52,247.2,20.16,32.51,16.61,3.33,59.2973
2604809,Cortês,PE,0,85.2074,4.0984,0.568,0.478,0.541,0.707,0.47,232.22,17.97,28.89,18.49,3.1,63.4517
2604908,Cumaru,PE,0,88.8743,3.9774,0.572,0.47,0.553,0.72,0.5,249.32,22.42,32.07,15.19,3.46,46.7846
2605004,Cupira,PE,0,131.7355,4.3845,0.592,0.453,0.601,0.763,0.49,336.81,12.1,30.69,18.28,4.03,88.8713
2605103,Custódia,PE,0,303.0042,4.5756,0.594,0.489,0.607,0.706,0.53,350.0,17.83,27.21,18.12,4.78,64.1441
2605152,Dormentes,PE,0,648.6617,4.2843,0.589,0.495,0.558,0.741,0.47,257.72,16.8,26.22,19.18,3.15,35.4909
2605202,Escada,PE,0,50.7071,4.8432,0.632,0.543,0.594,0.781,0.46,322.46,9.35,21.7,26.26,2.76,84.9599
2605301,Exu,PE,0,535.9833,4.5012,0.576,0.454,0.543,0.775,0.57,234.83,29.07,25.22,19.07,3.29,51.5331
2605400,Feira Nova,PE,0,56.6746,4.3495,0.6,0.46,0.581,0.807,0.48,296.5,15.18,29.32,15.6,2.77,79.301
2605459,Fernando de Noronha,PE,0,541.1392,3.4969,0.788,0.748,0.781,0.839,0.46,1034.14,0.0,5.01,40.62,10.24,100.0
2605509,Ferreiros,PE,0,79.0063,4.0869,0.622,0.519,0.589,0.787,0.5,311.83,13.0,28.44,21.25,3.71,80.1575
2605608,Flores,PE,0,340.19,4.3543,0.556,0.423,0.544,0.745,0.5,236.31,28.03,32.94,12.98,2.66,42.2392
2605707,Floresta,PE,0,409.5222,4.5249,0.626,0.538,0.588,0.775,0.52,310.39,16.24,18.4,30.66,7.19,68.2022
2605806,Frei Miguelinho,PE,0,114.6333,4.194,0.576,0.438,0.575,0.758,0.46,286.08,17.1,31.52,10.62,2.1,23.7109
2605905,Gameleira,PE,0,79.7198,4.4994,0.602,0.532,0.541,0.759,0.46,231.5,14.12,26.69,26.55,1.5,69.8768
2606002,Garanhuns,PE,0,198.903,5.1503,0.664,0.556,0.662,0.795,0.59,492.44,12.07,17.57,31.68,9.47,89.1413
2606101,Glória do Goitá,PE,0,44.9657,4.4892,0.604,0.506,0.57,0.765,0.52,278.33,16.55,29.98,19.69,3.3,53.1858
2606200,Goiana,PE,0,57.2732,4.905,0.651,0.576,0.614,0.779,0.54,364.77,12.71,18.56,31.83,5.3,76.708
2606309,Granito,PE,0,522.4931,3.88,0.595,0.502,0.543,0.773,0.54,234.9,28.79,27.12,18.86,2.46,46.3603
2606408,Gravatá,PE,0,76.8022,4.931,0.634,0.51,0.63,0.794,0.53,402.96,9.67,22.27,21.42,4.19,89.4413
2606507,Iati,PE,0,241.4825,4.2852,0.528,0.369,0.518,0.768,0.55,200.95,34.12,39.37,10.86,2.11,42.037
2606606,Ibimirim,PE,0,312.7158,4.4711,0.552,0.446,0.533,0.706,0.51,220.98,25.84,31.97,16.6,1.62,55.2608
2606705,Ibirajuba,PE,0,153.3185,3.8906,0.58,0.476,0.545,0.753,0.47,238.23,20.91,35.41,16.8,1.54,41.6777
2606804,Igarassu,PE,0,26.1718,5.0781,0.665,0.606,0.622,0.781,0.48,384.1,8.44,14.2,34.0,3.57,92.0703
2606903,Iguaracy,PE,0,290.628,4.0887,0.598,0.48,0.58,0.77,0.54,295.88,19.08,28.45,14.6,2.85,51.872
2607000,Inajá,PE,0,336.061,4.3808,0.523,0.4,0.503,0.711,0.6,182.73,41.19,35.98,15.75,3.29,41.7064
2607109,Ingazeira,PE,0,286.1579,3.6568,0.608,0.51,0.575,0.766,0.53,286.41,20.9,26.87,20.67,3.53,54.6263
2607208,Ipojuca,PE,0,41.8339,4.9961,0.619,0.499,0.613,0.774,0.5,362.68,8.71,20.64,24.22,3.0,74.0591
2607307,Ipubi,PE,0,581.3473,4.4985,0.55,0.433,0.541,0.712,0.53,231.47,26.09,30.23,15.48,2.42,61.4438
2607406,Itacuruba,PE,0,424.156,3.7001,0.595,0.523,0.567,0.712,0.46,271.71,16.09,21.56,30.73,5.22,84.8707
2607505,Itaíba,PE,0,294.835,4.4194,0.51,0.364,0.531,0.688,0.51,218.32,27.48,39.73,10.93,2.59,36.8982
2607604,Ilha de Itamaracá,PE,0,35.8799,4.4326,0.653,0.548,0.627,0.809,0.6,394.85,15.06,15.34,25.49,4.0,77.6503
2607653,Itambé,PE,0,76.6611,4.5622,0.575,0.463,0.566,0.727,0.5,271.0,16.39,30.5,18.74,3.28,83.1233
2607703,Itapetim,PE,0,264.5526,4.1301,0.592,0.494,0.598,0.704,0.55,331.14,23.82,25.63,18.25,3.77,60.7017
2607752,Itapissuma,PE,0,32.1051,4.4337,0.633,0.564,0.589,0.764,0.54,312.47,15.35,18.53,24.36,2.53,77.0752
2607802,Itaquitinga,PE,0,49.9647,4.2319,0.586,0.509,0.554,0.715,0.45,251.09,16.22,27.72,21.02,2.38,76.8799
2607901,Jaboatão dos Guararapes,PE,0,11.9507,5.8521,0.717,0.642,0.692,0.83,0.58,593.9,6.35,9.13,40.4,7.77,97.8243
2607950,Jaqueira,PE,0,124.3289,4.0657,0.575,0.454,0.557,0.751,0.59,256.76,24.15,32.67,18.02,3.03,61.5773
2608008,Jataúba,PE,0,177.4568,4.2382,0.53,0.381,0.549,0.712,0.49,244.26,20.78,34.29,12.46,1.93,58.0568
2608057,Jatobá,PE,0,392.6136,4.1733,0.645,0.573,0.604,0.775,0.57,342.33,21.07,22.63,26.32,4.95,43.558
2608107,João Alfredo,PE,0,80.5805,4.526,0.576,0.466,0.569,0.72,0.49,276.15,19.74,35.7,12.39,2.75,48.8567
2608206,Joaquim Nabuco,PE,0,94.3254,4.2041,0.554,0.449,0.561,0.676,0.48,263.01,15.13,29.65,15.49,2.06,72.9348
2608255,Jucati,PE,0,190.1771,4.0624,0.55,0.451,0.541,0.681,0.5,232.08,24.71,32.67,13.26,1.81,26.6692
2608305,Jupi,PE,0,182.1508,4.1763,0.575,0.487,0.56,0.698,0.5,260.42,23.09,32.19,15.93,3.94,60.9704
2608404,Jurema,PE,0,155.4117,4.1899,0.509,0.372,0.522,0.681,0.51,206.22,30.28,37.95,10.21,1.04,60.1953
2608453,Lagoa do Carro,PE,0,52.6043,4.2655,0.609,0.505,0.566,0.789,0.45,271.36,15.32,23.66,20.1,2.01,72.6682
2608503,Lagoa de Itaenga,PE,0,46.7742,4.3322,0.602,0.509,0.555,0.774,0.45,252.8,13.83,26.86,17.93,2.43,82.8598
2608602,Lagoa do Ouro,PE,0,209.5931,4.1239,0.525,0.369,0.536,0.733,0.51,224.13,26.09,40.14,12.8,2.32,49.695
2608701,Lagoa dos Gatos,PE,0,129.6152,4.2134,0.551,0.416,0.555,0.725,0.5,253.4,21.98,39.05,13.91,2.32,55.3378
2608750,Lagoa Grande,PE,0,600.8083,4.4165,0.597,0.52,0.581,0.705,0.52,296.99,16.39,24.43,22.42,3.55,45.7645
2608800,Lajedo,PE,0,171.1425,4.6115,0.611,0.503,0.599,0.758,0.5,333.52,13.16,26.23,18.67,4.15,72.0624
2608909,Limoeiro,PE,0,65.5841,4.7493,0.663,0.583,0.628,0.797,0.51,398.37,9.27,20.0,28.57,4.96,80.3766
2609006,Macaparana,PE,0,83.6528,4.4076,0.609,0.508,0.571,0.778,0.51,278.93,17.16,31.59,21.0,3.96,61.9979
2609105,Machados,PE,0,80.4571,4.2188,0.578,0.466,0.541,0.767,0.48,231.75,19.98,29.35,19.03,1.55,62.1801
2609154,Manari,PE,0,317.1848,4.3446,0.487,0.354,0.477,0.682,0.54,155.49,41.05,39.85,7.63,1.47,21.1138
2609204,Maraial,PE,0,129.504,4.0452,0.534,0.403,0.541,0.698,0.54,232.31,22.18,35.09,13.88,2.04,69.9836
2609303,Mirandiba,PE,0,423.4033,4.1917,0.591,0.525,0.512,0.769,0.58,193.86,34.58,23.67,23.63,3.08,49.9091
2609402,Moreno,PE,0,23.5078,4.8048,0.652,0.564,0.61,0.805,0.53,356.7,12.07,16.83,27.51,3.75,88.5371
2609501,Nazaré da Mata,PE,0,51.4477,4.5142,0.662,0.604,0.608,0.789,0.49,351.46,11.04,19.2,30.16,5.72,88.2647
2609600,Olinda,PE,0,8.3677,5.5952,0.735,0.675,0.704,0.836,0.55,640.13,4.99,7.03,46.5,11.79,98.0287
2609709,Orobó,PE,0,86.5435,4.3799,0.61,0.528,0.545,0.787,0.52,237.64,25.35,29.41,19.19,2.85,35.9865
2609808,Orocó,PE,0,521.4444,4.1849,0.61,0.553,0.536,0.766,0.51,224.41,23.16,23.97,23.82,3.69,35.0303
2609907,Ouricuri,PE,0,572.1454,4.848,0.572,0.419,0.578,0.773,0.6,291.75,25.72,28.77,17.08,3.59,50.6479
2610004,Palmares,PE,0,103.0358,4.8044,0.622,0.55,0.588,0.744,0.49,311.09,13.14,21.46,28.93,5.51,78.7656
2610103,Palmeirina,PE,0,189.5176,3.8756,0.549,0.438,0.554,0.681,0.51,251.44,22.85,33.07,18.42,3.87,63.2312
2610202,Panelas,PE,0,139.6432,4.4222,0.569,0.433,0.546,0.778,0.56,238.61,29.62,38.0,13.95,2.56,54.4512
2610301,Paranatama,PE,0,216.6976,4.0648,0.537,0.418,0.528,0.703,0.55,213.74,34.36,37.07,14.42,1.46,20.3709
2610400,Parnamirim,PE,0,515.9904,4.3463,0.599,0.499,0.556,0.776,0.59,255.27,30.95,24.8,23.27,3.92,41.4211
2610509,Passira,PE,0,76.8441,4.4602,0.592,0.487,0.559,0.763,0.5,259.04,19.53,32.15,15.76,2.01,48.7111
2610608,Paudalho,PE,0,36.8843,4.7585,0.639,0.545,0.612,0.782,0.56,360.06,11.74,21.18,25.16,4.3,70.744
2610707,Paulista,PE,0,13.3039,5.5275,0.732,0.703,0.673,0.83,0.49,528.04,5.25,6.13,47.84,7.69,100.0
2610806,Pedra,PE,0,231.1316,4.3563,0.567,0.445,0.55,0.743,0.53,244.48,23.23,32.98,19.04,4.22,57.2861
2610905,Pesqueira,PE,0,201.4692,4.8329,0.61,0.506,0.597,0.751,0.56,329.16,20.08,25.33,22.89,5.06,71.7071
2611002,Petrolândia,PE,0,380.2365,4.5711,0.623,0.531,0.604,0.755,0.55,344.04,16.39,18.15,26.71,5.95,72.6979
2611101,Petrolina,PE,0,634.2772,5.5555,0.697,0.611,0.695,0.799,0.62,605.06,6.99,12.04,37.81,9.46,74.5726
2611200,Poção,PE,0,200.4769,4.0534,0.528,0.402,0.542,0.677,0.54,233.91,29.56,33.96,16.25,3.31,62.1598
2611309,Pombos,PE,0,56.5731,4.4346,0.598,0.463,0.584,0.79,0.48,302.97,12.99,28.73,15.37,3.02,66.5849
2611408,Primavera,PE,0,59.2559,4.1827,0.58,0.444,0.572,0.767,0.44,281.27,10.91,28.18,17.9,2.83,63.8366
2611507,Quipapá,PE,0,149.9864,4.4201,0.552,0.427,0.53,0.743,0.48,215.92,21.35,36.45,12.88,2.43,48.8423
2611533,Quixaba,PE,0,327.9911,3.8323,0.577,0.482,0.53,0.752,0.49,216.87,27.64,28.18,13.85,2.55,37.0233
2611606,Recife,PE,1,0.0,6.2204,0.772,0.698,0.798,0.825,0.68,1144.26,4.77,7.13,50.38,19.11,100.0
2611705,Riacho das Almas,PE,0,107.2356,4.3169,0.57,0.418,0.586,0.757,0.51,306.61,17.62,34.47,12.71,1.89,45.7259
2611804,Ribeirão,PE,0,73.2066,4.6795,0.602,0.516,0.595,0.711,0.5,324.47,9.98,23.29,24.69,3.74,76.5161
2611903,Rio Formoso,PE,0,72.814,4.3751,0.613,0.506,0.562,0.809,0.44,264.16,12.51,22.49,25.05,3.21,60.372
2612000,Sairé,PE,0,95.0688,3.9823,0.585,0.44,0.581,0.784,0.45,297.91,10.97,33.57,12.69,1.05,56.0943
2612109,Salgadinho,PE,0,83.6186,4.0498,0.534,0.405,0.516,0.73,0.52,198.91,27.47,43.21,15.16,1.49,32.8823
2612208,Salgueiro,PE,0,465.9095,4.7893,0.669,0.58,0.645,0.799,0.59,441.79,13.7,16.25,30.64,7.69,80.7237
2612307,Saloá,PE,0,222.8386,4.2009,0.559,0.421,0.559,0.744,0.55,259.1,29.48,35.05,13.37,1.63,50.0882
2612406,Sanharó,PE,0,187.1835,4.4363,0.603,0.514,0.564,0.758,0.51,267.58,18.03,25.83,18.87,3.66,56.9346
2612455,Santa Cruz,PE,0,600.0647,4.1963,0.549,0.438,0.522,0.722,0.57,206.07,34.75,32.51,14.78,2.46,32.713
2612471,Santa Cruz da Baixa Verde,PE,0,360.4793,4.1041,0.612,0.523,0.557,0.786,0.51,256.26,22.31,26.02,19.59,2.82,44.8419
2612505,Santa Cruz do Capibaribe,PE,0,145.2892,5.0485,0.648,0.506,0.667,0.806,0.45,507.05,3.13,16.01,18.56,2.68,97.7301
2612554,Santa Filomena,PE,0,630.5121,4.1657,0.533,0.406,0.496,0.752,0.55,175.48,38.32,31.93,13.84,2.88,16.648
2612604,Santa Maria da Boa Vista,PE,0,549.0617,4.626,0.59,0.472,0.564,0.773,0.55,267.86,22.14,21.2,20.62,3.62,37.7228
2612703,Santa Maria do Cambucá,PE,0,112.6848,4.1556,0.548,0.393,0.571,0.735,0.46,279.1,16.22,35.38,10.9,2.17,25.1517
2612802,Santa Terezinha,PE,0,295.7039,4.0761,0.593,0.524,0.54,0.737,0.51,229.83,28.32,24.7,21.54,3.64,62.5603
2612901,São Benedito do Sul,PE,0,141.605,4.2106,0.53,0.406,0.499,0.736,0.52,178.27,30.47,33.36,16.26,1.65,51.345
2613008,São Bento do Una,PE,0,178.7388,4.7822,0.593,0.446,0.593,0.789,0.6,319.47,20.97,29.57,15.69,2.95,52.4004
2613107,São Caetano,PE,0,140.5148,4.5739,0.591,0.469,0.583,0.756,0.5,300.16,18.6,29.38,14.15,2.79,76.7676
2613206,São João,PE,0,186.222,4.3618,0.57,0.426,0.565,0.768,0.56,269.44,25.34,32.83,13.54,3.07,45.3078
2613305,São Joaquim do Monte,PE,0,109.3119,4.3312,0.537,0.381,0.549,0.741,0.53,244.22,25.25,35.12,11.32,2.73,68.9282
2613404,São José da Coroa Grande,PE,0,96.6676,4.3398,0.608,0.522,0.585,0.736,0.58,304.5,21.15,23.63,26.92,5.01,73.9054
2613503,São José do Belmonte,PE,0,426.8161,4.5325,0.61,0.52,0.569,0.769,0.54,275.14,23.99,28.22,23.08,3.78,49.5692
2613602,São José do Egito,PE,0,270.9174,4.5342,0.635,0.554,0.602,0.769,0.53,338.9,16.55,22.1,23.42,4.89,65.8519
2613701,São Lourenço da Mata,PE,0,18.3451,5.0604,0.653,0.571,0.614,0.793,0.5,364.43,11.04,15.96,30.03,3.23,94.0541
2613800,São Vicente Ferrer,PE,0,84.4004,4.2589,0.549,0.414,0.558,0.715,0.56,257.47,20.16,30.69,14.33,2.74,65.8882
2613909,Serra Talhada,PE,0,375.2629,4.9418,0.661,0.571,0.632,0.8,0.56,407.34,14.68,21.03,29.17,5.32,77.3362
2614006,Serrita,PE,0,485.0389,4.2839,0.595,0.512,0.542,0.76,0.56,233.56,27.94,26.25,23.85,3.95,34.6735
2614105,Sertânia,PE,0,261.8558,4.5586,0.613,0.51,0.601,0.752,0.6,337.53,21.81,27.18,22.32,5.17,54.9235
2614204,Sirinhaém,PE,0,64.089,4.6707,0.597,0.492,0.568,0.763,0.44,273.75,8.7,25.43,21.16,2.58,53.3155
2614303,Moreilândia,PE,0,516.0917,4.0519,0.6,0.54,0.522,0.768,0.54,206.11,29.35,25.13,21.53,5.01,61.4265
2614402,Solidão,PE,0,308.158,3.7806,0.585,0.485,0.547,0.755,0.56,240.64,30.11,25.96,17.3,2.97,31.8767
2614501,Surubim,PE,0,98.8666,4.8208,0.635,0.548,0.617,0.756,0.52,372.11,12.33,24.87,24.59,4.11,75.2559
2614600,Tabira,PE,0,296.7367,4.4603,0.605,0.504,0.57,0.77,0.51,278.14,18.5,23.09,18.84,3.52,74.8061
2614709,Tacaimbó,PE,0,156.7877,4.1087,0.554,0.423,0.536,0.748,0.5,225.21,26.26,36.79,13.36,3.31,55.6778
2614808,Tacaratu,PE,0,377.1951,4.4222,0.573,0.507,0.521,0.711,0.49,205.06,28.74,25.11,17.58,2.15,41.6531
2614857,Tamandaré,PE,0,74.7483,4.3775,0.593,0.479,0.583,0.745,0.55,301.15,16.0,22.95,22.71,3.78,73.232
2615003,Taquaritinga do Norte,PE,0,128.3674,4.4694,0.641,0.52,0.636,0.796,0.42,419.74,4.23,22.95,19.9,2.53,72.1238
2615102,Terezinha,PE,0,220.299,3.859,0.545,0.425,0.536,0.711,0.53,225.28,26.1,37.15,15.27,2.32,42.4521
2615201,Terra Nova,PE,0,494.0784,4.0134,0.599,0.533,0.545,0.741,0.49,237.89,25.53,20.94,22.53,5.14,54.0418
2615300,Timbaúba,PE,0,77.4367,4.7209,0.618,0.519,0.592,0.769,0.5,318.8,14.55,21.39,22.25,4.24,86.144
2615409,Toritama,PE,0,128.7412,4.6729,0.618,0.452,0.655,0.797,0.43,470.44,2.71,20.6,16.07,2.42,95.9808
2615508,Tracunhaém,PE,0,48.0982,4.1416,0.605,0.504,0.567,0.776,0.46,272.81,9.22,25.21,19.44,2.15,84.0214
2615607,Trindade,PE,0,593.1045,4.4928,0.595,0.455,0.602,0.768,0.57,338.39,14.5,25.56,18.09,4.95,86.0162
2615706,Triunfo,PE,0,355.3376,4.1828,0.67,0.591,0.624,0.817,0.56,389.44,15.96,16.95,28.57,6.16,52.9388
2615805,Tupanatinga,PE,0,280.3074,4.4439,0.519,0.379,0.494,0.747,0.61,172.52,45.08,38.41,12.45,2.72,34.9396
2615904,Tuparetama,PE,0,271.7705,3.9173,0.634,0.557,0.612,0.749,0.47,360.29,7.08,21.43,21.46,4.45,80.1388
2616001,Venturosa,PE,0,226.2178,4.275,0.592,0.484,0.57,0.751,0.52,276.94,18.59,27.6,17.6,3.58,64.4343
2616100,Verdejante,PE,0,450.0805,3.981,0.605,0.52,0.56,0.76,0.54,260.66,26.06,26.35,20.87,5.36,29.4465
2616183,Vertente do Lério,PE,0,110.8988,3.8766,0.563,0.461,0.532,0.726,0.45,219.88,21.34,33.24,13.5,1.89,23.0281
2616209,Vertentes,PE,0,122.4202,4.3258,0.582,0.45,0.602,0.728,0.46,337.92,10.58,24.44,15.6,3.28,71.0185
2616308,Vicência,PE,0,65.8336,4.5172,0.605,0.534,0.551,0.754,0.48,246.44,17.12,23.5,19.89,4.13,44.9206
2616407,Vitória de Santo Antão,PE,0,45.0097,5.1473,0.64,0.543,0.629,0.768,0.54,401.16,10.51,21.77,25.58,4.75,87.2705
2616506,Xexéu,PE,0,115.4199,4.1699,0.552,0.436,0.549,0.703,0.49,243.39,16.88,33.29,19.92,2.9,65.0678
2700102,Água Branca,AL,0,249.4585,4.3067,0.549,0.432,0.527,0.728,0.56,213.0,33.3,30.92,15.77,3.19,26.325
2700201,Anadia,AL,0,65.73,4.2432,0.568,0.444,0.546,0.756,0.53,239.53,21.93,36.16,17.66,2.66,51.3602
2700300,Arapiraca,AL,0,105.2757,5.3698,0.649,0.549,0.638,0.78,0.55,423.28,11.15,22.45,25.63,6.2,84.8018
2700409,Atalaia,AL,0,39.2908,4.6771,0.561,0.431,0.545,0.752,0.5,237.33,16.39,33.57,14.23,2.48,50.6678
2700508,Barra de Santo Antônio,AL,0,35.6339,4.2095,0.557,0.428,0.552,0.732,0.52,247.81,18.89,27.94,13.61,2.42,93.0569
2700607,Barra de São Miguel,AL,0,30.0213,3.926,0.615,0.475,0.638,0.767,0.55,422.78,9.21,23.71,23.09,5.94,86.0972
2700706,Batalha,AL,0,156.2605,4.2658,0.594,0.496,0.563,0.752,0.49,265.62,14.89,30.84,20.78,2.41,70.52
2700805,Belém,AL,0,87.5266,3.6259,0.593,0.464,0.587,0.764,0.56,309.5,19.73,33.33,18.09,3.35,41.1338
2700904,Belo Monte,AL,0,173.7886,3.8272,0.517,0.376,0.507,0.725,0.65,187.77,43.52,38.11,10.1,1.28,16.6572
2701001,Boca da Mata,AL,0,55.9441,4.4382,0.604,0.518,0.56,0.758,0.51,260.2,15.82,27.32,21.12,3.32,67.6986
2701100,Branquinha,AL,0,57.8042,4.0181,0.513,0.362,0.534,0.699,0.42,221.93,13.72,41.58,8.75,1.51,63.054
2701209,Cacimbinhas,AL,0,144.8519,4.0382,0.531,0.384,0.559,0.697,0.6,259.72,26.56,40.61,12.58,3.87,52.9868
2701308,Cajueiro,AL,0,58.2752,4.3304,0.562,0.473,0.542,0.691,0.49,232.85,17.05,33.86,16.22,1.93,80.7683
2701357,Campestre,AL,0,91.5452,3.8434,0.559,0.435,0.55,0.729,0.47,245.43,17.46,32.41,19.77,2.8,83.9648
2701407,Campo Alegre,AL,0,72.6178,4.7634,0.57,0.47,0.531,0.742,0.47,217.72,18.66,27.41,17.35,1.79,43.6103
2701506,Campo Grande,AL,0,123.8023,3.9812,0.524,0.387,0.502,0.739,0.58,181.54,39.94,39.27,10.57,1.08,46.3353
2701605,Canapi,AL,0,217.4448,4.2483,0.506,0.357,0.504,0.719,0.6,183.83,43.44,40.35,10.1,1.27,32.1043
2701704,Capela,AL,0,49.3578,4.2281,0.573,0.456,0.554,0.743,0.49,251.36,16.49,31.98,18.45,2.75,74.0762
2701803,Carneiros,AL,0,184.5431,3.9808,0.526,0.398,0.517,0.709,0.54,199.58,32.31,29.96,12.96,1.54,56.7189
2701902,Chã Preta,AL,0,79.1885,3.864,0.575,0.481,0.537,0.737,0.5,226.6,23.42,35.51,19.32,2.84,62.8044
2702009,Coité do Nóia,AL,0,96.2858,4.0251,0.533,0.398,0.52,0.73,0.52,203.15,32.43,38.95,11.0,2.6,34.2028
2702108,Colônia Leopoldina,AL,0,83.2125,4.3411,0.517,0.363,0.548,0.693,0.53,242.28,22.18,34.59,15.01,2.51,76.5223
2702207,Coqueiro Seco,AL,0,10.5959,3.7695,0.586,0.457,0.582,0.757,0.49,299.47,14.34,28.23,21.67,2.82,89.9928
2702306,Coruripe,AL,0,73.368,4.7608,0.626,0.541,0.591,0.769,0.52,315.85,16.0,23.9,20.7,3.54,88.3234
2702355,Craíbas,AL,0,117.4698,4.3873,0.525,0.408,0.517,0.687,0.53,199.54,30.89,39.67,11.63,1.38,32.3661
2702405,Delmiro Gouveia,AL,0,253.8261,4.7202,0.612,0.494,0.599,0.774,0.52,332.13,16.76,23.35,19.29,2.98,72.4676
2702504,Dois Riachos,AL,0,155.2794,4.0437,0.532,0.385,0.513,0.762,0.55,194.81,33.71,39.13,10.72,1.61,46.7371
2702553,Estrela de Alagoas,AL,0,119.8021,4.2625,0.534,0.41,0.515,0.72,0.51,196.92,31.5,40.47,9.21,1.35,23.3552
2702603,Feira Grande,AL,0,110.2236,4.3462,0.533,0.402,0.512,0.736,0.53,193.07,30.9,38.76,10.61,1.74,16.0452
2702702,Feliz Deserto,AL,0,96.5897,3.6815,0.565,0.462,0.55,0.708,0.49,245.49,17.64,33.5,16.73,4.68,80.1151
2702801,Flexeiras,AL,0,43.1698,4.108,0.527,0.4,0.528,0.693,0.47,213.44,19.56,32.2,12.78,1.9,65.0467
2702900,Girau do Ponciano,AL,0,126.2213,4.6186,0.536,0.405,0.498,0.762,0.58,177.55,39.22,35.97,11.69,1.39,30.8689
2703007,Ibateguara,AL,0,80.1025,4.1942,0.518,0.393,0.517,0.684,0.53,199.68,25.56,38.75,11.12,1.69,61.6212
2703106,Igaci,AL,0,102.5623,4.4082,0.564,0.424,0.547,0.774,0.57,241.17,30.19,38.08,12.91,1.99,24.5514
2703205,Igreja Nova,AL,0,116.5415,4.3922,0.568,0.428,0.556,0.771,0.65,254.34,32.99,36.97,11.9,1.93,20.5006
2703304,Inhapi,AL,0,230.1568,4.2648,0.484,0.316,0.501,0.718,0.67,180.64,44.91,40.36,7.57,1.3,37.4288
2703403,Jacaré dos Homens,AL,0,165.1347,3.7147,0.583,0.481,0.543,0.759,0.49,235.11,16.2,28.12,15.37,2.26,56.0133
2703502,Jacuípe,AL,0,94.983,3.8446,0.548,0.41,0.532,0.755,0.46,219.52,16.42,30.82,13.85,2.66,62.241
2703601,Japaratinga,AL,0,80.0314,3.9265,0.57,0.451,0.56,0.735,0.52,260.92,19.12,29.67,18.19,3.99,42.6619
2703700,Jaramataia,AL,0,142.7196,3.7597,0.552,0.451,0.532,0.701,0.48,219.1,17.23,39.17,15.76,3.51,52.4109
2703759,Jequiá da Praia,AL,0,52.7008,4.0605,0.556,0.43,0.517,0.772,0.47,199.39,20.48,28.14,12.66,2.23,23.9338
2703809,Joaquim Gomes,AL,0,58.5911,4.3832,0.531,0.386,0.509,0.764,0.5,190.23,26.85,39.68,9.65,0.93,64.1285
2703908,Jundiá,AL,0,81.8604,3.6148,0.562,0.434,0.573,0.715,0.54,282.87,16.9,33.73,15.6,3.79,67.2775
2704005,Junqueiro,AL,0,89.5723,4.393,0.575,0.454,0.586,0.714,0.57,306.96,19.81,32.26,16.33,3.33,32.7362
2704104,Lagoa da Canoa,AL,0,114.9002,4.2478,0.552,0.443,0.541,0.703,0.51,231.56,23.16,38.38,15.33,2.22,50.2192
2704203,Limoeiro de Anadia,AL,0,88.3571,4.461,0.58,0.457,0.575,0.742,0.64,285.98,25.23,35.1,14.93,1.39,8.321
2704302,Maceió,AL,1,0.0,6.0135,0.721,0.635,0.739,0.799,0.63,792.54,5.29,11.86,43.16,14.24,99.9336
2704401,Major Isidoro,AL,0,141.4753,4.2994,0.566,0.424,0.566,0.755,0.54,270.04,21.88,35.91,14.94,3.24,49.2459
2704500,Maragogi,AL,0,88.9236,4.5231,0.574,0.443,0.556,0.766,0.54,253.86,21.19,29.35,18.47,3.75,64.7849
2704609,Maravilha,AL,0,187.6332,3.9469,0.569,0.46,0.539,0.742,0.58,229.39,30.95,30.08,16.17,2.13,49.9514
2704708,Marechal Deodoro,AL,0,22.7188,4.723,0.642,0.52,0.641,0.793,0.6,431.43,13.34,21.9,27.98,5.71,94.3776
2704807,Maribondo,AL,0,66.972,4.118,0.597,0.487,0.581,0.751,0.49,297.05,12.98,29.69,18.16,1.83,73.2653
2704906,Mar Vermelho,AL,0,78.593,3.5408,0.577,0.465,0.54,0.766,0.47,229.81,18.2,29.99,18.88,2.65,44.8521
2705002,Mata Grande,AL,0,230.1512,4.4014,0.504,0.369,0.506,0.685,0.57,186.87,41.39,38.79,10.46,2.22,22.9735
2705101,Matriz de Camaragibe,AL,0,58.8173,4.3914,0.584,0.473,0.541,0.777,0.46,231.82,16.2,31.47,19.33,1.37,92.8989
2705200,Messias,AL,0,33.5599,4.2601,0.568,0.46,0.557,0.714,0.49,256.45,13.84,29.9,17.39,1.8,90.9514
2705309,Minador do Negrão,AL,0,133.6214,3.7255,0.563,0.43,0.541,0.767,0.54,231.37,26.59,43.89,12.45,1.66,42.6919
2705408,Monteirópolis,AL,0,169.3505,3.8556,0.539,0.443,0.497,0.71,0.49,176.62,29.33,37.49,14.18,1.38,36.2653
2705507,Murici,AL,0,46.8513,4.4537,0.527,0.395,0.542,0.685,0.48,233.16,18.59,30.65,14.64,3.38,82.7705
2705606,Novo Lino,AL,0,79.9252,4.1085,0.521,0.375,0.546,0.69,0.55,239.75,22.2,36.14,14.56,1.61,60.7629
2705705,Olho d'Água das Flores,AL,0,175.5825,4.3363,0.565,0.422,0.568,0.752,0.55,274.46,19.15,29.22,17.26,2.52,68.6948
2705804,Olho d'Água do Casado,AL,0,234.7167,3.978,0.525,0.35,0.527,0.785,0.54,211.97,30.1,35.08,10.33,2.44,47.4267
2705903,Olho d'Água Grande,AL,0,128.8907,3.7104,0.503,0.399,0.473,0.673,0.59,151.62,46.25,41.97,11.05,1.16,24.2687
2706000,Olivença,AL,0,164.0308,4.0675,0.493,0.345,0.513,0.677,0.56,195.19,34.74,36.66,10.14,1.3,28.3968
2706109,Ouro Branco,AL,0,189.558,4.0634,0.547,0.434,0.538,0.7,0.55,227.56,30.39,30.53,16.73,1.78,63.0499
2706208,Palestina,AL,0,178.6251,3.7042,0.558,0.467,0.505,0.735,0.59,185.39,35.35,34.56,16.74,2.87,63.3216
2706307,Palmeira dos Índios,AL,0,105.7731,4.866,0.638,0.523,0.625,0.794,0.56,391.37,15.3,24.41,23.94,6.59,73.343
2706406,Pão de Açúcar,AL,0,190.2409,4.3857,0.593,0.491,0.536,0.793,0.57,224.33,31.38,30.72,19.81,2.62,45.227
2706422,Pariconha,AL,0,257.1028,4.0231,0.548,0.416,0.526,0.754,0.5,211.13,28.06,31.96,12.52,1.65,27.2408
2706448,Paripueira,AL,0,26.6836,4.1298,0.605,0.486,0.595,0.767,0.53,324.93,11.01,24.19,21.36,2.52,88.5609
2706505,Passo de Camaragibe,AL,0,51.6896,4.1838,0.533,0.421,0.513,0.703,0.48,194.73,23.75,32.23,13.44,1.54,48.9602
2706604,Paulo Jacinto,AL,0,80.2385,3.8783,0.589,0.507,0.551,0.732,0.52,247.2,20.93,32.0,21.31,3.64,66.0921
2706703,Penedo,AL,0,119.385,4.8062,0.63,0.536,0.602,0.774,0.55,339.15,15.87,22.83,25.61,6.47,74.5636
2706802,Piaçabuçu,AL,0,115.4446,4.2521,0.572,0.479,0.538,0.727,0.52,227.65,23.35,31.77,17.02,3.22,60.6638
2706901,Pilar,AL,0,27.7218,4.5479,0.61,0.509,0.578,0.771,0.51,292.06,15.2,24.48,23.02,2.84,95.4842
2707008,Pindoba,AL,0,67.3394,3.4628,0.574,0.465,0.579,0.703,0.58,292.88,23.0,35.29,13.94,3.4,57.1179
2707107,Piranhas,AL,0,224.6316,4.4035,0.589,0.462,0.563,0.786,0.6,265.96,31.07,30.49,18.14,3.92,57.2315
2707206,Poço das Trincheiras,AL,0,177.5493,4.1598,0.526,0.419,0.484,0.719,0.64,162.21,46.66,33.63,8.64,0.78,14.7275
2707305,Porto Calvo,AL,0,75.3894,4.4367,0.586,0.498,0.558,0.723,0.47,257.64,13.58,28.44,22.25,2.53,78.5631
2707404,Porto de Pedras,AL,0,71.5542,3.8818,0.541,0.379,0.542,0.769,0.53,233.72,22.34,32.26,15.01,2.94,56.9225
2707503,Porto Real do Colégio,AL,0,135.5843,4.3044,0.551,0.431,0.513,0.758,0.61,195.26,38.12,34.46,14.7,2.18,34.1678
2707602,Quebrangulo,AL,0,92.9616,4.0493,0.559,0.421,0.536,0.775,0.53,224.78,27.11,32.23,14.58,2.63,56.3937
2707701,Rio Largo,AL,0,25.5064,4.8789,0.643,0.547,0.616,0.788,0.48,369.11,7.86,18.28,25.58,3.0,81.6971
2707800,Roteiro,AL,0,36.0813,3.8218,0.505,0.365,0.524,0.672,0.47,208.84,22.33,38.03,9.73,1.85,87.5901
2707909,Santa Luzia do Norte,AL,0,15.1392,3.8659,0.597,0.477,0.58,0.77,0.48,295.95,13.27,23.13,20.86,2.95,89.5661
2708006,Santana do Ipanema,AL,0,172.3108,4.6804,0.591,0.463,0.579,0.77,0.61,293.85,29.25,28.94,20.4,4.14,60.5025
2708105,Santana do Mundaú,AL,0,79.6138,4.0268,0.519,0.362,0.513,0.752,0.49,194.87,27.39,38.72,12.89,1.1,51.6194
2708204,São Brás,AL,0,140.757,3.8437,0.572,0.48,0.533,0.732,0.61,220.92,37.67,34.7,19.65,3.64,47.3802
2708303,São José da Laje,AL,0,82.1199,4.3814,0.573,0.434,0.574,0.755,0.48,284.02,9.97,31.13,17.37,3.09,67.8436
2708402,São José da Tapera,AL,0,184.832,4.5114,0.527,0.409,0.508,0.703,0.58,188.84,39.7,37.04,12.86,3.11,38.6765
2708501,São Luís do Quitunde,AL,0,41.3422,4.5419,0.536,0.4,0.55,0.701,0.5,244.85,18.87,33.85,15.21,1.92,63.5197
2708600,São Miguel dos Campos,AL,0,45.0243,4.7947,0.623,0.514,0.612,0.77,0.51,360.82,10.11,21.28,25.28,4.33,96.3153
2708709,São Miguel dos Milagres,AL,0,56.9729,3.907,0.591,0.504,0.545,0.752,0.48,237.78,18.57,28.59,22.01,4.82,31.565
2708808,São Sebastião,AL,0,97.8292,4.5369,0.549,0.432,0.537,0.714,0.54,225.84,27.1,37.41,14.81,3.45,38.4536
2708907,Satuba,AL,0,17.2298,4.1474,0.66,0.585,0.619,0.794,0.52,377.42,7.07,18.53,33.33,3.29,87.5984
2708956,Senador Rui Palmeira,AL,0,193.3586,4.1428,0.518,0.398,0.481,0.728,0.55,159.61,42.4,36.65,10.25,1.4,30.2292
2709004,Tanque d'Arca,AL,0,81.8606,3.7864,0.555,0.43,0.531,0.748,0.5,217.85,24.91,38.52,13.04,1.22,34.9559
2709103,Taquarana,AL,0,87.1881,4.3045,0.541,0.421,0.529,0.71,0.51,215.16,26.61,37.95,11.96,2.59,38.4543
2709152,Teotônio Vilela,AL,0,76.7267,4.649,0.564,0.466,0.549,0.7,0.51,244.39,20.26,28.87,16.51,1.57,84.5281
2709202,Traipu,AL,0,147.0208,4.4461,0.532,0.395,0.499,0.765,0.64,178.79,47.15,42.69,12.95,4.2,31.231
2709301,União dos Palmares,AL,0,66.5557,4.8193,0.593,0.462,0.59,0.764,0.53,313.92,15.38,31.62,19.1,3.45,76.4152
2709400,Viçosa,AL,0,67.7557,4.4092,0.586,0.478,0.554,0.758,0.59,251.25,29.56,33.47,20.09,3.14,72.0786
2800100,Amparo de São Francisco,SE,0,86.988,3.3777,0.611,0.55,0.569,0.728,0.51,275.32,22.03,23.84,28.51,3.6,80.8791
2800209,Aquidabã,SE,0,68.4105,4.3384,0.578,0.452,0.573,0.747,0.54,282.19,21.64,29.5,17.78,3.97,57.125
2800308,Aracaju,SE,1,0.0,5.8278,0.77,0.708,0.784,0.823,0.62,1052.03,3.43,6.61,54.24,19.2,100.0
2800407,Arauá,SE,0,73.2643,3.993,0.595,0.49,0.55,0.783,0.5,245.7,19.14,27.51,17.46,2.87,41.2484
2800506,Areia Branca,SE,0,33.3639,4.2747,0.579,0.434,0.579,0.773,0.48,294.32,12.01,24.64,15.9,2.17,48.5911
2800605,Barra dos Coqueiros,SE,0,0.7626,4.4975,0.649,0.545,0.647,0.776,0.54,448.81,9.36,13.3,29.77,4.45,83.6243
2800670,Boquim,SE,0,68.1956,4.431,0.604,0.492,0.581,0.771,0.5,296.54,17.23,24.19,21.6,3.88,62.6405
2800704,Brejo Grande,SE,0,83.1558,3.9241,0.54,0.435,0.515,0.701,0.51,197.69,28.23,31.48,16.02,2.89,51.9504
2801009,Campo do Brito,SE,0,52.2267,4.263,0.621,0.484,0.625,0.793,0.54,391.94,8.95,28.17,18.9,3.79,49.7343
2801108,Canhoba,SE,0,85.8361,3.6024,0.569,0.462,0.553,0.722,0.52,249.3,20.76,32.18,18.63,2.93,37.8918
2801207,Canindé de São Francisco,SE,0,161.1393,4.4899,0.567,0.435,0.566,0.741,0.55,270.17,21.74,29.96,15.45,4.44,56.9675
2801306,Capela,SE,0,44.6079,4.5417,0.615,0.51,0.596,0.766,0.53,326.55,12.51,24.8,22.14,4.36,64.1787
2801405,Carira,SE,0,93.9844,4.3501,0.588,0.442,0.581,0.791,0.49,297.74,14.9,34.82,14.8,2.87,55.8155
2801504,Carmópolis,SE,0,29.6259,4.2363,0.643,0.546,0.623,0.783,0.55,385.16,10.72,14.46,32.1,3.74,79.3601
2801603,Cedro de São João,SE,0,75.4915,3.773,0.623,0.543,0.608,0.731,0.53,352.53,9.94,21.18,28.56,4.99,89.384
2801702,Cristinápolis,SE,0,99.5185,4.2596,0.553,0.414,0.54,0.755,0.5,229.99,20.22,30.45,15.39,3.33,50.4631
2801900,Cumbe,SE,0,63.0543,3.6029,0.604,0.512,0.576,0.748,0.49,288.67,13.75,26.52,23.75,5.12,59.5594
2802007,Divina Pastora,SE,0,27.8422,3.7235,0.61,0.527,0.571,0.753,0.4,278.62,6.96,23.15,28.37,2.41,48.5206
2802106,Estância,SE,0,58.6237,4.8446,0.647,0.552,0.627,0.782,0.52,395.41,10.37,17.89,29.12,6.05,85.0192
2802205,Feira Nova,SE,0,76.6128,3.7495,0.584,0.473,0.546,0.773,0.47,238.42,18.46,30.24,18.57,1.87,67.3742
2802304,Frei Paulo,SE,0,67.6418,4.1956,0.589,0.428,0.623,0.768,0.48,386.65,6.98,26.55,16.01,2.72,59.1971
2802403,Gararu,SE,0,104.5829,4.0644,0.564,0.422,0.544,0.783,0.61,236.06,33.63,30.77,17.18,5.31,24.8312
2802502,General Maynard,SE,0,25.4057,3.5342,0.645,0.567,0.609,0.776,0.54,354.58,17.57,15.23,33.87,3.51,62.9225
2802601,Gracho Cardoso,SE,0,77.4307,3.7657,0.577,0.468,0.562,0.729,0.56,264.86,23.62,29.95,17.34,3.02,47.8831
2802700,Ilha das Flores,SE,0,76.5904,3.9305,0.562,0.469,0.514,0.735,0.56,195.64,32.2,25.71,18.03,3.61,65.1054
2802809,Indiaroba,SE,0,84.9322,4.2633,0.58,0.475,0.533,0.772,0.53,220.89,27.93,26.72,19.02,5.25,35.2789
2802908,Itabaiana,SE,0,48.1367,4.9861,0.642,0.513,0.645,0.801,0.52,443.39,6.98,21.79,22.14,4.85,77.856
2803005,Itabaianinha,SE,0,90.5246,4.6274,0.556,0.407,0.555,0.761,0.51,253.22,19.32,29.83,14.27,3.11,49.8818
2803104,Itabi,SE,0,87.3276,3.6874,0.602,0.512,0.569,0.748,0.47,276.77,16.81,30.87,19.0,1.41,55.35
2803203,Itaporanga d'Ajuda,SE,0,30.0391,4.5447,0.561,0.414,0.548,0.779,0.49,242.62,18.99,24.55,19.19,2.62,39.0184
2803302,Japaratuba,SE,0,37.1958,4.2803,0.621,0.544,0.581,0.757,0.5,296.93,15.63,20.58,28.0,5.26,46.8631
2803401,Japoatã,SE,0,67.9603,4.1278,0.56,0.455,0.551,0.7,0.49,246.68,17.65,30.84,14.79,2.98,33.3282
2803500,Lagarto,SE,0,67.4975,5.0254,0.625,0.515,0.613,0.775,0.5,362.8,10.57,25.32,21.57,4.38,51.5143
2803609,Laranjeiras,SE,0,17.3397,4.4818,0.642,0.582,0.589,0.772,0.49,313.29,11.37,15.66,32.02,3.71,79.0164
2803708,Macambira,SE,0,60.4707,3.8452,0.583,0.474,0.573,0.728,0.43,282.4,8.94,31.5,15.94,2.6,47.8519
2803807,Malhada dos Bois,SE,0,63.9355,3.57,0.599,0.531,0.56,0.722,0.46,261.05,13.03,23.66,21.75,3.47,46.2963
2803906,Malhador,SE,0,39.7772,4.1034,0.587,0.442,0.587,0.781,0.45,308.04,9.59,24.73,15.19,4.16,46.7198
2804003,Maruim,SE,0,19.3189,4.2387,0.618,0.511,0.59,0.781,0.48,314.55,12.1,17.66,23.83,2.42,73.6768
2804102,Moita Bonita,SE,0,48.8687,4.0554,0.587,0.429,0.596,0.792,0.44,326.89,6.73,26.52,13.86,3.36,41.8144
2804201,Monte Alegre de Sergipe,SE,0,112.9313,4.1851,0.553,0.431,0.539,0.726,0.56,229.3,29.06,33.83,13.95,4.19,59.0225
2804300,Muribeca,SE,0,54.2731,3.8838,0.626,0.554,0.575,0.771,0.49,286.8,14.91,24.69,26.55,6.43,44.7712
2804409,Neópolis,SE,0,83.5404,4.2716,0.589,0.505,0.575,0.702,0.55,286.69,22.16,22.72,25.57,5.37,56.8302
2804458,Nossa Senhora Aparecida,SE,0,72.2428,3.9456,0.577,0.43,0.577,0.774,0.56,289.16,24.9,37.75,15.7,4.55,40.6088
2804508,Nossa Senhora da Glória,SE,0,86.9695,4.5765,0.587,0.456,0.591,0.75,0.52,316.84,14.77,26.69,19.29,4.44,66.52
2804607,Nossa Senhora das Dores,SE,0,48.8245,4.4307,0.6,0.497,0.579,0.749,0.51,294.53,17.53,28.39,19.26,4.52,65.2034
2804706,Nossa Senhora de Lourdes,SE,0,92.1364,3.8135,0.598,0.532,0.56,0.719,0.49,261.29,18.37,28.91,23.72,3.95,52.7573
2804805,Nossa Senhora do Socorro,SE,0,10.9139,5.2735,0.664,0.581,0.62,0.811,0.47,379.98,8.09,10.69,31.46,2.48,96.8886
2804904,Pacatuba,SE,0,67.0698,4.1658,0.555,0.454,0.514,0.731,0.58,195.47,37.31,29.42,16.77,3.87,20.4613
2805000,Pedra Mole,SE,0,76.7323,3.5197,0.593,0.499,0.599,0.698,0.54,332.75,14.41,27.72,21.13,4.8,40.2488
2805109,Pedrinhas,SE,0,76.0548,3.988,0.592,0.486,0.568,0.75,0.52,273.91,19.07,26.65,20.25,4.89,73.2594
2805208,Pinhão,SE,0,82.7885,3.8246,0.583,0.48,0.58,0.711,0.42,295.24,10.33,30.16,19.31,2.59,55.5667
2805307,Pirambu,SE,0,27.6596,3.9748,0.603,0.515,0.558,0.764,0.53,257.65,21.37,20.03,22.87,4.3,58.6211
2805406,Poço Redondo,SE,0,140.8515,4.5498,0.529,0.376,0.519,0.76,0.59,202.24,36.41,35.58,11.98,1.75,27.649
2805505,Poço Verde,SE,0,125.2344,4.3803,0.561,0.417,0.563,0.751,0.51,266.56,22.67,29.85,14.52,2.78,56.0069
2805604,Porto da Folha,SE,0,112.6603,4.4592,0.568,0.462,0.537,0.739,0.56,226.66,27.95,31.51,16.41,3.94,36.6721
2805703,Propriá,SE,0,80.9258,4.4736,0.661,0.593,0.629,0.776,0.54,400.35,12.03,18.68,32.31,6.82,85.7263
2805802,Riachão do Dantas,SE,0,76.4278,4.297,0.539,0.381,0.527,0.781,0.48,212.37,22.3,29.23,11.64,2.53,25.1315
2805901,Riachuelo,SE,0,25.1545,4.0151,0.617,0.52,0.591,0.766,0.5,317.28,11.41,17.01,28.42,4.41,83.9658
2806008,Ribeirópolis,SE,0,58.1996,4.2763,0.613,0.49,0.61,0.769,0.45,357.17,7.32,28.5,20.21,4.85,69.4579
2806107,Rosário do Catete,SE,0,23.7148,4.0476,0.631,0.571,0.603,0.731,0.5,341.06,11.68,14.14,31.57,5.42,70.5889
2806206,Salgado,SE,0,48.6005,4.3021,0.609,0.486,0.588,0.789,0.51,311.33,13.6,27.47,20.56,4.21,34.5675
2806305,Santa Luzia do Itanhy,SE,0,66.1868,4.1524,0.545,0.414,0.513,0.764,0.53,194.24,27.64,33.03,11.91,2.07,22.4767
2806404,Santana do São Francisco,SE,0,84.5591,3.898,0.59,0.526,0.544,0.716,0.48,236.25,19.53,21.02,23.23,3.18,64.2654
2806503,Santa Rosa de Lima,SE,0,33.3002,3.5947,0.592,0.514,0.527,0.766,0.45,213.07,19.63,27.17,20.69,1.92,57.0019
2806602,Santo Amaro das Brotas,SE,0,13.9502,4.0864,0.637,0.543,0.613,0.778,0.57,362.46,20.19,18.89,28.1,4.35,71.9632
2806701,São Cristóvão,SE,0,21.2166,4.9642,0.662,0.581,0.624,0.8,0.47,388.36,8.59,12.8,33.53,4.68,84.5316
2806800,São Domingos,SE,0,58.2301,4.0522,0.588,0.471,0.572,0.756,0.41,281.44,9.52,33.36,16.97,3.33,50.112
2806909,São Francisco,SE,0,64.8144,3.584,0.587,0.49,0.564,0.732,0.48,267.3,13.51,26.72,21.35,6.43,70.1149
2807006,São Miguel do Aleixo,SE,0,68.4287,3.5981,0.567,0.424,0.571,0.753,0.49,279.25,15.58,33.54,15.03,3.46,47.2418
2807105,Simão Dias,SE,0,85.2391,4.6099,0.604,0.492,0.579,0.775,0.49,293.99,17.9,26.78,18.43,2.86,52.7776
2807204,Siriri,SE,0,34.3208,3.9565,0.609,0.541,0.565,0.74,0.47,268.51,12.88,20.69,27.54,4.14,39.7426
2807303,Telha,SE,0,79.6711,3.5147,0.604,0.542,0.564,0.722,0.48,268.17,14.15,27.33,22.67,5.26,38.113
2807402,Tobias Barreto,SE,0,108.2426,4.7231,0.557,0.404,0.609,0.702,0.55,353.87,14.46,28.34,16.0,4.18,67.0858
2807501,Tomar do Geru,SE,0,100.9437,4.1314,0.551,0.432,0.52,0.746,0.47,203.09,24.15,32.08,15.17,2.79,37.4329
2807600,Umbaúba,SE,0,85.0519,4.4116,0.579,0.476,0.567,0.719,0.46,272.53,10.48,24.73,17.77,2.97,62.062
2900108,Abaíra,BA,0,344.6726,3.9386,0.603,0.51,0.577,0.746,0.46,290.53,18.39,19.45,18.2,2.5,44.9254
2900207,Abaré,BA,0,482.0851,4.3137,0.575,0.46,0.533,0.776,0.55,220.16,27.85,26.85,17.76,3.16,52.9126
2900306,Acajutiba,BA,0,158.7766,4.1822,0.582,0.487,0.56,0.723,0.57,260.46,26.23,22.31,21.03,2.32,87.1767
2900355,Adustina,BA,0,279.3011,4.2358,0.546,0.432,0.526,0.718,0.54,211.37,32.84,35.53,11.26,2.4,35.4859
2900405,Água Fria,BA,0,130.5566,4.2329,0.55,0.422,0.529,0.747,0.53,215.12,28.8,27.26,14.11,1.64,36.7237
2900504,Érico Cardoso,BA,0,397.4903,4.0217,0.584,0.471,0.558,0.758,0.49,258.28,23.69,30.27,19.32,2.09,18.5652
2900603,Aiquara,BA,0,195.2616,3.6422,0.583,0.471,0.573,0.733,0.44,283.24,11.27,23.76,20.71,3.46,58.2355
2900702,Alagoinhas,BA,0,98.1743,5.1848,0.683,0.592,0.681,0.79,0.55,553.17,8.02,10.11,40.06,6.82,87.3849
2900801,Alcobaça,BA,0,506.5323,4.3524,0.608,0.476,0.611,0.771,0.53,357.99,13.94,23.59,18.86,3.33,52.1132
2900900,Almadina,BA,0,225.2139,3.7221,0.563,0.421,0.563,0.751,0.46,265.39,12.12,31.82,16.28,1.16,79.9119
2901007,Amargosa,BA,0,120.2774,4.5755,0.625,0.492,0.616,0.807,0.56,369.84,14.55,20.85,25.58,3.16,72.4608
2901106,Amélia Rodrigues,BA,0,74.2432,4.3979,0.666,0.6,0.609,0.81,0.49,354.66,11.26,13.22,31.4,2.86,79.2259
2901155,América Dourada,BA,0,364.674,4.2064,0.561,0.464,0.506,0.751,0.5,186.1,31.14,27.53,14.76,1.8,67.8654
2901205,Anagé,BA,0,335.7277,4.3269,0.54,0.371,0.549,0.771,0.48,243.52,21.74,33.89,10.69,0.89,19.2977
2901304,Andaraí,BA,0,308.3556,4.118,0.555,0.415,0.54,0.764,0.59,230.36,30.4,26.56,16.92,3.29,55.6805
2901353,Andorinha,BA,0,331.0623,4.1588,0.588,0.474,0.586,0.731,0.55,305.81,22.07,25.71,18.1,1.5,43.0692
2901403,Angical,BA,0,683.1157,4.1431,0.625,0.556,0.564,0.778,0.54,266.89,22.07,24.54,22.27,1.67,46.408
2901502,Anguera,BA,0,126.7503,4.0557,0.589,0.471,0.565,0.766,0.48,269.0,14.26,22.7,19.78,1.78,42.2378
2901601,Antas,BA,0,289.8415,4.2936,0.592,0.491,0.573,0.739,0.52,283.59,17.47,28.33,20.78,1.48,37.254
2901700,Antônio Cardoso,BA,0,94.0029,4.0671,0.561,0.422,0.544,0.768,0.46,236.86,22.49,29.07,16.71,1.1,27.9124
2901809,Antônio Gonçalves,BA,0,333.7708,4.0775,0.598,0.498,0.58,0.741,0.51,295.7,16.01,19.72,20.88,2.81,52.5011
2901908,Aporá,BA,0,157.5212,4.2514,0.548,0.425,0.516,0.751,0.56,199.04,37.72,27.81,16.09,2.49,47.9668
2901957,Apuarema,BA,0,164.5829,3.8618,0.552,0.413,0.555,0.735,0.46,252.3,13.05,31.03,15.21,1.63,68.6017
2902005,Aracatu,BA,0,357.5175,4.1126,0.581,0.439,0.591,0.754,0.45,316.6,12.39,29.35,12.36,1.97,28.6546
2902054,Araçás,BA,0,94.3047,4.0877,0.57,0.462,0.54,0.744,0.53,230.75,25.88,23.15,19.2,1.51,50.2292
2902104,Araci,BA,0,193.647,4.7396,0.534,0.381,0.534,0.747,0.57,221.98,31.46,34.37,14.52,2.05,38.0206
2902203,Aramari,BA,0,103.0449,4.0614,0.588,0.47,0.568,0.761,0.51,274.61,18.05,19.58,19.2,3.35,51.0662
2902252,Arataca,BA,0,268.9402,4.0376,0.559,0.413,0.557,0.758,0.47,256.14,12.78,31.58,13.14,0.93,53.7721
2902302,Aratuípe,BA,0,56.2489,3.9468,0.575,0.443,0.57,0.753,0.52,278.23,17.32,24.62,20.29,2.54,64.1121
2902401,Aurelino Leal,BA,0,170.5406,4.0445,0.568,0.434,0.555,0.759,0.45,253.19,12.91,26.72,18.72,2.25,84.0456
2902500,Baianópolis,BA,0,660.8838,4.1455,0.589,0.492,0.543,0.763,0.57,235.05,33.94,30.64,16.46,2.19,25.1408
2902609,Baixa Grande,BA,0,216.7705,4.3103,0.585,0.471,0.549,0.775,0.53,243.98,24.43,25.56,16.81,2.2,41.5653
2902658,Banzaê,BA,0,271.7256,4.1222,0.579,0.468,0.539,0.769,0.46,228.54,23.3,26.34,15.45,1.26,34.2136
2902708,Barra,BA,0,549.6622,4.7342,0.557,0.457,0.503,0.75,0.59,183.03,41.55,23.54,17.32,2.07,45.5063
2902807,Barra da Estiva,BA,0,314.97,4.3053,0.575,0.469,0.566,0.717,0.53,270.66,18.55,18.03,19.38,2.7,49.1056
2902906,Barra do Choça,BA,0,305.0912,4.489,0.551,0.386,0.563,0.77,0.44,266.13,12.55,27.71,12.54,1.98,64.4101
2903003,Barra do Mendes,BA,0,410.3226,4.1182,0.63,0.553,0.578,0.784,0.57,292.41,24.88,14.72,22.02,2.46,44.7272
2903102,Barra do Rocha,BA,0,179.2765,3.7415,0.577,0.465,0.585,0.705,0.52,304.56,13.45,26.79,20.82,2.63,60.2883
2903201,Barreiras,BA,0,713.7222,5.1998,0.721,0.668,0.695,0.807,0.56,602.82,5.52,10.33,43.49,8.23,90.0413
2903235,Barro Alto,BA,0,397.1319,4.181,0.607,0.55,0.551,0.739,0.51,247.32,24.6,18.21,21.15,2.32,49.3094
2903276,Barrocas,BA,0,177.2232,4.2102,0.61,0.503,0.574,0.786,0.46,284.41,14.71,19.7,22.41,2.69,40.1311
2903300,Barro Preto,BA,0,226.153,3.7253,0.602,0.508,0.576,0.744,0.49,287.6,15.21,26.18,23.4,2.45,82.0549
2903409,Belmonte,BA,0,319.3352,4.3718,0.598,0.48,0.577,0.771,0.5,289.9,13.19,24.76,20.33,1.88,52.3901
2903508,Belo Campo,BA,0,373.9008,4.2308,0.575,0.444,0.562,0.76,0.49,263.52,19.67,26.12,14.98,2.18,56.3573
2903607,Biritinga,BA,0,159.0256,4.2038,0.538,0.402,0.525,0.738,0.55,209.37,33.74,26.14,14.68,1.37,23.7059
2903706,Boa Nova,BA,0,238.0921,4.0806,0.567,0.453,0.535,0.753,0.51,223.48,24.98,31.7,11.03,1.89,37.6614
2903805,Boa Vista do Tupim,BA,0,232.9276,4.267,0.551,0.447,0.514,0.729,0.56,195.71,33.48,30.3,13.77,2.45,36.6461
2903904,Bom Jesus da Lapa,BA,0,534.4046,4.846,0.633,0.533,0.615,0.775,0.6,367.62,17.6,19.18,29.29,4.48,67.8938
2903953,Bom Jesus da Serra,BA,0,264.7712,3.9898,0.546,0.407,0.535,0.749,0.52,223.19,28.28,27.15,14.08,0.95,27.3707
2904001,Boninal,BA,0,363.1922,4.1619,0.612,0.514,0.564,0.789,0.53,267.7,23.73,22.02,20.24,2.59,33.64
2904050,Bonito,BA,0,323.4368,4.2304,0.561,0.467,0.552,0.685,0.5,249.0,18.47,20.32,16.87,2.56,42.0116
2904100,Boquira,BA,0,460.2572,4.3322,0.603,0.497,0.564,0.782,0.53,266.71,27.3,25.81,21.07,2.7,33.4165
2904209,Botuporã,BA,0,439.3782,4.0022,0.575,0.464,0.543,0.754,0.52,235.16,27.63,26.32,15.9,2.35,36.5429
2904308,Brejões,BA,0,141.762,4.1509,0.597,0.49,0.56,0.775,0.5,261.14,20.13,24.27,18.91,1.94,34.568
2904407,Brejolândia,BA,0,596.943,4.0284,0.592,0.523,0.533,0.746,0.56,221.22,29.92,26.31,19.12,1.14,17.911
2904506,Brotas de Macaúbas,BA,0,462.9315,4.0296,0.57,0.445,0.552,0.754,0.56,247.49,31.82,21.22,16.31,1.89,29.094
2904605,Brumado,BA,0,368.1818,4.8291,0.656,0.554,0.63,0.807,0.52,403.22,9.57,16.28,27.77,4.2,69.8601
2904704,Buerarema,BA,0,233.1014,4.2617,0.613,0.495,0.604,0.772,0.53,343.23,13.31,23.1,21.65,3.47,82.1123
2904753,Buritirama,BA,0,615.4505,4.3299,0.565,0.471,0.504,0.761,0.57,184.53,37.03,26.05,17.31,2.49,40.3316
2904803,Caatiba,BA,0,301.1464,3.7946,0.561,0.406,0.579,0.752,0.39,293.78,7.11,30.0,14.09,1.78,47.268
2904852,Cabaceiras do Paraguaçu,BA,0,92.5244,4.279,0.581,0.49,0.525,0.763,0.54,209.45,31.55,26.5,20.16,1.47,26.8021
2904902,Cachoeira,BA,0,69.9288,4.5271,0.647,0.577,0.615,0.762,0.56,368.11,16.73,16.01,35.19,4.4,51.1678
2905008,Caculé,BA,0,435.8886,4.3693,0.637,0.541,0.621,0.769,0.48,382.15,10.19,20.17,25.96,4.7,59.8534
2905107,Caém,BA,0,300.9734,3.95,0.546,0.434,0.535,0.701,0.54,223.48,29.29,25.16,17.02,1.79,35.2527
2905156,Caetanos,BA,0,300.1583,4.1665,0.542,0.409,0.536,0.725,0.5,224.38,27.58,27.04,10.75,1.7,24.1293
2905206,Caetité,BA,0,447.7021,4.7091,0.625,0.484,0.631,0.801,0.59,405.31,17.47,20.42,23.9,4.56,59.8695
2905305,Cafarnaum,BA,0,355.9722,4.2692,0.584,0.49,0.554,0.734,0.55,251.31,24.09,21.82,19.77,1.48,61.3807
2905404,Cairu,BA,0,79.8447,4.2711,0.627,0.51,0.6,0.807,0.53,334.19,16.03,15.53,25.27,5.27,52.9921
2905503,Caldeirão Grande,BA,0,297.049,4.1288,0.573,0.473,0.526,0.758,0.55,211.26,35.53,29.26,15.82,1.41,36.4903
2905602,Camacan,BA,0,288.4412,4.5055,0.581,0.419,0.608,0.768,0.6,351.84,16.75,22.82,17.41,2.4,78.4348
2905701,Camaçari,BA,0,39.2931,5.4903,0.694,0.616,0.681,0.798,0.53,553.18,6.01,7.78,39.09,5.24,95.4739
2905800,Camamu,BA,0,123.018,4.5495,0.565,0.452,0.562,0.71,0.54,264.63,21.36,26.65,17.26,3.13,44.3945
2905909,Campo Alegre de Lourdes,BA,0,628.1636,4.46,0.557,0.43,0.516,0.778,0.61,199.01,40.51,27.96,13.16,1.49,28.9284
2906006,Campo Formoso,BA,0,342.8609,4.8558,0.586,0.475,0.566,0.749,0.57,270.05,24.59,24.55,18.5,3.5,37.3229
2906105,Canápolis,BA,0,619.3157,3.9865,0.565,0.463,0.531,0.732,0.49,217.86,27.31,30.9,18.71,0.28,34.2721
2906204,Canarana,BA,0,385.3647,4.4227,0.587,0.496,0.555,0.734,0.48,252.39,20.18,19.01,18.22,1.78,47.5963
2906303,Canavieiras,BA,0,300.4368,4.4874,0.59,0.434,0.596,0.796,0.51,325.61,12.62,19.62,19.82,3.58,80.1058
2906402,Candeal,BA,0,151.2007,3.909,0.587,0.465,0.554,0.787,0.44,251.54,13.4,25.73,21.26,1.16,39.0781
2906501,Candeias,BA,0,38.5956,4.9436,0.691,0.616,0.652,0.823,0.48,462.57,7.22,9.08,37.3,2.76,91.3851
2906600,Candiba,BA,0,497.6506,4.1588,0.591,0.481,0.578,0.743,0.44,290.99,13.43,25.63,19.43,2.52,58.4784
2906709,Cândido Sales,BA,0,405.8926,4.3966,0.601,0.482,0.565,0.798,0.5,268.57,17.2,26.08,16.31,2.67,69.0809
2906808,Cansanção,BA,0,283.2173,4.5432,0.557,0.438,0.53,0.745,0.57,216.24,32.99,28.93,17.05,2.46,33.4903
2906824,Canudos,BA,0,352.2598,4.2261,0.562,0.453,0.554,0.707,0.53,251.59,25.03,25.23,16.95,1.93,55.2886
2906857,Capela do Alto Alegre,BA,0,209.2226,4.0643,0.599,0.48,0.582,0.77,0.49,299.05,15.56,27.98,17.09,1.72,48.5382
2906873,Capim Grosso,BA,0,245.7119,4.4921,0.621,0.514,0.62,0.752,0.54,378.85,11.44,20.75,21.88,2.4,81.8828
2906899,Caraíbas,BA,0,354.8626,3.9375,0.555,0.405,0.57,0.739,0.49,277.97,17.51,32.86,11.42,1.73,24.5842
2906907,Caravelas,BA,0,531.0573,4.3457,0.616,0.473,0.626,0.791,0.56,394.43,11.82,24.95,20.44,3.22,52.8112
2907004,Cardeal da Silva,BA,0,133.1617,3.9729,0.552,0.437,0.523,0.735,0.52,207.42,24.34,23.01,15.01,1.7,32.5992
2907103,Carinhanha,BA,0,587.5045,4.4642,0.576,0.477,0.525,0.763,0.51,209.51,24.67,25.91,21.38,1.48,44.3446
2907202,Casa Nova,BA,0,505.5802,4.8639,0.57,0.435,0.577,0.736,0.54,289.24,20.67,24.86,17.89,2.68,57.8118
2907301,Castro Alves,BA,0,105.4209,4.4211,0.613,0.504,0.591,0.774,0.54,316.1,17.02,22.66,22.7,2.6,61.7365
2907400,Catolândia,BA,0,695.593,3.5586,0.582,0.452,0.554,0.786,0.51,251.21,25.16,25.58,15.55,3.98,37.0214
2907509,Catu,BA,0,74.338,4.7421,0.677,0.578,0.66,0.814,0.55,486.05,9.38,11.12,33.0,3.72,83.707
2907558,Caturama,BA,0,413.794,3.9686,0.571,0.446,0.543,0.77,0.49,234.88,24.69,27.88,13.32,1.0,26.8461
2907608,Central,BA,0,445.9091,4.2379,0.596,0.538,0.54,0.728,0.54,231.1,28.78,20.01,25.07,2.53,47.9457
2907707,Chorrochó,BA,0,454.1244,4.05,0.6,0.503,0.552,0.779,0.58,248.5,28.93,28.38,23.22,4.64,24.5109
2907806,Cícero Dantas,BA,0,269.6215,4.5137,0.585,0.477,0.59,0.712,0.53,315.19,17.47,32.89,17.25,1.58,54.8793
2907905,Cipó,BA,0,212.8092,4.2406,0.601,0.496,0.589,0.744,0.55,312.03,17.9,23.83,24.22,3.01,71.6407
2908002,Coaraci,BA,0,213.855,4.2076,0.613,0.491,0.615,0.762,0.54,366.33,11.34,23.55,24.33,3.74,91.2517
2908101,Cocos,BA,0,667.1848,4.275,0.596,0.471,0.558,0.805,0.56,258.27,28.93,24.88,18.02,2.09,47.2208
2908200,Conceição da Feira,BA,0,79.4074,4.3605,0.634,0.548,0.606,0.766,0.56,348.39,15.33,16.03,30.84,2.05,64.4255
2908309,Conceição do Almeida,BA,0,78.56,4.2327,0.606,0.479,0.578,0.805,0.56,290.98,20.88,20.44,23.58,2.19,44.3066
2908408,Conceição do Coité,BA,0,183.1284,4.8286,0.611,0.517,0.587,0.752,0.48,309.61,15.15,19.84,23.13,2.96,58.4752
2908507,Conceição do Jacuípe,BA,0,82.534,4.5267,0.663,0.579,0.63,0.799,0.48,403.18,8.96,12.39,31.24,3.08,78.1429
2908606,Conde,BA,0,164.3135,4.4187,0.56,0.451,0.551,0.705,0.63,246.81,34.26,24.09,17.83,3.5,51.3506
2908705,Condeúba,BA,0,429.8076,4.2333,0.582,0.447,0.559,0.789,0.49,260.07,21.84,27.24,13.58,2.53,44.1591
2908804,Contendas do Sincorá,BA,0,288.7316,3.6048,0.577,0.477,0.579,0.695,0.51,293.12,17.18,26.71,19.06,3.11,49.2601
2908903,Coração de Maria,BA,0,89.8994,4.3501,0.592,0.489,0.558,0.762,0.52,257.21,22.92,21.0,21.54,2.13,41.9624
2909000,Cordeiros,BA,0,434.6145,3.9379,0.579,0.454,0.561,0.763,0.45,263.24,17.29,25.58,13.87,1.91,31.2316
2909109,Coribe,BA,0,651.4428,4.1495,0.6,0.491,0.545,0.807,0.58,237.03,32.28,28.37,18.78,2.32,42.923
2909208,Coronel João Sá,BA,0,310.1082,4.1917,0.535,0.392,0.545,0.716,0.48,238.18,19.32,39.29,12.44,3.85,41.2692
2909307,Correntina,BA,0,667.1414,4.5084,0.603,0.481,0.575,0.792,0.58,285.96,30.51,23.46,20.27,3.96,40.3341
2909406,Cotegipe,BA,0,635.2425,4.1385,0.59,0.504,0.545,0.746,0.56,237.5,28.55,29.82,20.06,0.84,48.7533
2909505,Cravolândia,BA,0,148.5335,3.7285,0.599,0.503,0.559,0.765,0.53,259.87,20.98,27.78,22.53,3.1,63.0827
2909604,Crisópolis,BA,0,170.4212,4.3267,0.543,0.387,0.542,0.765,0.57,232.6,30.66,30.66,9.91,2.36,42.9612
2909703,Cristópolis,BA,0,648.6282,4.1455,0.614,0.553,0.546,0.766,0.54,239.23,29.69,30.2,21.13,1.71,23.5919
2909802,Cruz das Almas,BA,0,77.04,4.8057,0.699,0.65,0.659,0.796,0.55,481.8,9.29,11.79,43.33,8.21,85.1193
2909901,Curaçá,BA,0,473.7048,4.5449,0.581,0.463,0.544,0.778,0.51,236.77,23.29,24.72,18.77,2.53,42.648
2910008,Dário Meira,BA,0,219.7327,4.0148,0.54,0.392,0.522,0.771,0.54,206.16,30.0,34.07,15.23,2.06,39.6541
2910057,Dias d'Ávila,BA,0,50.0724,4.9228,0.676,0.584,0.651,0.811,0.5,460.6,9.31,8.21,36.43,3.58,94.0292
2910107,Dom Basílio,BA,0,364.73,4.0892,0.591,0.482,0.547,0.783,0.46,240.83,19.27,23.72,17.8,3.16,19.7358
2910206,Dom Macedo Costa,BA,0,76.7207,3.6098,0.632,0.531,0.598,0.795,0.55,329.93,16.48,20.79,23.1,1.63,45.4569
2910305,Elísio Medrado,BA,0,112.1491,3.91,0.623,0.527,0.59,0.777,0.5,315.04,13.89,25.43,19.84,0.82,40.8708
2910404,Encruzilhada,BA,0,382.8318,4.2018,0.544,0.4,0.533,0.754,0.49,220.0,22.89,32.75,13.28,1.83,21.5855
2910503,Entre Rios,BA,0,127.7881,4.6234,0.615,0.492,0.602,0.785,0.6,338.53,19.98,18.07,23.33,3.67,59.7913
2910602,Esplanada,BA,0,147.4503,4.5787,0.589,0.469,0.589,0.74,0.57,312.58,18.73,21.61,22.8,2.23,63.4778
2910701,Euclides da Cunha,BA,0,284.8017,4.7861,0.567,0.43,0.565,0.749,0.55,269.58,23.84,27.43,16.51,2.78,48.7058
2910727,Eunápolis,BA,0,391.8104,5.0621,0.677,0.572,0.687,0.791,0.57,575.44,5.21,14.8,35.1,6.62,93.2303
2910750,Fátima,BA,0,270.2077,4.2504,0.559,0.459,0.554,0.686,0.53,250.6,23.88,35.08,13.68,1.35,39.1797
2910776,Feira da Mata,BA,0,640.2481,3.7525,0.588,0.505,0.527,0.763,0.54,212.22,33.78,22.41,16.63,1.5,52.4418
2910800,Feira de Santana,BA,0,101.2489,5.7953,0.712,0.619,0.71,0.82,0.6,662.24,5.38,9.08,40.83,7.27,91.7349
2910859,Filadélfia,BA,0,310.3041,4.2126,0.565,0.45,0.553,0.726,0.57,250.08,28.62,22.52,17.13,2.04,53.8949
2910909,Firmino Alves,BA,0,268.1538,3.7514,0.578,0.464,0.596,0.699,0.43,325.51,5.58,23.44,20.2,2.12,80.5535
2911006,Floresta Azul,BA,0,241.0943,4.0222,0.557,0.431,0.548,0.731,0.45,242.04,19.11,28.97,19.08,1.78,68.8837
2911105,Formosa do Rio Preto,BA,0,761.034,4.4168,0.618,0.536,0.576,0.763,0.6,287.94,30.21,22.33,23.46,4.05,60.5779
2911204,Gandu,BA,0,135.0278,4.5156,0.632,0.508,0.645,0.771,0.59,442.37,11.36,22.83,25.41,4.69,81.9093
2911253,Gavião,BA,0,222.1843,3.6451,0.599,0.508,0.566,0.747,0.4,271.53,11.54,26.28,23.96,1.12,55.6457
2911303,Gentio do Ouro,BA,0,470.8247,4.0525,0.559,0.45,0.523,0.743,0.52,207.35,31.33,25.45,15.98,0.62,50.3672
2911402,Glória,BA,0,409.358,4.1832,0.593,0.479,0.563,0.775,0.51,266.14,23.12,28.1,18.86,2.99,18.7517
2911501,Gongogi,BA,0,179.9341,3.8358,0.576,0.456,0.543,0.773,0.47,234.7,19.09,28.44,16.82,1.89,64.1139
2911600,Governador Mangabeira,BA,0,74.9369,4.3181,0.643,0.594,0.594,0.754,0.54,322.02,16.74,17.45,28.87,3.3,37.4256
2911659,Guajeru,BA,0,409.5808,3.8042,0.569,0.437,0.548,0.77,0.46,241.69,23.67,29.89,13.77,1.68,19.9481
2911709,Guanambi,BA,0,482.7937,4.9312,0.673,0.584,0.663,0.789,0.55,496.05,7.16,15.42,31.45,6.07,79.364
2911808,Guaratinga,BA,0,420.2261,4.3131,0.558,0.406,0.559,0.766,0.53,258.74,24.07,34.47,15.4,1.83,47.0336
2911857,Heliópolis,BA,0,261.1188,4.1121,0.563,0.437,0.547,0.748,0.5,241.36,24.23,31.96,14.64,1.55,41.1461
2911907,Iaçu,BA,0,188.9927,4.3793,0.574,0.461,0.588,0.697,0.61,311.24,23.53,24.99,18.76,2.76,78.3649
2912004,Ibiassucê,BA,0,430.6149,3.9469,0.611,0.476,0.608,0.789,0.46,350.98,9.19,20.99,18.43,3.28,46.77
2912103,Ibicaraí,BA,0,237.7868,4.3239,0.625,0.524,0.609,0.764,0.53,354.75,13.41,21.5,24.7,5.96,73.6857
2912202,Ibicoara,BA,0,304.8152,4.3008,0.591,0.484,0.583,0.731,0.48,300.89,11.12,16.31,15.53,2.04,63.4244
2912301,Ibicuí,BA,0,259.9955,4.2112,0.584,0.435,0.586,0.78,0.5,307.49,11.33,25.6,19.5,2.85,75.7935
2912400,Ibipeba,BA,0,412.2191,4.2653,0.616,0.545,0.577,0.744,0.56,290.82,20.16,18.16,24.15,2.72,59.084
2912509,Ibipitanga,BA,0,434.0734,4.1758,0.584,0.475,0.553,0.757,0.57,249.32,33.34,28.1,17.23,1.77,36.3771
2912608,Ibiquera,BA,0,268.4191,3.6071,0.511,0.335,0.517,0.771,0.58,199.55,38.36,30.06,13.86,1.86,50.5754
2912707,Ibirapitanga,BA,0,159.8039,4.3698,0.558,0.415,0.561,0.748,0.52,261.88,19.44,31.91,14.67,1.1,27.2723
2912806,Ibirapuã,BA,0,547.4259,3.9415,0.614,0.467,0.641,0.774,0.51,431.31,9.06,23.09,20.22,4.38,56.9633
2912905,Ibirataia,BA,0,170.9628,4.1606,0.576,0.424,0.571,0.789,0.49,278.69,15.5,28.88,18.39,2.86,83.1019
2913002,Ibitiara,BA,0,405.9623,4.2165,0.585,0.49,0.55,0.744,0.55,244.68,30.38,23.22,16.03,2.78,22.1628
2913101,Ibititá,BA,0,412.2613,4.2317,0.602,0.527,0.554,0.747,0.5,250.63,22.01,22.73,18.92,1.6,46.7377
2913200,Ibotirama,BA,0,521.5887,4.4326,0.636,0.548,0.601,0.78,0.55,337.12,19.29,17.98,28.23,4.48,76.7031
2913309,Ichu,BA,0,159.3896,3.7946,0.631,0.562,0.58,0.771,0.47,296.17,17.2,14.24,32.32,2.07,64.0343
2913408,Igaporã,BA,0,465.1392,4.1948,0.614,0.516,0.586,0.766,0.5,306.74,11.27,20.39,25.01,4.57,51.7198
2913457,Igrapiúna,BA,0,114.0098,4.1127,0.574,0.424,0.565,0.789,0.54,269.34,21.24,24.49,15.44,1.87,32.0393
2913507,Iguaí,BA,0,260.2916,4.4315,0.552,0.382,0.559,0.786,0.55,258.8,22.57,30.23,13.73,2.51,56.7205
2913606,Ilhéus,BA,0,206.6424,5.1977,0.69,0.59,0.688,0.808,0.58,579.46,6.86,12.48,36.61,8.56,84.2837
2913705,Inhambupe,BA,0,137.0606,4.6098,0.565,0.429,0.556,0.757,0.53,254.99,21.91,25.56,17.65,1.88,43.0645
2913804,Ipecaetá,BA,0,118.0814,4.1532,0.55,0.424,0.506,0.776,0.53,186.54,31.84,26.23,11.77,0.41,17.2004
2913903,Ipiaú,BA,0,183.762,4.6625,0.67,0.551,0.687,0.796,0.69,573.36,12.52,19.91,27.85,4.67,90.9754
2914000,Ipirá,BA,0,165.8524,4.7729,0.549,0.39,0.568,0.748,0.52,274.88,19.91,27.48,13.52,1.63,48.8836
2914109,Ipupiara,BA,0,466.6891,3.998,0.59,0.499,0.558,0.736,0.5,258.3,23.79,15.88,17.45,2.71,64.3942
2914208,Irajuba,BA,0,174.8803,3.863,0.576,0.453,0.544,0.776,0.52,236.16,22.78,27.82,15.56,2.73,46.7438
2914307,Iramaia,BA,0,270.4745,3.8962,0.571,0.463,0.543,0.74,0.5,234.91,21.5,24.32,17.95,2.28,45.0709
2914406,Iraquara,BA,0,350.2649,4.4104,0.599,0.523,0.548,0.749,0.61,242.58,32.35,17.72,22.54,2.39,29.8969
2914505,Irará,BA,0,113.3498,4.4669,0.62,0.501,0.587,0.809,0.5,308.34,12.96,23.27,22.87,3.35,40.9452
2914604,Irecê,BA,0,412.8615,4.8695,0.691,0.643,0.661,0.776,0.59,488.15,8.08,13.4,34.96,6.05,92.2002
2914653,Itabela,BA,0,412.1925,4.49,0.599,0.465,0.614,0.751,0.55,365.39,11.33,25.74,19.7,3.01,75.3223
2914703,Itaberaba,BA,0,204.4165,4.8115,0.62,0.485,0.638,0.769,0.58,422.79,13.34,17.96,27.33,4.65,78.6698
2914802,Itabuna,BA,0,214.7155,5.3307,0.712,0.643,0.695,0.807,0.56,605.12,6.12,10.38,40.09,9.13,97.5453
2914901,Itacaré,BA,0,150.7868,4.4632,0.583,0.413,0.594,0.807,0.55,323.3,16.08,23.0,17.52,4.86,56.0984
2915007,Itaetê,BA,0,268.218,4.2085,0.572,0.485,0.536,0.719,0.54,224.79,29.65,26.32,18.27,1.68,41.6041
2915106,Itagi,BA,0,208.4555,4.0842,0.543,0.426,0.543,0.694,0.46,234.8,16.45,30.77,14.83,2.66,78.2316
2915205,Itagibá,BA,0,203.9749,4.1563,0.589,0.469,0.566,0.77,0.47,270.27,14.2,26.51,20.37,1.97,63.0027
2915304,Itagimirim,BA,0,362.63,3.8315,0.634,0.516,0.602,0.821,0.52,339.65,13.74,27.89,24.12,4.19,79.4515
2915353,Itaguaçu da Bahia,BA,0,480.4781,4.1658,0.562,0.435,0.55,0.74,0.54,245.68,22.4,28.72,14.0,1.26,19.6684
2915403,Itaju do Colônia,BA,0,271.372,3.8139,0.592,0.502,0.57,0.724,0.48,276.93,12.46,25.65,19.8,1.69,80.1751
2915502,Itajuípe,BA,0,208.6002,4.3077,0.599,0.466,0.609,0.759,0.49,354.2,10.53,21.8,22.28,3.49,79.8776
2915601,Itamaraju,BA,0,461.6844,4.809,0.627,0.502,0.641,0.767,0.55,432.95,9.49,22.11,23.35,3.99,78.9374
2915700,Itamari,BA,0,153.8321,3.9015,0.578,0.454,0.595,0.713,0.51,325.0,15.34,28.21,18.62,3.27,73.8833
2915809,Itambé,BA,0,338.6826,4.3517,0.578,0.436,0.589,0.75,0.4,312.32,7.53,24.74,16.01,2.32,85.3134
2915908,Itanagra,BA,0,96.3054,3.8084,0.584,0.433,0.577,0.796,0.63,289.16,26.94,24.56,16.95,2.37,30.6265
2916005,Itanhém,BA,0,502.0597,4.284,0.637,0.525,0.624,0.79,0.54,388.04,10.91,24.82,24.06,3.97,70.2711
2916104,Itaparica,BA,0,25.8967,4.351,0.67,0.553,0.657,0.826,0.63,476.99,13.55,7.58,33.07,3.33,100.0
2916203,Itapé,BA,0,232.4487,3.9191,0.599,0.491,0.574,0.761,0.47,285.13,13.4,23.21,20.13,2.62,65.3024
2916302,Itapebi,BA,0,347.3965,4.0074,0.572,0.458,0.568,0.718,0.48,273.69,14.63,29.64,18.74,2.35,78.7804
2916401,Itapetinga,BA,0,312.3252,4.8888,0.667,0.562,0.667,0.79,0.48,506.76,2.66,14.89,31.03,5.15,97.075
2916500,Itapicuru,BA,0,191.7064,4.5584,0.486,0.319,0.505,0.711,0.54,185.7,31.44,38.52,7.67,1.14,20.6906
2916609,Itapitanga,BA,0,194.9974,4.0122,0.571,0.454,0.536,0.764,0.43,225.1,15.75,25.68,18.1,1.08,74.3705
2916708,Itaquara,BA,0,164.1458,3.923,0.553,0.411,0.539,0.763,0.55,229.04,25.22,33.8,9.8,1.52,60.0156
2916807,Itarantim,BA,0,339.2686,4.2997,0.61,0.487,0.608,0.766,0.5,352.74,6.79,23.03,19.16,3.4,82.5395
2916856,Itatim,BA,0,136.0974,4.164,0.582,0.459,0.55,0.782,0.46,245.37,18.01,23.32,20.63,1.53,69.6323
2916906,Itiruçu,BA,0,188.4517,4.0963,0.6,0.482,0.588,0.762,0.5,309.83,12.99,24.52,23.12,3.0,75.0492
2917003,Itiúba,BA,0,297.9655,4.558,0.544,0.398,0.521,0.775,0.56,205.18,34.21,26.55,13.6,1.14,26.8574
2917102,Itororó,BA,0,289.6916,4.3095,0.594,0.474,0.598,0.739,0.44,330.0,8.6,24.37,18.56,2.3,90.8908
2917201,Ituaçu,BA,0,317.7967,4.2809,0.57,0.425,0.565,0.77,0.52,269.3,20.6,25.8,16.55,3.33,36.2388
2917300,Ituberá,BA,0,107.4574,4.4604,0.606,0.482,0.601,0.769,0.51,337.03,11.44,20.38,21.57,3.43,72.4004
2917334,Iuiú,BA,0,569.1046,4.0429,0.591,0.504,0.553,0.74,0.47,249.32,16.12,25.99,19.94,1.8,48.4771
2917359,Jaborandi,BA,0,650.3715,3.9125,0.613,0.508,0.572,0.791,0.62,281.14,33.49,25.57,19.05,1.8,33.8794
2917409,Jacaraci,BA,0,471.8372,4.1719,0.593,0.49,0.573,0.741,0.47,283.51,18.71,25.82,16.71,1.43,36.0633
2917508,Jacobina,BA,0,299.7671,4.9071,0.649,0.558,0.636,0.772,0.55,417.88,12.95,17.56,29.33,5.11,70.4986
2917607,Jaguaquara,BA,0,170.3591,4.7397,0.58,0.446,0.586,0.747,0.5,307.08,12.81,26.78,15.93,2.51,76.16
2917706,Jaguarari,BA,0,357.9535,4.5304,0.659,0.551,0.644,0.806,0.66,439.23,22.46,18.1,24.95,4.41,54.7474
2917805,Jaguaripe,BA,0,45.0911,4.2824,0.556,0.407,0.552,0.763,0.55,247.75,23.92,28.35,14.41,1.37,32.1734
2917904,Jandaíra,BA,0,178.2255,4.0311,0.55,0.435,0.511,0.749,0.54,192.11,31.23,27.29,15.62,3.34,59.5005
2918001,Jequié,BA,0,196.7394,5.1939,0.665,0.568,0.656,0.79,0.55,473.92,7.88,15.88,32.88,6.97,91.791
2918100,Jeremoabo,BA,0,328.6416,4.611,0.547,0.424,0.561,0.689,0.53,262.76,22.51,32.0,15.11,1.83,46.2765
2918209,Jiquiriçá,BA,0,120.7863,4.1636,0.553,0.397,0.558,0.763,0.5,257.95,18.18,22.6,14.15,2.16,39.5311
2918308,Jitaúna,BA,0,188.1251,4.0199,0.575,0.479,0.563,0.704,0.51,266.56,18.16,29.72,22.08,2.14,65.604
2918357,João Dourado,BA,0,391.4912,4.4083,0.593,0.513,0.573,0.709,0.52,283.12,16.56,20.67,18.57,2.36,60.1756
2918407,Juazeiro,BA,0,457.0688,5.3415,0.677,0.594,0.657,0.796,0.56,476.58,7.59,13.35,34.3,6.73,81.2139
2918456,Jucuruçu,BA,0,462.12,3.9472,0.541,0.415,0.508,0.751,0.54,188.8,35.11,32.04,14.67,1.01,22.2741
2918506,Jussara,BA,0,437.8136,4.183,0.571,0.476,0.544,0.72,0.52,236.05,26.88,25.77,16.54,0.68,66.7818
2918555,Jussari,BA,0,265.1732,3.7563,0.567,0.451,0.577,0.699,0.51,290.22,14.75,29.42,18.04,3.23,75.3167
2918605,Jussiape,BA,0,340.27,3.7617,0.602,0.493,0.6,0.736,0.46,334.07,13.43,25.07,19.36,1.66,38.202
2918704,Lafaiete Coutinho,BA,0,199.4278,3.5638,0.599,0.483,0.576,0.771,0.51,288.05,14.73,26.98,18.86,2.38,53.9349
2918753,Lagoa Real,BA,0,411.227,4.2006,0.545,0.395,0.535,0.764,0.48,223.11,22.93,23.83,12.9,1.62,20.1521
2918803,Laje,BA,0,103.3875,4.3841,0.586,0.48,0.548,0.764,0.51,241.63,22.22,27.44,16.9,2.64,27.3862
2918902,Lajedão,BA,0,548.6342,3.6013,0.632,0.497,0.652,0.778,0.58,463.94,7.36,24.18,16.2,3.63,55.6121
2919009,Lajedinho,BA,0,271.9618,3.5723,0.546,0.413,0.522,0.753,0.56,205.65,31.47,27.58,14.1,0.89,31.6311
2919058,Lajedo do Tabocal,BA,0,194.7936,3.934,0.584,0.479,0.545,0.764,0.46,237.39,14.58,29.36,14.32,1.83,61.9988
2919108,Lamarão,BA,0,142.9446,3.9073,0.518,0.372,0.501,0.747,0.5,180.82,29.1,32.78,11.3,0.94,21.8096
2919157,Lapão,BA,0,406.3295,4.4365,0.596,0.51,0.55,0.755,0.52,244.43,21.64,20.99,18.08,1.77,39.1874
2919207,Lauro de Freitas,BA,0,22.1465,5.3111,0.754,0.663,0.781,0.827,0.63,1031.78,3.48,4.93,50.2,15.28,100.0
2919306,Lençóis,BA,0,319.0702,4.0639,0.623,0.51,0.613,0.775,0.61,362.74,19.38,18.65,32.66,5.52,77.5174
2919405,Licínio de Almeida,BA,0,471.1288,4.0919,0.621,0.531,0.582,0.775,0.45,299.47,11.11,22.9,21.8,2.89,50.792
2919504,Livramento de Nossa Senhora,BA,0,369.5137,4.6663,0.611,0.491,0.587,0.793,0.52,309.16,18.58,21.15,19.23,2.71,48.0875
2919553,Luís Eduardo Magalhães,BA,0,800.4505,4.9669,0.716,0.59,0.754,0.826,0.62,871.12,2.92,7.27,35.33,9.24,91.3085
2919603,Macajuba,BA,0,225.6784,4.0538,0.524,0.358,0.515,0.78,0.55,197.25,33.81,27.76,10.85,2.66,61.1898
2919702,Macarani,BA,0,352.1062,4.28,0.605,0.466,0.607,0.782,0.46,350.25,5.68,27.5,20.78,3.9,79.7929
2919801,Macaúbas,BA,0,455.7251,4.7031,0.609,0.513,0.557,0.791,0.55,255.36,26.87,26.44,18.49,2.06,32.7538
2919900,Macururé,BA,0,431.5229,3.8894,0.604,0.539,0.547,0.748,0.55,240.32,25.61,25.77,28.16,3.75,35.4267
2919926,Madre de Deus,BA,0,32.9542,4.3375,0.708,0.667,0.67,0.794,0.54,517.74,11.92,5.26,47.48,5.01,96.9959
2919959,Maetinga,BA,0,371.6372,3.3777,0.538,0.368,0.565,0.751,0.46,268.47,19.29,32.92,11.74,1.13,40.0256
2920007,Maiquinique,BA,0,346.9367,4.0126,0.576,0.472,0.586,0.69,0.46,306.24,9.8,26.79,18.31,1.79,78.752
2920106,Mairi,BA,0,231.492,4.268,0.572,0.438,0.575,0.744,0.5,286.58,17.03,24.09,16.44,2.84,57.5132
2920205,Malhada,BA,0,589.5425,4.2272,0.562,0.454,0.532,0.734,0.49,218.66,21.75,24.31,17.75,1.65,40.9579
2920304,Malhada de Pedras,BA,0,396.4119,3.9204,0.578,0.471,0.549,0.747,0.48,244.02,23.18,26.09,15.91,1.43,38.1908
2920403,Manoel Vitorino,BA,0,227.5055,4.1121,0.566,0.456,0.538,0.741,0.51,226.95,26.47,27.81,12.23,2.44,51.1503
2920452,Mansidão,BA,0,655.6091,4.1406,0.599,0.568,0.503,0.752,0.55,182.65,37.45,17.54,27.22,5.94,37.9765
2920502,Maracás,BA,0,215.5365,4.3004,0.607,0.519,0.577,0.747,0.51,290.11,17.5,24.62,21.46,2.49,71.9417
2920601,Maragogipe,BA,0,53.7654,4.6523,0.621,0.518,0.582,0.793,0.57,300.1,21.34,22.75,23.98,1.13,58.608
2920700,Maraú,BA,0,134.4562,4.3152,0.593,0.404,0.643,0.801,0.71,437.51,22.23,25.44,17.33,4.09,18.643
2920809,Marcionílio Souza,BA,0,221.7194,4.0152,0.561,0.463,0.518,0.737,0.49,201.52,26.84,30.6,15.71,2.04,50.5905
2920908,Mascote,BA,0,296.9409,4.1341,0.581,0.464,0.567,0.744,0.58,272.97,24.05,30.47,17.49,2.62,79.7746
2921005,Mata de São João,BA,0,57.7404,4.678,0.668,0.562,0.648,0.818,0.56,451.9,9.34,11.56,34.55,2.6,74.2229
2921054,Matina,BA,0,481.3865,4.092,0.572,0.469,0.538,0.74,0.46,227.07,21.47,31.97,16.29,1.96,31.162
2921104,Medeiros Neto,BA,0,518.7465,4.3568,0.625,0.501,0.626,0.777,0.53,392.49,9.56,24.08,18.81,3.95,79.1466
2921203,Miguel Calmon,BA,0,289.1278,4.4111,0.586,0.472,0.571,0.745,0.54,279.05,21.02,20.42,18.69,3.77,60.6837
2921302,Milagres,BA,0,149.4448,4.0349,0.622,0.518,0.59,0.789,0.51,313.88,18.25,22.25,23.96,2.26,75.5773
2921401,Mirangaba,BA,0,322.354,4.2696,0.542,0.454,0.512,0.685,0.51,193.47,31.62,25.45,15.37,1.12,48.3998
2921450,Mirante,BA,0,282.0509,3.9172,0.527,0.386,0.524,0.722,0.52,208.18,32.05,30.18,9.61,2.75,17.2171
2921500,Monte Santo,BA,0,300.6884,4.6915,0.506,0.359,0.515,0.699,0.55,197.43,35.11,35.57,9.64,1.6,16.8998
2921609,Morpará,BA,0,545.0128,3.9282,0.558,0.444,0.536,0.732,0.55,224.53,29.89,27.64,14.95,1.11,66.8841
2921708,Morro do Chapéu,BA,0,332.7734,4.5498,0.588,0.478,0.554,0.766,0.51,250.88,20.15,22.0,18.86,2.66,57.6357
2921807,Mortugaba,BA,0,475.24,4.0815,0.618,0.513,0.598,0.771,0.48,330.3,13.8,26.49,18.63,2.59,47.1828
2921906,Mucugê,BA,0,312.5807,3.9408,0.606,0.48,0.589,0.787,0.53,312.35,18.04,19.83,24.37,5.44,39.6396
2922003,Mucuri,BA,0,575.4711,4.6307,0.665,0.541,0.679,0.801,0.57,546.41,8.52,18.26,31.16,6.8,76.3116
2922052,Mulungu do Morro,BA,0,361.8497,4.0199,0.566,0.466,0.517,0.753,0.49,199.94,28.28,20.41,16.27,2.46,48.3223
2922102,Mundo Novo,BA,0,250.4707,4.4338,0.59,0.429,0.606,0.791,0.65,346.89,22.36,22.88,15.45,1.72,55.6016
2922201,Muniz Ferreira,BA,0,67.7332,3.873,0.617,0.531,0.581,0.761,0.51,297.78,15.81,22.54,25.25,1.3,46.3851
2922250,Muquém do São Francisco,BA,0,559.6039,4.0599,0.549,0.445,0.488,0.761,0.55,166.67,36.66,25.28,14.13,1.07,12.4903
2922300,Muritiba,BA,0,69.5731,4.4686,0.66,0.573,0.629,0.796,0.55,401.14,12.74,16.84,26.7,3.65,62.4243
2922409,Mutuípe,BA,0,112.5928,4.3491,0.601,0.467,0.618,0.751,0.63,374.8,19.86,23.48,16.88,1.21,45.0324
2922508,Nazaré,BA,0,56.6565,4.4573,0.641,0.532,0.637,0.777,0.61,421.82,15.24,18.43,27.85,3.31,83.8308
2922607,Nilo Peçanha,BA,0,94.1947,4.1509,0.547,0.404,0.531,0.762,0.52,218.32,26.77,26.29,14.99,2.13,24.7805
2922656,Nordestina,BA,0,263.4159,4.1205,0.56,0.467,0.507,0.743,0.54,187.22,35.62,29.46,16.4,2.85,31.6951
2922706,Nova Canaã,BA,0,266.6691,4.217,0.545,0.37,0.554,0.789,0.46,251.9,17.4,31.43,10.6,2.18,40.998
2922730,Nova Fátima,BA,0,199.7609,3.8938,0.597,0.501,0.575,0.738,0.43,287.32,11.06,23.62,20.82,2.22,66.7456
2922755,Nova Ibiá,BA,0,151.518,3.8141,0.57,0.419,0.62,0.714,0.56,378.1,8.09,29.01,15.65,3.31,42.2232
2922805,Nova Itarana,BA,0,171.3091,3.9205,0.524,0.389,0.508,0.729,0.55,188.86,34.83,30.56,13.07,1.7,36.5165
2922854,Nova Redenção,BA,0,280.5556,3.9603,0.567,0.471,0.534,0.723,0.5,222.33,26.18,27.15,17.62,1.62,65.1855
2922904,Nova Soure,BA,0,197.5675,4.4321,0.555,0.439,0.548,0.712,0.57,241.71,27.98,31.39,17.6,2.24,48.5996
2923001,Nova Viçosa,BA,0,550.6819,4.6451,0.654,0.546,0.657,0.78,0.61,476.79,11.89,19.02,23.1,4.05,86.954
2923035,Novo Horizonte,BA,0,399.5242,4.1022,0.597,0.503,0.558,0.757,0.56,257.12,28.89,21.94,19.85,1.35,32.8399
2923050,Novo Triunfo,BA,0,297.3014,4.1888,0.554,0.43,0.513,0.769,0.51,194.56,28.82,23.28,15.62,1.19,49.8505
2923100,Olindina,BA,0,184.9791,4.4529,0.559,0.403,0.534,0.81,0.58,222.62,34.3,29.11,15.6,2.52,51.2088
2923209,Oliveira dos Brejinhos,BA,0,484.4996,4.3384,0.554,0.427,0.533,0.747,0.56,220.72,32.29,22.08,13.8,2.84,30.1589
2923308,Ouriçangas,BA,0,113.1065,3.9332,0.607,0.503,0.572,0.779,0.45,281.59,10.59,26.9,19.53,2.34,33.2851
2923357,Ourolândia,BA,0,362.6988,4.2447,0.56,0.459,0.547,0.701,0.52,239.93,23.18,27.85,15.07,2.09,38.6058
2923407,Palmas de Monte Alto,BA,0,524.4953,4.3393,0.586,0.462,0.561,0.777,0.48,262.69,19.45,28.42,18.42,2.85,47.3261
2923506,Palmeiras,BA,0,339.6898,3.9601,0.643,0.56,0.608,0.782,0.58,350.79,17.24,17.81,22.63,7.87,62.2949
2923605,Paramirim,BA,0,408.9655,4.338,0.615,0.496,0.604,0.776,0.51,343.78,14.89,20.02,21.92,5.22,47.7549
2923704,Paratinga,BA,0,510.1341,4.5089,0.59,0.51,0.519,0.774,0.55,201.79,30.09,24.28,20.98,1.48,36.9611
2923803,Paripiranga,BA,0,268.6044,4.4643,0.577,0.472,0.567,0.717,0.59,273.23,29.15,28.07,18.09,2.59,34.3185
2923902,Pau Brasil,BA,0,299.657,3.98,0.583,0.47,0.58,0.727,0.56,296.08,22.52,28.19,17.56,1.96,68.0243
2924009,Paulo Afonso,BA,0,402.6497,5.0763,0.674,0.572,0.678,0.789,0.58,544.73,10.26,16.69,33.9,7.12,86.1692
2924058,Pé de Serra,BA,0,179.3,4.1315,0.587,0.465,0.558,0.779,0.46,257.45,17.43,24.36,17.89,2.08,37.6236
2924108,Pedrão,BA,0,98.4333,3.8715,0.588,0.49,0.534,0.775,0.47,221.53,20.91,21.88,18.31,1.19,24.9564
2924207,Pedro Alexandre,BA,0,340.2095,4.2227,0.513,0.354,0.489,0.778,0.51,167.65,33.42,40.96,9.96,1.86,16.3931
2924306,Piatã,BA,0,355.9071,4.2267,0.571,0.447,0.543,0.769,0.54,234.44,29.92,23.74,14.77,2.12,42.3312
2924405,Pilão Arcado,BA,0,549.6679,4.5477,0.506,0.343,0.514,0.737,0.6,195.98,40.9,30.09,11.54,1.6,33.5575
2924504,Pindaí,BA,0,482.2541,4.2124,0.603,0.498,0.566,0.777,0.45,270.15,18.52,23.8,19.09,3.29,27.6363
2924603,Pindobaçu,BA,0,325.0636,4.3021,0.577,0.482,0.527,0.757,0.5,212.52,27.54,24.68,18.01,1.61,55.8471
2924652,Pintadas,BA,0,204.4251,4.0151,0.612,0.525,0.572,0.765,0.46,281.74,17.55,24.03,18.53,0.87,56.4688
2924678,Piraí do Norte,BA,0,126.8238,4.0022,0.533,0.363,0.546,0.762,0.49,238.62,20.16,26.18,11.31,2.52,37.6467
2924702,Piripá,BA,0,410.0232,4.0109,0.575,0.453,0.547,0.768,0.49,241.1,21.83,25.41,14.73,3.32,48.4628
2924801,Piritiba,BA,0,265.3207,4.4007,0.578,0.449,0.566,0.76,0.52,271.4,19.38,21.63,17.27,3.46,67.6905
2924900,Planaltino,BA,0,205.3805,3.9738,0.572,0.462,0.573,0.708,0.56,282.33,21.89,32.24,14.19,2.17,41.2605
2925006,Planalto,BA,0,283.4523,4.4246,0.56,0.428,0.557,0.738,0.45,256.26,16.4,29.46,11.67,1.51,60.7369
2925105,Poções,BA,0,263.0476,4.671,0.604,0.474,0.583,0.798,0.54,300.74,18.66,26.93,17.77,2.98,77.5352
2925204,Pojuca,BA,0,67.4039,4.6064,0.666,0.559,0.645,0.819,0.5,443.8,8.95,9.32,34.01,4.83,85.8223
2925253,Ponto Novo,BA,0,298.5634,4.1682,0.58,0.475,0.539,0.762,0.49,229.61,22.85,25.44,14.22,1.89,53.3922
2925303,Porto Seguro,BA,0,386.8309,5.1834,0.676,0.572,0.673,0.801,0.56,527.04,7.33,11.98,31.4,7.28,81.997
2925402,Potiraguá,BA,0,323.2693,3.8211,0.625,0.545,0.595,0.754,0.49,323.92,9.84,22.35,22.33,2.22,67.3191
2925501,Prado,BA,0,486.3281,4.4505,0.621,0.497,0.616,0.784,0.55,369.96,14.47,19.9,22.66,4.37,56.0104
2925600,Presidente Dutra,BA,0,425.999,4.1813,0.614,0.553,0.572,0.73,0.53,280.86,18.85,15.42,23.24,2.45,65.8618
2925709,Presidente Jânio Quadros,BA,0,391.7057,4.0802,0.542,0.386,0.533,0.772,0.53,220.1,30.34,34.02,10.05,1.56,30.7501
2925758,Presidente Tancredo Neves,BA,0,113.294,4.4514,0.559,0.424,0.566,0.727,0.55,270.35,20.75,29.15,16.97,1.61,40.1283
2925808,Queimadas,BA,0,258.2669,4.4053,0.592,0.493,0.55,0.764,0.51,245.7,22.8,23.61,21.1,2.68,50.7764
2925907,Quijingue,BA,0,263.51,4.442,0.544,0.434,0.539,0.689,0.58,228.71,33.8,34.47,13.9,1.64,23.4207
2925931,Quixabeira,BA,0,251.8031,3.9513,0.578,0.469,0.547,0.753,0.49,241.1,23.09,30.83,16.3,1.11,38.34
2925956,Rafael Jambeiro,BA,0,128.935,4.3549,0.564,0.435,0.538,0.768,0.5,226.94,25.44,29.78,14.2,2.31,29.9467
2926004,Remanso,BA,0,543.565,4.6162,0.579,0.451,0.569,0.757,0.54,275.22,25.6,27.45,17.78,2.86,60.2459
2926103,Retirolândia,BA,0,197.75,4.164,0.636,0.574,0.579,0.773,0.46,293.01,11.39,19.21,27.87,1.83,55.7611
2926202,Riachão das Neves,BA,0,712.2572,4.3489,0.578,0.471,0.527,0.779,0.53,212.09,30.92,30.16,15.19,2.13,48.9766
2926301,Riachão do Jacuípe,BA,0,165.868,4.525,0.628,0.559,0.588,0.755,0.47,311.47,12.44,17.98,26.93,2.13,59.8698
2926400,Riacho de Santana,BA,0,486.0223,4.5534,0.615,0.532,0.572,0.764,0.56,281.05,24.42,27.54,24.38,4.69,42.7168
2926509,Ribeira do Amparo,BA,0,219.7672,4.1653,0.512,0.384,0.503,0.694,0.53,183.12,33.96,35.59,11.75,1.08,13.4562
2926608,Ribeira do Pombal,BA,0,242.2938,4.7332,0.601,0.515,0.599,0.704,0.54,332.86,16.88,26.34,22.99,3.26,62.6205
2926657,Ribeirão do Largo,BA,0,365.0659,3.6898,0.54,0.366,0.566,0.759,0.46,271.68,10.66,30.96,11.34,2.88,54.0223
2926707,Rio de Contas,BA,0,366.0243,4.1098,0.605,0.498,0.58,0.767,0.48,294.83,16.88,20.04,19.97,2.19,48.5047
2926806,Rio do Antônio,BA,0,417.3172,4.1909,0.576,0.465,0.555,0.74,0.49,252.98,23.62,28.44,17.67,2.09,40.4522
2926905,Rio do Pires,BA,0,411.7383,4.0671,0.594,0.481,0.568,0.767,0.48,274.58,19.86,27.34,19.62,2.18,44.1937
2927002,Rio Real,BA,0,180.4646,4.615,0.572,0.452,0.568,0.729,0.53,274.86,20.48,24.43,16.25,2.1,62.722
2927101,Rodelas,BA,0,464.6948,3.9799,0.632,0.564,0.566,0.79,0.53,271.59,19.94,22.16,33.57,4.52,84.1158
2927200,Ruy Barbosa,BA,0,232.7491,4.49,0.61,0.505,0.583,0.77,0.55,301.42,20.18,22.69,23.85,3.46,73.9218
2927309,Salinas da Margarida,BA,0,32.9647,4.2054,0.617,0.561,0.575,0.729,0.54,286.45,21.21,12.04,29.92,6.25,44.2925
2927408,Salvador,BA,1,0.0,6.4624,0.759,0.679,0.772,0.835,0.63,973.0,3.97,3.97,52.43,14.59,99.9726
2927507,Santa Bárbara,BA,0,128.5711,4.3216,0.583,0.462,0.554,0.775,0.52,251.87,21.75,22.23,18.72,1.57,45.4731
2927606,Santa Brígida,BA,0,367.1453,4.1435,0.546,0.431,0.533,0.71,0.55,220.77,30.29,34.08,13.67,2.05,37.2576
2927705,Santa Cruz Cabrália,BA,0,373.8275,4.4481,0.654,0.571,0.624,0.784,0.58,388.28,16.19,15.81,28.47,5.56,72.35
2927804,Santa Cruz da Vitória,BA,0,259.2064,3.7953,0.61,0.504,0.573,0.786,0.54,282.42,19.3,24.61,26.03,3.42,76.0677
2927903,Santa Inês,BA,0,148.4364,4.0246,0.574,0.47,0.571,0.704,0.48,280.25,15.08,28.26,19.38,3.07,91.8074
2928000,Santaluz,BA,0,218.4193,4.5764,0.598,0.5,0.559,0.764,0.49,260.09,18.6,23.37,20.41,2.13,61.4546
2928059,Santa Luzia,BA,0,283.8564,4.0902,0.556,0.396,0.564,0.768,0.46,267.88,13.38,29.89,15.07,1.23,60.4916
2928109,Santa Maria da Vitória,BA,0,619.5824,4.5989,0.614,0.516,0.592,0.758,0.54,318.31,18.78,23.97,22.55,3.18,59.0836
2928208,Santana,BA,0,602.9665,4.428,0.608,0.496,0.585,0.776,0.54,304.18,17.9,25.72,20.77,2.26,54.4768
2928307,Santanópolis,BA,0,117.1445,3.9536,0.592,0.496,0.561,0.746,0.52,263.19,22.4,24.27,21.18,1.91,19.1887
2928406,Santa Rita de Cássia,BA,0,692.7997,4.4566,0.605,0.513,0.564,0.766,0.6,267.32,29.04,21.04,21.03,2.66,56.7886
2928505,Santa Teresinha,BA,0,115.1623,4.022,0.587,0.459,0.549,0.804,0.53,243.04,27.05,25.36,14.12,0.93,24.1915
2928604,Santo Amaro,BA,0,57.0518,4.7795,0.646,0.559,0.626,0.772,0.56,392.75,12.82,12.66,33.86,4.0,77.4498
2928703,Santo Antônio de Jesus,BA,0,83.9224,5.0137,0.7,0.622,0.677,0.815,0.54,540.38,6.47,12.35,35.4,5.55,87.1561
2928802,Santo Estêvão,BA,0,105.5051,4.7297,0.626,0.498,0.611,0.808,0.56,358.13,17.49,21.48,23.26,2.87,57.8321
2928901,São Desidério,BA,0,707.3273,4.5411,0.579,0.449,0.584,0.742,0.57,302.2,25.76,25.55,16.86,2.32,31.2123
2928950,São Domingos,BA,0,206.113,3.9583,0.64,0.575,0.601,0.757,0.47,335.76,10.06,22.14,28.19,4.04,64.1231
2929008,São Félix,BA,0,69.1737,4.1698,0.639,0.583,0.582,0.769,0.48,299.65,14.31,15.01,30.57,3.12,65.7185
2929057,São Félix do Coribe,BA,0,619.4956,4.1915,0.639,0.555,0.601,0.784,0.5,335.9,11.33,16.83,26.62,3.35,81.1389
2929107,São Felipe,BA,0,67.2866,4.3239,0.616,0.525,0.565,0.787,0.5,268.96,20.45,22.64,19.49,1.57,48.3625
2929206,São Francisco do Conde,BA,0,47.3815,4.6092,0.674,0.587,0.641,0.812,0.5,433.23,6.41,10.1,31.01,3.74,82.5453
2929255,São Gabriel,BA,0,418.378,4.2738,0.592,0.537,0.55,0.704,0.51,245.38,22.86,19.56,22.35,2.29,56.949
2929305,São Gonçalo dos Campos,BA,0,82.0458,4.5834,0.627,0.516,0.636,0.752,0.55,419.27,8.81,15.03,25.73,2.21,49.5899
2929354,São José da Vitória,BA,0,247.1148,3.7452,0.546,0.429,0.553,0.686,0.45,250.42,12.55,28.1,17.47,1.79,90.3237
2929370,São José do Jacuípe,BA,0,236.6648,4.0231,0.552,0.417,0.555,0.726,0.46,253.57,14.85,28.56,13.6,0.75,68.6739
2929404,São Miguel das Matas,BA,0,104.9139,4.0694,0.593,0.468,0.568,0.783,0.51,274.08,20.26,24.61,18.18,2.33,32.2643
2929503,São Sebastião do Passé,BA,0,55.8306,4.6489,0.657,0.551,0.633,0.812,0.53,411.75,12.11,13.74,30.96,2.23,78.5519
2929602,Sapeaçu,BA,0,82.6794,4.2411,0.614,0.522,0.602,0.735,0.58,338.34,17.63,15.88,20.29,2.08,48.7428
2929701,Sátiro Dias,BA,0,157.6254,4.2388,0.527,0.379,0.524,0.736,0.54,208.2,31.15,30.37,11.01,1.51,22.8433
2929750,Saubara,BA,0,43.5053,4.085,0.617,0.565,0.563,0.738,0.49,265.17,17.65,14.62,24.55,1.65,97.7413
2929800,Saúde,BA,0,311.8599,4.113,0.549,0.442,0.546,0.685,0.55,238.81,27.72,21.74,18.74,1.02,56.1081
2929909,Seabra,BA,0,361.9036,4.6471,0.635,0.572,0.588,0.761,0.57,310.95,22.15,16.1,26.18,3.71,48.5119
2930006,Sebastião Laranjeiras,BA,0,511.4881,4.0639,0.615,0.527,0.569,0.777,0.46,276.29,15.31,24.78,20.11,3.6,39.379
2930105,Senhor do Bonfim,BA,0,339.4551,4.9021,0.666,0.599,0.638,0.773,0.57,422.89,12.75,16.31,31.7,5.28,77.3539
2930154,Serra do Ramalho,BA,0,554.4815,4.4964,0.595,0.512,0.53,0.775,0.53,216.59,28.5,24.77,19.74,2.31,19.8306
2930204,Sento Sé,BA,0,519.7388,4.6157,0.585,0.48,0.535,0.778,0.53,222.84,25.61,24.54,17.77,1.96,57.9185
2930303,Serra Dourada,BA,0,592.9431,4.2371,0.608,0.537,0.539,0.775,0.51,228.74,25.58,23.85,19.7,2.3,33.1383
2930402,Serra Preta,BA,0,132.0509,4.1623,0.566,0.459,0.541,0.732,0.48,232.52,23.2,27.72,17.77,0.91,44.9321
2930501,Serrinha,BA,0,160.9367,4.9122,0.634,0.532,0.615,0.778,0.55,367.73,14.58,17.01,30.25,4.07,61.4731
2930600,Serrolândia,BA,0,265.2771,4.13,0.59,0.508,0.56,0.721,0.5,261.29,22.69,22.61,18.19,0.57,58.9679
2930709,Simões Filho,BA,0,26.9747,5.1371,0.675,0.591,0.641,0.813,0.5,431.97,7.79,7.9,38.4,3.55,89.6346
2930758,Sítio do Mato,BA,0,539.3222,4.1174,0.564,0.509,0.455,0.774,0.59,135.49,47.77,20.89,18.54,1.32,56.9793
2930766,Sítio do Quinto,BA,0,296.3945,3.9746,0.533,0.395,0.552,0.695,0.55,247.62,27.1,37.98,11.44,1.49,41.0737
2930774,Sobradinho,BA,0,467.3152,4.3669,0.631,0.555,0.605,0.748,0.49,344.74,10.46,18.35,26.74,3.64,90.9182
2930808,Souto Soares,BA,0,357.5736,4.2335,0.592,0.53,0.533,0.734,0.54,220.67,30.56,20.74,19.79,2.02,37.9835
2930907,Tabocas do Brejo Velho,BA,0,599.6997,4.0974,0.584,0.492,0.53,0.764,0.54,216.5,31.37,29.51,19.61,2.75,34.3977
2931004,Tanhaçu,BA,0,319.4858,4.3093,0.577,0.44,0.565,0.772,0.5,268.62,19.47,25.92,16.12,1.66,41.4231
2931053,Tanque Novo,BA,0,437.1719,4.2435,0.599,0.474,0.583,0.778,0.6,301.39,27.94,27.81,18.8,2.46,45.3683
2931103,Tanquinho,BA,0,133.6924,3.8996,0.597,0.488,0.567,0.768,0.48,273.12,17.31,19.58,29.11,2.68,71.3162
2931202,Taperoá,BA,0,87.6913,4.3308,0.566,0.426,0.566,0.754,0.53,270.97,18.72,27.21,16.73,2.49,46.5383
2931301,Tapiramutá,BA,0,281.2724,4.2289,0.594,0.473,0.589,0.752,0.61,312.39,18.05,23.61,16.47,3.46,77.4037
2931350,Teixeira de Freitas,BA,0,520.6664,5.2156,0.685,0.588,0.683,0.8,0.53,560.73,5.39,14.65,34.95,6.69,93.438
2931400,Teodoro Sampaio,BA,0,81.06,3.8631,0.594,0.477,0.567,0.774,0.54,272.86,21.43,22.95,23.07,1.3,80.3167
2931509,Teofilândia,BA,0,179.384,4.3539,0.566,0.431,0.571,0.737,0.55,278.91,25.87,24.94,17.09,3.18,31.1517
2931608,Teolândia,BA,0,126.4547,4.1789,0.555,0.418,0.541,0.756,0.48,231.92,17.74,30.8,17.11,2.98,34.1602
2931707,Terra Nova,BA,0,69.5751,4.1145,0.578,0.474,0.581,0.7,0.45,296.6,11.54,13.08,21.57,2.39,89.729
2931806,Tremedal,BA,0,383.0616,4.204,0.528,0.36,0.545,0.749,0.48,237.3,24.25,30.61,9.67,2.4,23.1311
2931905,Tucano,BA,0,230.2925,4.7067,0.579,0.458,0.596,0.712,0.65,325.7,26.66,29.39,17.73,2.33,41.8902
2932002,Uauá,BA,0,370.2369,4.38,0.605,0.535,0.554,0.747,0.56,251.46,28.72,23.51,20.57,2.71,44.2949
2932101,Ubaíra,BA,0,130.2041,4.298,0.582,0.447,0.581,0.759,0.59,296.48,24.69,29.91,18.14,1.56,44.6684
2932200,Ubaitaba,BA,0,169.9584,4.2706,0.611,0.49,0.607,0.767,0.56,349.68,13.75,21.32,22.35,3.51,85.0515
2932309,Ubatã,BA,0,173.804,4.439,0.593,0.452,0.586,0.788,0.53,306.52,14.63,26.77,21.52,2.75,71.7925
2932408,Uibaí,BA,0,437.9163,4.1428,0.617,0.54,0.575,0.758,0.53,286.67,21.11,16.56,22.79,2.35,60.9982
2932457,Umburanas,BA,0,400.5015,4.2917,0.515,0.413,0.469,0.705,0.5,148.15,36.19,25.36,10.93,0.57,44.1765
2932507,Una,BA,0,261.2337,4.2579,0.56,0.424,0.584,0.71,0.52,303.78,17.45,25.35,18.2,1.82,62.3393
2932606,Urandi,BA,0,490.3878,4.222,0.598,0.469,0.595,0.766,0.51,325.07,13.58,23.24,16.65,2.41,36.0683
2932705,Uruçuca,BA,0,195.3006,4.3078,0.616,0.507,0.607,0.758,0.48,349.43,9.46,21.91,21.63,4.82,79.5433
2932804,Utinga,BA,0,301.3937,4.2862,0.59,0.487,0.597,0.706,0.62,327.96,24.46,20.97,19.96,3.88,70.4892
2932903,Valença,BA,0,74.5951,4.9907,0.623,0.502,0.619,0.778,0.54,376.23,12.48,19.2,26.37,4.31,72.5903
2933000,Valente,BA,0,207.3577,4.4641,0.637,0.568,0.623,0.729,0.49,385.3,5.99,16.14,29.35,4.72,54.9145
2933059,Várzea da Roça,BA,0,238.7772,4.1503,0.539,0.374,0.539,0.775,0.49,228.58,24.28,28.9,12.33,1.91,47.0115
2933109,Várzea do Poço,BA,0,258.941,3.966,0.575,0.462,0.581,0.707,0.5,296.74,19.44,23.7,20.2,1.41,66.8399
2933158,Várzea Nova,BA,0,331.0195,4.0989,0.555,0.46,0.543,0.685,0.5,234.88,22.64,23.57,17.78,3.17,65.4249
2933174,Varzedo,BA,0,98.1971,3.9412,0.586,0.461,0.581,0.753,0.52,297.56,23.36,26.23,18.37,1.74,36.9305
2933208,Vera Cruz,BA,0,16.7042,4.6453,0.645,0.52,0.632,0.817,0.57,408.64,13.68,10.76,24.85,4.0,93.8164
2933257,Vereda,BA,0,498.4078,3.7857,0.577,0.436,0.568,0.777,0.47,274.76,14.07,30.7,15.24,2.13,20.2794
2933307,Vitória da Conquista,BA,0,325.524,5.5361,0.678,0.581,0.681,0.788,0.55,555.66,5.6,13.31,32.85,8.07,89.5306
2933406,Wagner,BA,0,302.0627,3.9704,0.587,0.479,0.573,0.737,0.52,283.34,18.76,21.58,21.84,5.02,72.1585
2933455,Wanderley,BA,0,594.5246,4.0837,0.6,0.498,0.569,0.764,0.59,275.76,25.98,24.77,20.83,2.26,47.0805
2933505,Wenceslau Guimarães,BA,0,130.8546,4.3194,0.544,0.383,0.558,0.752,0.45,257.12,15.25,30.47,16.44,2.21,33.8501
2933604,Xique-Xique,BA,0,521.3424,4.668,0.585,0.479,0.563,0.741,0.56,265.25,26.08,22.21,21.27,3.38,71.4621
3100104,Abadia dos Dourados,MG,0,398.4533,3.8465,0.689,0.563,0.693,0.839,0.47,596.18,1.85,9.12,19.7,5.96,62.4851
3100203,Abaeté,MG,0,181.4225,4.3667,0.698,0.556,0.72,0.848,0.54,707.24,1.61,8.72,22.48,6.53,86.84
3100302,Abre Campo,MG,0,156.2502,4.1282,0.654,0.525,0.646,0.823,0.52,444.32,8.17,12.27,21.03,6.81,54.6991
3100401,Acaiaca,MG,0,93.8649,3.6015,0.63,0.499,0.61,0.823,0.48,357.03,8.27,13.94,18.82,5.05,65.1276
3100500,Açucena,MG,0,173.4636,3.9671,0.61,0.451,0.595,0.844,0.48,325.42,15.14,19.81,15.49,2.96,46.7594
3100609,Água Boa,MG,0,270.1102,4.1245,0.576,0.403,0.594,0.799,0.5,322.12,11.95,27.42,15.27,4.09,46.2981
3100708,Água Comprida,MG,0,437.1366,3.298,0.675,0.498,0.719,0.86,0.46,701.19,0.71,7.9,15.89,7.2,75.0617
3100807,Aguanil,MG,0,188.6765,3.6587,0.663,0.513,0.672,0.845,0.45,524.43,2.74,13.21,16.95,5.67,57.8441
3100906,Águas Formosas,MG,0,447.4891,4.2852,0.645,0.531,0.624,0.811,0.57,389.57,13.67,24.4,23.83,5.77,77.4825
3101003,Águas Vermelhas,MG,0,534.3032,4.1353,0.601,0.458,0.586,0.808,0.51,306.97,11.41,27.57,14.46,4.48,70.2798
3101102,Aimorés,MG,0,302.7342,4.4,0.684,0.576,0.685,0.81,0.53,567.46,4.99,14.49,26.77,5.74,78.9294
3101201,Aiuruoca,MG,0,237.2874,3.7744,0.668,0.505,0.677,0.871,0.49,539.92,1.85,14.07,20.51,7.0,50.6816
3101300,Alagoa,MG,0,259.1108,3.4244,0.649,0.518,0.634,0.832,0.42,413.75,4.19,14.44,17.69,5.34,40.9745
3101409,Albertina,MG,0,375.3496,3.4793,0.673,0.549,0.684,0.813,0.35,564.08,0.11,11.94,20.36,4.99,69.0697
3101508,Além Paraíba,MG,0,250.6686,4.5495,0.726,0.626,0.713,0.857,0.5,674.5,2.29,6.36,35.33,9.63,93.3564
3101607,Alfenas,MG,0,267.8349,4.9083,0.761,0.712,0.737,0.841,0.51,783.41,0.48,5.77,40.02,14.22,93.7675
3101631,Alfredo Vasconcelos,MG,0,134.5859,3.8483,0.675,0.587,0.629,0.834,0.41,400.14,3.52,9.94,23.24,4.03,66.3539
3101706,Almenara,MG,0,539.4156,4.6272,0.642,0.518,0.636,0.803,0.53,419.98,9.33,21.8,22.7,6.23,81.8827
3101805,Alpercata,MG,0,228.9711,3.872,0.646,0.521,0.629,0.824,0.45,401.21,4.2,16.13,18.59,3.66,78.918
3101904,Alpinópolis,MG,0,276.5059,4.3023,0.725,0.629,0.703,0.862,0.47,633.91,1.31,7.69,26.87,6.4,81.0796
3102001,Alterosa,MG,0,273.5436,4.1633,0.668,0.536,0.657,0.847,0.44,475.99,3.97,10.4,19.88,5.01,72.9168
3102050,Alto Caparaó,MG,0,221.5779,3.7736,0.661,0.514,0.666,0.842,0.45,505.1,2.81,11.29,17.69,3.87,74.8348
3102100,Alto Rio Doce,MG,0,131.6848,4.0303,0.62,0.483,0.595,0.828,0.46,323.95,11.63,14.66,15.47,4.61,41.6975
3102209,Alvarenga,MG,0,237.5731,3.5778,0.592,0.441,0.589,0.798,0.52,312.46,17.78,18.13,14.18,3.16,47.6823
3102308,Alvinópolis,MG,0,92.0194,4.18,0.676,0.577,0.651,0.822,0.46,460.96,2.03,11.24,23.95,4.1,74.9165
3102407,Alvorada de Minas,MG,0,146.2129,3.5569,0.572,0.414,0.57,0.794,0.58,277.99,23.12,20.6,15.47,3.13,40.8911
3102506,Amparo do Serra,MG,0,133.0074,3.6668,0.641,0.528,0.616,0.811,0.46,368.72,9.31,16.81,20.13,4.92,52.2858
3102605,Andradas,MG,0,363.2935,4.6202,0.734,0.617,0.731,0.878,0.44,754.39,0.45,8.47,28.55,9.14,75.1972
3102704,Cachoeira de Pajeú,MG,0,511.023,3.9763,0.578,0.444,0.563,0.771,0.52,265.27,20.34,27.43,15.1,2.61,49.7935
3102803,Andrelândia,MG,0,204.1778,4.086,0.7,0.621,0.675,0.818,0.51,534.68,2.54,10.86,28.32,7.31,80.5882
3102852,Angelândia,MG,0,301.479,3.9342,0.597,0.473,0.594,0.756,0.53,322.8,10.41,25.48,14.68,3.16,50.4311
3102902,Antônio Carlos,MG,0,154.5917,4.0596,0.683,0.584,0.65,0.838,0.47,457.02,3.62,11.56,26.58,5.64,70.4157
3103009,Antônio Dias,MG,0,115.0624,3.9653,0.645,0.507,0.624,0.849,0.48,387.61,6.35,15.74,16.54,3.3,48.8447
3103108,Antônio Prado de Minas,MG,0,224.2045,3.1978,0.684,0.572,0.674,0.83,0.47,529.54,1.1,11.08,23.0,7.7,60.0239
3103207,Araçaí,MG,0,88.5787,3.3729,0.695,0.632,0.659,0.805,0.42,482.4,2.31,10.29,28.15,7.82,79.4918
3103306,Aracitaba,MG,0,165.8593,3.313,0.661,0.577,0.608,0.823,0.42,351.6,7.22,12.6,22.64,4.49,79.7376
3103405,Araçuaí,MG,0,395.3821,4.5648,0.663,0.56,0.633,0.821,0.57,410.67,13.63,17.35,22.84,5.24,65.0737
3103504,Araguari,MG,0,470.0024,5.0732,0.773,0.716,0.74,0.871,0.47,798.63,0.88,4.8,39.11,10.77,93.4263
3103603,Arantina,MG,0,222.5116,3.4439,0.697,0.641,0.633,0.834,0.42,411.16,2.65,10.34,25.29,7.72,93.2696
3103702,Araponga,MG,0,166.9641,3.9277,0.536,0.339,0.597,0.76,0.44,328.75,8.88,22.25,9.12,2.84,37.3037
3103751,Araporã,MG,0,577.2026,3.8446,0.708,0.646,0.676,0.813,0.41,536.04,0.36,8.29,31.4,7.78,95.9961
3103801,Arapuá,MG,0,254.2609,3.4527,0.724,0.608,0.718,0.871,0.45,696.47,0.95,7.98,24.41,5.28,75.2432
3103900,Araújos,MG,0,129.6438,3.9788,0.698,0.574,0.694,0.855,0.36,599.3,0.3,8.1,21.26,6.14,86.4138
3104007,Araxá,MG,0,317.6883,5.035,0.772,0.709,0.756,0.858,0.48,883.88,0.78,4.2,43.5,12.98,98.5182
3104106,Arceburgo,MG,0,351.5989,4.041,0.683,0.573,0.687,0.81,0.38,576.68,0.53,10.82,27.18,7.4,86.0133
3104205,Arcos,MG,0,173.1618,4.6091,0.749,0.671,0.717,0.874,0.43,691.16,0.65,4.94,35.72,7.99,92.7972
3104304,Areado,MG,0,279.8591,4.1844,0.727,0.649,0.7,0.847,0.45,622.83,0.99,7.2,30.04,7.94,83.9342
3104403,Argirita,MG,0,217.5435,3.4283,0.643,0.505,0.645,0.817,0.39,442.45,1.66,10.47,23.12,5.92,75.5602
3104452,Aricanduva,MG,0,271.3878,3.7247,0.582,0.454,0.553,0.787,0.5,249.75,21.54,21.37,12.64,3.13,35.5346
3104502,Arinos,MG,0,502.609,4.2516,0.656,0.57,0.607,0.815,0.55,349.52,15.34,14.98,25.29,6.39,61.4122
3104601,Astolfo Dutra,MG,0,188.8285,4.1571,0.694,0.567,0.686,0.858,0.39,572.06,2.09,6.97,24.08,6.49,91.0568
3104700,Ataléia,MG,0,363.1609,4.0968,0.588,0.423,0.592,0.813,0.48,317.64,11.89,25.53,16.33,3.76,49.8028
3104809,Augusto de Lima,MG,0,206.213,3.6842,0.656,0.557,0.622,0.815,0.42,384.1,1.97,14.47,22.68,2.47,58.9516
3104908,Baependi,MG,0,245.9144,4.2844,0.681,0.57,0.664,0.833,0.49,497.21,4.46,10.05,25.12,6.91,72.3603
3105004,Baldim,MG,0,72.4684,3.891,0.671,0.59,0.65,0.787,0.46,458.08,1.97,9.32,27.37,5.95,64.0339
3105103,Bambuí,MG,0,214.6658,4.3796,0.741,0.636,0.735,0.87,0.49,777.46,0.92,7.62,31.32,8.07,85.0048
3105202,Bandeira,MG,0,574.4068,3.6756,0.599,0.454,0.583,0.811,0.46,302.0,11.24,30.6,13.76,3.71,47.6639
3105301,Bandeira do Sul,MG,0,323.7103,3.764,0.692,0.608,0.681,0.802,0.34,554.52,0.25,9.71,21.67,4.18,91.2327
3105400,Barão de Cocais,MG,0,46.1582,4.5216,0.722,0.647,0.679,0.858,0.42,546.85,3.66,4.67,35.27,8.13,90.6617
3105509,Barão de Monte Alto,MG,0,228.198,3.7252,0.649,0.533,0.619,0.827,0.45,377.1,6.23,16.37,20.14,4.98,71.9755
3105608,Barbacena,MG,0,144.0033,5.1432,0.769,0.687,0.751,0.881,0.58,854.27,1.7,5.43,42.19,13.78,91.5144
3105707,Barra Longa,MG,0,100.5118,3.6906,0.624,0.482,0.613,0.823,0.48,362.62,7.57,15.89,18.39,2.65,37.6526
3105905,Barroso,MG,0,137.8383,4.3218,0.734,0.678,0.675,0.864,0.48,535.1,3.06,6.45,36.04,9.46,96.8366
3106002,Bela Vista de Minas,MG,0,87.6251,4.0115,0.674,0.597,0.644,0.795,0.4,440.23,3.08,6.92,24.89,5.23,93.7425
3106101,Belmiro Braga,MG,0,229.99,3.5343,0.66,0.531,0.653,0.83,0.45,464.5,1.48,12.81,21.4,5.86,32.295
3106200,Belo Horizonte,MG,1,0.0,6.4032,0.81,0.737,0.841,0.856,0.6,1497.29,0.79,2.87,54.16,22.93,100.0
3106309,Belo Oriente,MG,0,170.3399,4.4358,0.686,0.606,0.655,0.813,0.42,470.05,4.04,11.61,27.3,5.2,84.1219
3106408,Belo Vale,MG,0,53.2421,3.8878,0.655,0.514,0.672,0.814,0.46,524.03,4.4,8.57,19.42,4.61,43.7235
3106507,Berilo,MG,0,366.3458,4.0724,0.628,0.524,0.58,0.816,0.45,295.62,14.57,20.45,19.97,3.74,31.6098
3106606,Bertópolis,MG,0,476.8373,3.6636,0.594,0.455,0.576,0.799,0.54,288.77,17.7,29.61,12.67,2.87,60.7159
3106655,Berizal,MG,0,533.5756,3.6805,0.604,0.52,0.56,0.757,0.41,261.24,12.47,24.84,21.89,3.35,56.865
3106705,Betim,MG,0,28.5043,5.6532,0.749,0.687,0.709,0.864,0.47,660.56,1.58,5.34,38.63,6.53,99.2705
3106804,Bias Fortes,MG,0,186.6689,3.5161,0.62,0.495,0.605,0.796,0.41,344.35,5.17,15.05,17.24,2.97,39.5202
3106903,Bicas,MG,0,217.822,4.1647,0.744,0.667,0.726,0.85,0.53,735.0,2.67,6.53,34.63,9.44,94.9022
3107000,Biquinhas,MG,0,209.3813,3.3948,0.688,0.555,0.684,0.857,0.41,565.37,3.81,10.88,20.98,2.76,62.3194
3107109,Boa Esperança,MG,0,213.3875,4.6054,0.704,0.587,0.694,0.855,0.47,599.17,0.83,7.69,26.99,10.27,83.5783
3107208,Bocaina de Minas,MG,0,252.9594,3.7065,0.645,0.476,0.665,0.848,0.42,501.73,1.57,17.66,19.48,5.18,47.853
3107307,Bocaiuva,MG,0,314.3941,4.7035,0.7,0.644,0.648,0.822,0.51,451.54,6.24,12.49,33.64,7.23,78.4499
3107406,Bom Despacho,MG,0,140.6365,4.7113,0.75,0.661,0.742,0.861,0.49,809.9,0.66,5.84,35.9,12.18,94.1675
3107505,Bom Jardim de Minas,MG,0,224.9839,3.8092,0.673,0.569,0.653,0.822,0.46,464.99,4.29,11.8,27.88,5.65,85.7714
3107604,Bom Jesus da Penha,MG,0,295.9723,3.6304,0.735,0.662,0.696,0.862,0.42,607.73,1.1,11.1,26.7,5.77,72.6782
3107703,Bom Jesus do Amparo,MG,0,54.0223,3.7911,0.683,0.582,0.655,0.834,0.45,472.21,1.93,10.03,22.91,4.96,45.8204
3107802,Bom Jesus do Galho,MG,0,168.8979,4.17,0.623,0.491,0.615,0.8,0.49,368.0,11.71,18.48,15.83,3.36,65.2434
3107901,Bom Repouso,MG,0,364.3398,4.0223,0.653,0.523,0.647,0.821,0.46,447.85,5.17,10.85,20.01,5.26,54.3081
3108008,Bom Sucesso,MG,0,149.0816,4.2458,0.692,0.602,0.68,0.808,0.49,551.39,1.29,12.3,28.02,6.26,82.3175
3108107,Bonfim,MG,0,53.7095,3.8358,0.637,0.464,0.669,0.834,0.49,512.94,5.02,12.55,13.8,3.47,48.8706
3108206,Bonfinópolis de Minas,MG,0,433.0585,3.7322,0.678,0.598,0.655,0.796,0.47,472.15,4.75,12.76,27.54,5.93,70.5371
3108255,Bonito de Minas,MG,0,520.5306,4.0608,0.537,0.388,0.514,0.776,0.57,195.65,35.66,27.15,12.31,4.57,22.8368
3108305,Borda da Mata,MG,0,348.4602,4.2969,0.73,0.64,0.703,0.865,0.46,635.37,1.14,8.23,28.31,8.78,80.1379
3108404,Botelhos,MG,0,319.6813,4.174,0.702,0.568,0.702,0.868,0.47,630.12,0.74,9.17,21.4,6.43,76.1796
3108503,Botumirim,MG,0,355.2745,3.7965,0.602,0.517,0.54,0.782,0.46,230.25,20.02,16.93,18.92,3.07,53.4093
3108552,Brasilândia de Minas,MG,0,394.1057,4.2292,0.674,0.559,0.646,0.848,0.44,444.35,3.04,10.45,24.38,4.12,86.9675
3108602,Brasília de Minas,MG,0,418.3064,4.5113,0.656,0.568,0.612,0.813,0.54,360.93,11.79,15.28,24.79,6.55,66.2384
3108701,Brás Pires,MG,0,124.0631,3.6289,0.625,0.523,0.582,0.801,0.44,299.02,16.37,13.53,17.27,3.45,47.9405
3108800,Braúnas,MG,0,160.5481,3.6755,0.624,0.478,0.635,0.802,0.55,416.84,9.56,18.5,14.15,4.1,31.67
3108909,Brazópolis,MG,0,331.8698,4.1573,0.692,0.566,0.697,0.841,0.54,613.88,1.64,10.03,25.43,7.44,53.8231
3109006,Brumadinho,MG,0,36.6834,4.615,0.747,0.639,0.761,0.857,0.57,910.31,1.51,6.38,33.94,12.06,84.3081
3109105,Bueno Brandão,MG,0,374.8211,4.0407,0.658,0.507,0.662,0.848,0.44,491.08,3.95,10.37,16.65,6.34,52.0933
3109204,Buenópolis,MG,0,230.9795,4.0146,0.669,0.579,0.65,0.796,0.49,456.55,7.8,15.36,28.48,7.34,75.4664
3109253,Bugre,MG,0,183.6981,3.6003,0.627,0.511,0.602,0.8,0.44,338.39,6.59,18.74,13.68,2.1,38.3517
3109303,Buritis,MG,0,547.4299,4.401,0.672,0.558,0.666,0.815,0.57,505.59,7.48,15.08,26.22,6.78,70.8097
3109402,Buritizeiro,MG,0,306.4726,4.45,0.624,0.524,0.603,0.768,0.41,340.72,4.83,13.81,22.18,3.56,87.7721
3109451,Cabeceira Grande,MG,0,548.1678,3.8466,0.648,0.542,0.638,0.788,0.47,424.47,6.38,14.61,19.11,3.89,82.0859
3109501,Cabo Verde,MG,0,308.5405,4.1484,0.674,0.527,0.686,0.847,0.43,571.6,1.57,10.41,19.95,5.26,55.1762
3109600,Cachoeira da Prata,MG,0,70.6432,3.5539,0.741,0.707,0.689,0.834,0.43,583.28,0.33,3.89,39.35,7.91,96.5517
3109709,Cachoeira de Minas,MG,0,330.4948,4.0648,0.706,0.637,0.673,0.821,0.45,527.44,3.33,8.57,29.44,6.71,64.0203
3109808,Cachoeira Dourada,MG,0,606.3878,3.4346,0.726,0.648,0.695,0.85,0.35,606.15,0.11,12.2,32.02,9.45,88.8224
3109907,Caetanópolis,MG,0,87.8771,4.0744,0.706,0.617,0.674,0.845,0.42,531.65,1.66,5.18,26.6,5.79,82.1002
3110004,Caeté,MG,0,27.9242,4.6567,0.728,0.663,0.69,0.844,0.46,586.16,1.53,5.12,38.41,7.95,86.9595
3110103,Caiana,MG,0,225.3285,3.7469,0.633,0.483,0.631,0.833,0.42,406.23,4.82,13.4,17.33,4.33,52.6973
3110202,Cajuri,MG,0,151.3316,3.5978,0.617,0.487,0.599,0.804,0.43,333.45,7.8,11.53,18.67,5.1,51.7915
3110301,Caldas,MG,0,337.7771,4.1644,0.687,0.529,0.701,0.873,0.49,627.21,2.42,8.09,18.59,5.88,56.7667
3110400,Camacho,MG,0,149.6556,3.4532,0.69,0.612,0.639,0.84,0.46,425.8,3.14,13.09,26.77,4.62,46.227
3110509,Camanducaia,MG,0,388.7628,4.3391,0.689,0.553,0.707,0.837,0.5,649.49,1.92,10.8,20.22,6.67,73.3824
3110608,Cambuí,MG,0,370.3361,4.4781,0.751,0.674,0.722,0.872,0.46,712.9,1.39,7.28,33.43,8.18,84.4118
3110707,Cambuquira,MG,0,256.1537,4.1075,0.699,0.577,0.691,0.856,0.5,588.83,1.92,9.19,30.15,9.09,82.9789
3110806,Campanário,MG,0,298.0601,3.5728,0.616,0.464,0.607,0.831,0.44,350.46,3.61,17.74,21.77,6.02,74.3827
3110905,Campanha,MG,0,260.6062,4.2267,0.709,0.587,0.715,0.849,0.5,686.16,0.87,7.95,29.63,10.0,86.3474
3111002,Campestre,MG,0,311.6489,4.3233,0.698,0.566,0.712,0.843,0.52,669.87,0.54,8.57,21.08,5.68,52.9779
3111101,Campina Verde,MG,0,583.0614,4.2958,0.704,0.562,0.714,0.868,0.47,681.73,3.12,8.06,22.76,7.47,74.6895
3111150,Campo Azul,MG,0,393.0653,3.5832,0.621,0.546,0.55,0.799,0.48,244.97,21.32,21.54,18.41,3.09,42.101
3111200,Campo Belo,MG,0,176.3981,4.7351,0.711,0.586,0.706,0.868,0.47,646.71,1.14,8.69,25.65,8.21,94.3388
3111309,Campo do Meio,MG,0,237.2799,4.0663,0.683,0.588,0.655,0.827,0.42,472.71,2.69,10.14,27.03,7.94,87.6525
3111408,Campo Florido,MG,0,486.331,3.9234,0.706,0.558,0.735,0.858,0.52,774.88,3.23,8.67,25.29,6.37,75.8079
3111507,Campos Altos,MG,0,236.5745,4.1948,0.702,0.582,0.69,0.86,0.4,587.21,0.58,9.91,25.0,7.75,90.8982
3111606,Campos Gerais,MG,0,239.2394,4.461,0.682,0.58,0.666,0.821,0.44,503.91,1.05,11.42,24.17,7.27,69.4058
3111705,Canaã,MG,0,160.3476,3.6564,0.649,0.532,0.644,0.798,0.5,439.71,7.59,14.63,18.9,4.28,40.1685
3111804,Canápolis,MG,0,569.9925,4.0882,0.722,0.598,0.721,0.872,0.5,711.27,1.13,14.62,25.16,6.27,89.5733
3111903,Cana Verde,MG,0,178.3023,3.747,0.65,0.512,0.652,0.821,0.43,463.1,1.23,12.21,19.61,7.02,72.7858
3112000,Candeias,MG,0,168.508,4.1729,0.678,0.537,0.699,0.83,0.48,621.22,1.45,13.99,21.22,6.19,69.9281
3112059,Cantagalo,MG,0,207.564,3.6604,0.631,0.515,0.598,0.816,0.42,329.9,7.27,15.38,20.7,3.5,59.0942
3112109,Caparaó,MG,0,220.5907,3.7375,0.624,0.473,0.614,0.836,0.43,364.52,5.29,14.47,16.02,3.34,38.5103
3112208,Capela Nova,MG,0,113.6868,3.6643,0.648,0.568,0.602,0.797,0.44,338.43,10.52,10.76,18.23,3.81,44.837
3112307,Capelinha,MG,0,290.1549,4.5834,0.653,0.527,0.641,0.824,0.52,432.55,9.53,18.94,22.17,5.68,71.1232
3112406,Capetinga,MG,0,335.2764,3.8363,0.675,0.533,0.68,0.848,0.42,549.97,0.69,11.37,19.45,6.03,83.4956
3112505,Capim Branco,MG,0,48.6603,3.9955,0.695,0.604,0.664,0.837,0.4,497.48,1.0,6.46,31.28,3.95,91.0933
3112604,Capinópolis,MG,0,608.8727,4.212,0.723,0.601,0.747,0.841,0.59,834.14,2.25,12.49,26.06,7.53,93.5383
3112653,Capitão Andrade,MG,0,236.1998,3.745,0.624,0.478,0.63,0.805,0.51,403.35,6.11,17.65,14.44,3.59,72.5482
3112703,Capitão Enéas,MG,0,402.8261,4.1872,0.639,0.565,0.573,0.806,0.47,282.97,9.96,18.25,24.91,4.65,81.0925
3112802,Capitólio,MG,0,234.3862,3.9392,0.71,0.612,0.709,0.825,0.4,658.77,0.51,7.11,24.03,6.39,79.4574
3112901,Caputira,MG,0,174.7504,3.9693,0.615,0.471,0.609,0.809,0.57,353.65,15.33,13.17,15.89,3.61,41.8494
3113008,Caraí,MG,0,385.0801,4.3779,0.558,0.405,0.549,0.781,0.53,244.29,22.93,26.58,10.62,3.53,32.1846
3113107,Caranaíba,MG,0,105.5259,3.4983,0.634,0.533,0.593,0.807,0.43,319.88,11.08,9.05,20.02,2.75,35.7664
3113206,Carandaí,MG,0,113.7684,4.4121,0.697,0.622,0.663,0.821,0.48,495.09,3.03,7.27,31.81,6.34,77.9791
3113305,Carangola,MG,0,216.3807,4.5188,0.695,0.573,0.699,0.837,0.48,618.24,3.51,10.15,29.55,8.96,80.688
3113404,Caratinga,MG,0,187.1612,4.9691,0.706,0.603,0.697,0.836,0.54,610.29,4.75,9.55,28.92,8.91,82.6781
3113503,Carbonita,MG,0,284.3804,3.9742,0.638,0.529,0.617,0.796,0.46,373.05,9.52,18.91,19.9,3.63,73.6554
3113602,Careaçu,MG,0,296.6191,3.8342,0.683,0.581,0.666,0.824,0.41,504.96,0.54,12.92,27.14,6.11,74.6586
3113701,Carlos Chagas,MG,0,415.0248,4.2675,0.648,0.513,0.641,0.826,0.53,432.37,7.09,21.95,22.27,4.18,64.5971
3113800,Carmésia,MG,0,125.0439,3.4249,0.65,0.54,0.631,0.805,0.48,404.76,8.24,15.19,23.3,5.65,53.5977
3113909,Carmo da Cachoeira,MG,0,216.6369,4.0861,0.655,0.523,0.672,0.801,0.45,525.35,1.26,9.95,23.88,6.84,75.7519
3114006,Carmo da Mata,MG,0,120.1441,4.0624,0.689,0.572,0.68,0.84,0.4,551.21,0.6,8.35,24.44,6.55,78.7956
3114105,Carmo de Minas,MG,0,272.8839,4.177,0.682,0.562,0.668,0.845,0.47,511.95,2.32,10.66,25.42,7.95,74.1018
3114204,Carmo do Cajuru,MG,0,92.4875,4.3598,0.71,0.605,0.695,0.853,0.43,606.19,0.92,6.38,27.77,7.69,86.648
3114303,Carmo do Paranaíba,MG,0,271.2854,4.482,0.705,0.571,0.713,0.861,0.49,678.13,2.8,8.71,25.78,7.0,84.7486
3114402,Carmo do Rio Claro,MG,0,256.0752,4.3286,0.733,0.649,0.715,0.85,0.52,685.17,0.72,8.82,29.72,6.94,70.3123
3114501,Carmópolis de Minas,MG,0,99.5441,4.2957,0.7,0.582,0.694,0.85,0.46,599.63,0.8,5.25,22.19,5.09,69.3395
3114550,Carneirinho,MG,0,708.1378,4.0045,0.741,0.622,0.749,0.873,0.57,847.07,2.54,11.61,29.52,9.1,73.6459
3114600,Carrancas,MG,0,188.2171,3.6077,0.725,0.632,0.687,0.877,0.54,576.62,5.56,8.0,31.51,8.49,66.1601
3114709,Carvalhópolis,MG,0,285.5829,3.558,0.724,0.648,0.688,0.85,0.43,579.4,0.59,8.35,28.7,6.27,73.6007
3114808,Carvalhos,MG,0,235.7237,3.6479,0.646,0.492,0.667,0.82,0.53,506.24,3.63,15.2,19.46,3.58,53.4899
3114907,Casa Grande,MG,0,95.1762,3.3524,0.652,0.555,0.608,0.823,0.38,351.47,3.98,5.89,22.11,3.21,50.0
3115003,Cascalho Rico,MG,0,441.2522,3.4925,0.721,0.604,0.734,0.845,0.49,769.71,0.21,6.53,22.01,4.73,62.8631
3115102,Cássia,MG,0,320.8151,4.249,0.704,0.576,0.723,0.837,0.47,717.84,0.84,10.62,26.2,8.29,81.6736
3115201,Conceição da Barra de Minas,MG,0,144.6729,3.5954,0.685,0.59,0.668,0.815,0.49,511.91,2.14,8.28,21.57,3.43,70.6373
3115300,Cataguases,MG,0,206.2757,4.8805,0.751,0.685,0.718,0.861,0.5,699.57,1.57,5.67,37.86,10.67,95.7323
3115359,Catas Altas,MG,0,55.5988,3.7376,0.684,0.582,0.665,0.828,0.39,502.15,1.21,6.17,29.69,5.01,87.4948
3115409,Catas Altas da Noruega,MG,0,94.222,3.5641,0.6,0.46,0.588,0.799,0.44,309.82,7.59,13.56,15.85,3.73,41.2767
3115458,Catuji,MG,0,387.3785,3.7928,0.54,0.382,0.534,0.771,0.54,221.41,25.29,24.52,13.13,3.3,25.2236
3115474,Catuti,MG,0,519.4025,3.6941,0.621,0.549,0.563,0.773,0.5,265.76,21.74,27.99,19.63,4.73,58.3693
3115508,Caxambu,MG,0,249.8706,4.3338,0.743,0.629,0.77,0.848,0.65,963.25,1.04,5.97,36.81,11.71,97.9129
3115607,Cedro do Abaeté,MG,0,206.734,3.0607,0.678,0.608,0.641,0.801,0.39,431.2,2.08,14.16,21.77,5.4,85.3719
3115706,Central de Minas,MG,0,304.2091,3.8487,0.665,0.54,0.663,0.823,0.59,494.1,8.61,20.01,16.54,3.62,82.6048
3115805,Centralina,MG,0,573.2079,4.0146,0.678,0.558,0.654,0.853,0.39,468.15,2.51,11.88,20.49,4.47,90.7267
3115904,Chácara,MG,0,206.5102,3.5073,0.664,0.512,0.65,0.878,0.43,456.42,1.03,11.59,16.72,6.9,68.159
3116001,Chalé,MG,0,233.7674,3.7555,0.655,0.561,0.636,0.787,0.45,418.8,5.26,16.32,24.61,4.64,49.318
3116100,Chapada do Norte,MG,0,349.0413,4.1857,0.598,0.469,0.571,0.798,0.47,279.92,18.6,24.88,14.1,4.02,37.4877
3116159,Chapada Gaúcha,MG,0,546.2045,4.1528,0.635,0.546,0.573,0.82,0.51,282.53,20.16,16.76,22.94,6.65,53.3179
3116209,Chiador,MG,0,246.7692,3.4244,0.711,0.559,0.742,0.868,0.61,808.78,0.88,11.27,27.32,6.62,53.3573
3116308,Cipotânea,MG,0,122.3629,3.8332,0.579,0.437,0.592,0.75,0.5,317.62,15.48,12.83,13.63,5.69,46.0364
3116407,Claraval,MG,0,354.5591,3.6878,0.698,0.584,0.687,0.848,0.42,575.11,1.62,8.0,19.25,3.65,55.7023
3116506,Claro dos Poções,MG,0,319.389,3.8738,0.67,0.625,0.601,0.799,0.42,337.07,8.23,16.85,27.45,4.42,67.537
3116605,Cláudio,MG,0,104.4021,4.4638,0.709,0.602,0.701,0.846,0.4,625.88,0.96,4.92,25.03,7.61,82.0845
3116704,Coimbra,MG,0,155.3341,3.8826,0.669,0.558,0.649,0.825,0.45,454.81,2.46,10.18,22.45,5.64,73.0933
3116803,Coluna,MG,0,222.2667,3.945,0.583,0.43,0.59,0.782,0.5,315.0,12.77,20.77,15.53,4.14,42.2651
3116902,Comendador Gomes,MG,0,539.8795,3.4953,0.697,0.566,0.703,0.85,0.45,635.2,2.09,8.71,23.28,5.06,50.7402
3117009,Comercinho,MG,0,463.4733,3.8211,0.593,0.462,0.566,0.797,0.49,271.4,21.44,23.74,15.38,4.0,42.7452
3117108,Conceição da Aparecida,MG,0,269.8566,4.015,0.691,0.566,0.688,0.847,0.45,579.34,1.31,8.94,20.5,5.15,63.1263
3117207,Conceição das Pedras,MG,0,293.6845,3.4493,0.668,0.566,0.642,0.821,0.48,434.68,4.19,9.52,20.63,3.91,54.8927
3117306,Conceição das Alagoas,MG,0,465.7376,4.4591,0.712,0.57,0.734,0.862,0.51,770.02,1.2,8.71,23.74,6.83,90.6132
3117405,Conceição de Ipanema,MG,0,233.5259,3.661,0.676,0.565,0.664,0.825,0.54,497.4,8.97,15.2,21.03,4.28,34.1786
3117504,Conceição do Mato Dentro,MG,0,112.3625,4.2415,0.634,0.517,0.622,0.794,0.49,384.42,9.23,17.87,19.16,4.84,68.5113
3117603,Conceição do Pará,MG,0,103.5374,3.7449,0.7,0.588,0.687,0.85,0.42,576.48,1.04,9.27,25.27,4.24,39.0655
3117702,Conceição do Rio Verde,MG,0,246.9627,4.1376,0.665,0.522,0.675,0.834,0.53,533.38,0.94,13.09,21.81,8.13,88.4547
3117801,Conceição dos Ouros,MG,0,337.0793,4.0738,0.703,0.618,0.668,0.842,0.39,509.52,0.68,6.85,25.67,7.06,78.196
3117836,Cônego Marinho,MG,0,518.6744,3.8882,0.621,0.544,0.55,0.799,0.52,245.64,26.83,18.82,18.79,3.26,26.968
3117876,Confins,MG,0,34.9577,3.8368,0.747,0.711,0.706,0.83,0.45,647.2,1.12,4.92,39.59,6.83,100.0
3117900,Congonhal,MG,0,330.7394,4.0867,0.712,0.626,0.681,0.847,0.45,553.81,4.4,10.0,27.38,6.05,74.0829
3118007,Congonhas,MG,0,63.477,4.7469,0.753,0.665,0.732,0.877,0.5,760.35,1.28,4.5,39.09,9.81,97.3557
3118106,Congonhas do Norte,MG,0,127.1497,3.703,0.568,0.433,0.566,0.746,0.48,270.3,19.07,26.4,16.53,3.66,52.5592
3118205,Conquista,MG,0,378.0623,3.8449,0.729,0.618,0.714,0.877,0.45,678.21,1.04,10.34,29.99,9.23,86.8986
3118304,Conselheiro Lafaiete,MG,0,81.708,5.1159,0.761,0.697,0.736,0.86,0.49,781.59,1.12,3.54,44.08,11.49,95.4975
3118403,Conselheiro Pena,MG,0,270.771,4.3613,0.662,0.537,0.646,0.837,0.49,445.95,7.72,16.23,21.86,4.91,79.1341
3118502,Consolação,MG,0,356.6358,3.2519,0.673,0.602,0.627,0.806,0.37,395.33,3.28,13.03,21.48,2.98,55.0087
3118601,Contagem,MG,0,14.6375,5.8286,0.756,0.697,0.745,0.832,0.48,824.3,1.15,3.55,43.03,8.8,99.6616
3118700,Coqueiral,MG,0,210.1076,3.959,0.694,0.601,0.663,0.838,0.49,495.77,2.55,8.34,25.53,5.79,70.9226
3118809,Coração de Jesus,MG,0,364.0506,4.4252,0.642,0.57,0.575,0.808,0.49,287.28,13.79,18.24,24.07,4.54,56.7203
3118908,Cordisburgo,MG,0,99.0495,3.9495,0.656,0.558,0.644,0.786,0.46,440.09,3.05,10.83,23.74,5.29,68.7781
3119005,Cordislândia,MG,0,276.5131,3.5497,0.66,0.544,0.654,0.807,0.45,468.59,1.77,14.08,21.76,4.98,80.262
3119104,Corinto,MG,0,183.6547,4.373,0.68,0.562,0.664,0.842,0.53,499.56,6.92,10.13,25.75,5.66,88.6259
3119203,Coroaci,MG,0,226.4454,3.9955,0.626,0.493,0.613,0.811,0.52,362.9,13.69,15.49,18.9,3.92,50.4479
3119302,Coromandel,MG,0,380.4566,4.4465,0.708,0.565,0.73,0.86,0.51,753.35,0.93,8.06,26.58,5.66,78.6474
3119401,Coronel Fabriciano,MG,0,143.7964,5.0442,0.755,0.696,0.715,0.865,0.48,685.48,2.38,6.08,38.84,8.72,98.7473
3119500,Coronel Murta,MG,0,413.1411,3.9642,0.627,0.543,0.578,0.784,0.49,291.66,14.16,19.75,21.59,3.67,73.4123
3119609,Coronel Pacheco,MG,0,194.6401,3.4907,0.669,0.565,0.673,0.789,0.42,525.62,2.51,11.47,23.8,5.27,71.9075
3119708,Coronel Xavier Chaves,MG,0,124.9075,3.5376,0.677,0.563,0.67,0.823,0.5,518.32,5.22,6.05,24.18,7.7,54.5289
3119807,Córrego Danta,MG,0,206.5769,3.5008,0.692,0.575,0.683,0.844,0.47,561.81,1.85,9.19,25.55,7.16,61.5748
3119906,Córrego do Bom Jesus,MG,0,369.5585,3.5664,0.692,0.592,0.665,0.84,0.38,501.15,2.31,12.22,25.97,6.63,54.933
3119955,Córrego Fundo,MG,0,179.2872,3.8079,0.678,0.597,0.657,0.795,0.32,477.36,1.58,9.5,21.72,3.71,76.5112
3120003,Córrego Novo,MG,0,160.006,3.4294,0.632,0.525,0.596,0.805,0.42,327.06,9.31,21.38,13.72,3.64,65.1743
3120102,Couto de Magalhães de Minas,MG,0,212.7823,3.647,0.659,0.592,0.6,0.807,0.46,333.91,11.82,11.44,26.74,8.16,91.2226
3120151,Crisólita,MG,0,436.8662,3.8334,0.585,0.432,0.579,0.799,0.51,294.11,12.4,35.0,10.52,1.5,57.698
3120201,Cristais,MG,0,195.9584,4.1159,0.692,0.525,0.736,0.859,0.58,780.18,3.46,9.84,17.58,5.01,78.3714
3120300,Cristália,MG,0,375.8539,3.7776,0.583,0.482,0.518,0.795,0.51,200.51,27.17,19.55,18.09,3.64,53.0035
3120409,Cristiano Otoni,MG,0,101.3361,3.7127,0.695,0.626,0.651,0.823,0.44,458.68,3.92,6.03,28.3,5.22,83.0038
3120508,Cristina,MG,0,288.061,4.0091,0.668,0.55,0.645,0.842,0.44,442.25,3.12,9.34,20.25,5.4,58.3252
3120607,Crucilândia,MG,0,66.4242,3.7052,0.651,0.518,0.653,0.816,0.43,464.17,3.01,13.78,18.65,4.95,62.6235
3120706,Cruzeiro da Fortaleza,MG,0,308.7014,3.5624,0.696,0.562,0.72,0.832,0.59,707.8,2.8,10.83,24.84,4.99,85.4347
3120805,Cruzília,MG,0,230.5338,4.1911,0.695,0.587,0.671,0.853,0.49,520.72,2.37,10.3,26.21,8.03,91.0561
3120839,Cuparaque,MG,0,315.0838,3.7012,0.627,0.497,0.621,0.798,0.46,381.64,8.42,21.52,18.05,4.63,83.0128
3120870,Curral de Dentro,MG,0,495.5812,3.8958,0.585,0.462,0.571,0.759,0.52,279.64,16.95,24.36,14.31,3.71,84.4351
3120904,Curvelo,MG,0,141.5942,4.9089,0.713,0.617,0.689,0.851,0.52,581.65,2.07,7.83,30.66,7.37,90.7881
3121001,Datas,MG,0,167.4509,3.7349,0.616,0.524,0.59,0.756,0.42,313.84,6.87,10.63,22.12,4.93,59.2593
3121100,Delfim Moreira,MG,0,317.459,3.9035,0.669,0.552,0.649,0.837,0.45,454.36,2.23,9.19,24.45,6.49,37.9501
3121209,Delfinópolis,MG,0,309.4013,3.8541,0.74,0.661,0.702,0.872,0.47,632.28,0.76,10.3,29.3,5.67,70.9517
3121258,Delta,MG,0,402.0432,4.0412,0.639,0.481,0.672,0.808,0.38,523.34,2.0,13.12,16.29,2.88,93.757
3121308,Descoberto,MG,0,196.2689,3.7028,0.68,0.599,0.657,0.798,0.41,477.97,6.85,8.44,22.89,4.71,85.3398
3121407,Desterro de Entre Rios,MG,0,90.8376,3.8613,0.639,0.536,0.607,0.802,0.41,348.88,8.62,14.29,18.91,3.03,51.3568
3121506,Desterro do Melo,MG,0,141.0206,3.4574,0.631,0.503,0.618,0.809,0.46,373.25,10.05,17.64,17.35,5.48,46.1028
3121605,Diamantina,MG,0,191.7237,4.6806,0.716,0.632,0.693,0.839,0.57,597.41,5.06,9.22,36.48,12.76,87.3235
3121704,Diogo de Vasconcelos,MG,0,97.6746,3.5774,0.601,0.464,0.578,0.811,0.5,291.48,20.92,17.31,13.62,4.07,28.5603
3121803,Dionísio,MG,0,120.078,3.8747,0.702,0.647,0.651,0.821,0.45,461.02,4.8,11.64,26.96,4.67,81.9888
3121902,Divinésia,MG,0,150.9626,3.5353,0.657,0.559,0.645,0.785,0.4,441.49,3.56,9.21,21.9,4.8,66.0492
3122009,Divino,MG,0,200.1529,4.3015,0.605,0.421,0.639,0.823,0.52,426.94,9.13,14.02,16.41,5.92,56.4261
3122108,Divino das Laranjeiras,MG,0,287.1548,3.6963,0.661,0.571,0.624,0.811,0.44,388.4,4.44,18.38,17.48,3.76,83.2084
3122207,Divinolândia de Minas,MG,0,185.9569,3.8839,0.623,0.495,0.603,0.812,0.43,340.1,7.04,13.89,19.43,5.09,82.0046
3122306,Divinópolis,MG,0,103.5882,5.3847,0.764,0.702,0.753,0.844,0.47,868.57,0.36,3.78,41.06,12.88,97.418
3122355,Divisa Alegre,MG,0,542.6153,3.8417,0.608,0.515,0.603,0.723,0.5,341.94,10.35,22.22,20.47,6.18,96.7539
3122405,Divisa Nova,MG,0,294.789,3.781,0.67,0.57,0.66,0.801,0.39,484.91,1.71,13.91,22.07,5.15,80.8433
3122454,Divisópolis,MG,0,561.409,4.0568,0.609,0.489,0.577,0.802,0.45,290.45,9.9,25.61,18.3,3.99,71.3506
3122470,Dom Bosco,MG,0,441.4061,3.5605,0.673,0.597,0.627,0.815,0.42,394.72,5.31,15.68,20.96,3.67,53.8018
3122504,Dom Cavati,MG,0,200.0506,3.7011,0.688,0.63,0.66,0.784,0.44,485.9,4.36,12.49,24.98,7.26,88.4431
3122603,Dom Joaquim,MG,0,128.7163,3.647,0.622,0.482,0.61,0.819,0.52,355.58,13.44,16.65,18.57,5.58,64.4322
3122702,Dom Silvério,MG,0,102.8949,3.7183,0.709,0.636,0.661,0.847,0.42,488.84,2.31,9.94,27.83,6.23,78.0985
3122801,Dom Viçoso,MG,0,287.5419,3.476,0.687,0.641,0.617,0.819,0.41,371.63,2.61,10.15,23.45,4.64,33.3333
3122900,Dona Euzébia,MG,0,193.2239,3.8237,0.701,0.598,0.684,0.841,0.41,563.76,0.82,8.59,25.0,5.67,85.5357
3123007,Dores de Campos,MG,0,130.1053,4.0125,0.686,0.585,0.671,0.823,0.4,520.98,0.9,7.09,26.26,6.21,90.9453
3123106,Dores de Guanhães,MG,0,143.6209,3.7109,0.636,0.512,0.612,0.821,0.49,361.09,8.89,19.24,18.8,7.65,31.0549
3123205,Dores do Indaiá,MG,0,183.2806,4.1262,0.719,0.623,0.71,0.84,0.47,663.62,1.22,11.04,29.94,6.64,91.5517
3123304,Dores do Turvo,MG,0,138.8289,3.6235,0.629,0.49,0.613,0.829,0.46,363.3,5.04,15.07,16.18,4.03,45.4953
3123403,Doresópolis,MG,0,210.2592,3.1872,0.692,0.585,0.652,0.869,0.39,461.8,3.73,6.65,19.91,4.9,78.6111
3123502,Douradoquara,MG,0,421.6005,3.2822,0.706,0.591,0.704,0.847,0.49,640.34,1.94,7.31,21.56,4.85,66.9745
3123528,Durandé,MG,0,224.6967,3.8975,0.645,0.508,0.626,0.842,0.43,392.68,3.53,17.85,17.79,3.98,47.7839
3123601,Elói Mendes,MG,0,252.2393,4.4557,0.685,0.558,0.688,0.838,0.46,577.5,1.47,11.35,25.25,6.5,80.7851
3123700,Engenheiro Caldas,MG,0,213.1142,4.0518,0.644,0.518,0.632,0.815,0.49,407.77,6.05,18.19,20.64,5.74,80.9825
3123809,Engenheiro Navarro,MG,0,294.651,3.8597,0.655,0.594,0.599,0.791,0.43,332.37,8.13,17.48,21.98,2.75,66.6947
3123858,Entre Folhas,MG,0,180.5714,3.731,0.634,0.521,0.617,0.792,0.47,373.1,8.37,14.28,18.07,4.14,75.1498
3123908,Entre Rios de Minas,MG,0,82.9059,4.1892,0.672,0.563,0.673,0.802,0.5,527.33,4.5,8.06,24.63,7.42,69.3582
3124005,Ervália,MG,0,165.4316,4.2792,0.625,0.46,0.64,0.828,0.46,429.35,5.13,15.03,17.55,5.45,52.7694
3124104,Esmeraldas,MG,0,45.1992,4.8604,0.671,0.567,0.649,0.822,0.43,452.62,3.61,8.6,22.54,3.49,93.2704
3124203,Espera Feliz,MG,0,224.0997,4.4029,0.663,0.52,0.663,0.846,0.5,496.04,7.24,13.92,19.59,6.23,62.0144
3124302,Espinosa,MG,0,569.7077,4.4997,0.627,0.526,0.582,0.804,0.45,299.13,12.73,23.34,20.87,2.35,57.9276
3124401,Espírito Santo do Dourado,MG,0,315.1903,3.6747,0.685,0.576,0.66,0.847,0.37,486.55,1.72,11.22,17.73,3.42,37.9995
3124500,Estiva,MG,0,354.6717,4.0575,0.691,0.573,0.679,0.848,0.39,547.01,1.07,9.19,21.12,4.48,45.1729
3124609,Estrela Dalva,MG,0,252.0819,3.3632,0.71,0.574,0.719,0.867,0.59,701.83,2.78,16.32,25.7,5.89,72.1053
3124708,Estrela do Indaiá,MG,0,200.7426,3.542,0.676,0.521,0.679,0.875,0.46,547.21,0.0,13.52,21.64,7.56,78.9818
3124807,Estrela do Sul,MG,0,416.5563,3.9062,0.696,0.579,0.694,0.84,0.44,600.41,1.68,11.34,26.2,6.15,81.3457
3124906,Eugenópolis,MG,0,221.9078,4.0563,0.675,0.551,0.66,0.846,0.44,486.46,4.5,12.14,26.16,4.78,70.2562
3125002,Ewbank da Câmara,MG,0,183.6099,3.5946,0.676,0.601,0.625,0.823,0.37,391.34,1.19,10.36,25.17,2.85,92.1663
3125101,Extrema,MG,0,408.6178,4.5758,0.732,0.633,0.729,0.849,0.4,745.21,0.37,6.22,33.2,8.82,90.9927
3125200,Fama,MG,0,256.8359,3.3755,0.717,0.61,0.7,0.863,0.45,624.24,0.51,9.95,23.97,7.37,64.4681
3125309,Faria Lemos,MG,0,221.3204,3.5054,0.687,0.598,0.678,0.8,0.51,544.77,2.82,14.38,29.88,8.39,69.0758
3125408,Felício dos Santos,MG,0,218.8681,3.668,0.606,0.494,0.568,0.794,0.46,274.2,16.19,17.43,17.17,2.94,43.3489
3125507,São Gonçalo do Rio Preto,MG,0,222.1634,3.5022,0.64,0.542,0.593,0.815,0.44,321.22,8.54,17.5,18.89,6.13,63.9398
3125606,Felisburgo,MG,0,496.3885,3.8778,0.583,0.462,0.577,0.744,0.51,290.8,17.6,27.39,17.17,6.42,73.9857
3125705,Felixlândia,MG,0,166.3366,4.1911,0.648,0.514,0.651,0.815,0.45,459.52,3.38,10.23,20.04,5.17,77.3458
3125804,Fernandes Tourinho,MG,0,212.2381,3.5441,0.646,0.55,0.608,0.807,0.42,351.58,5.57,21.69,18.45,4.82,66.5347
3125903,Ferros,MG,0,122.8848,3.9812,0.603,0.428,0.625,0.821,0.52,392.08,10.45,21.61,14.25,5.32,46.9779
3125952,Fervedouro,MG,0,193.2701,4.0453,0.58,0.42,0.583,0.796,0.48,301.55,14.99,15.15,11.56,2.87,46.0334
3126000,Florestal,MG,0,52.8719,3.8809,0.724,0.617,0.728,0.845,0.48,741.46,1.47,6.47,33.83,10.39,83.3939
3126109,Formiga,MG,0,167.1518,4.8322,0.755,0.676,0.729,0.874,0.48,746.8,1.25,6.15,33.03,9.02,91.3386
3126208,Formoso,MG,0,606.2455,3.9917,0.64,0.51,0.616,0.834,0.54,370.41,13.71,19.32,23.65,4.41,63.2628
3126307,Fortaleza de Minas,MG,0,307.5453,3.6493,0.67,0.546,0.683,0.805,0.42,562.53,3.08,9.07,27.23,6.41,71.9863
3126406,Fortuna de Minas,MG,0,68.2113,3.4751,0.696,0.613,0.651,0.845,0.41,459.52,1.04,8.7,26.34,5.61,68.9464
3126505,Francisco Badaró,MG,0,367.4436,4.0133,0.622,0.527,0.575,0.793,0.46,286.56,14.05,22.41,16.29,3.19,31.1378
3126604,Francisco Dumont,MG,0,292.8615,3.7216,0.625,0.513,0.596,0.797,0.45,326.7,9.87,18.77,18.67,5.0,65.7413
3126703,Francisco Sá,MG,0,387.705,4.4226,0.654,0.572,0.605,0.808,0.53,344.32,11.22,20.91,23.12,3.95,59.7985
3126752,Franciscópolis,MG,0,298.5468,3.7232,0.603,0.471,0.581,0.802,0.51,296.76,17.39,30.52,16.26,3.99,41.3448
3126802,Frei Gaspar,MG,0,334.6292,3.7677,0.59,0.452,0.569,0.799,0.43,275.62,11.29,28.51,16.1,3.39,32.5906
3126901,Frei Inocêncio,MG,0,261.9139,3.9875,0.648,0.559,0.624,0.779,0.46,389.61,6.1,17.59,23.65,5.27,75.8296
3126950,Frei Lagonegro,MG,0,231.8102,3.5436,0.543,0.412,0.519,0.749,0.5,201.83,29.9,22.37,10.88,2.44,18.5641
3127008,Fronteira,MG,0,552.4331,4.2757,0.684,0.53,0.693,0.871,0.43,598.68,0.44,10.54,26.53,6.03,93.2626
3127057,Fronteira dos Vales,MG,0,463.5871,3.6572,0.592,0.46,0.556,0.813,0.46,255.11,14.77,30.77,18.27,4.26,64.8176
3127073,Fruta de Leite,MG,0,449.7241,3.7187,0.544,0.37,0.548,0.792,0.47,241.93,20.49,33.97,10.17,2.3,34.2761
3127107,Frutal,MG,0,523.9057,4.7818,0.73,0.615,0.73,0.865,0.47,752.01,2.19,6.53,28.79,9.06,86.1992
3127206,Funilândia,MG,0,64.7088,3.6468,0.655,0.545,0.612,0.844,0.46,360.59,9.44,13.03,23.23,2.28,52.6329
3127305,Galiléia,MG,0,271.1646,3.8302,0.654,0.546,0.645,0.795,0.49,442.14,5.52,19.3,20.44,4.5,81.8875
3127339,Gameleiras,MG,0,547.2128,3.7062,0.65,0.618,0.559,0.796,0.5,258.85,22.37,25.44,25.18,3.98,27.4956
3127354,Glaucilândia,MG,0,344.1495,3.502,0.679,0.667,0.579,0.812,0.43,293.97,8.98,13.07,29.84,2.81,35.3815
3127370,Goiabeira,MG,0,302.72,3.5317,0.647,0.539,0.628,0.799,0.47,398.14,7.46,22.3,20.85,4.33,81.0023
3127388,Goianá,MG,0,193.1118,3.6036,0.716,0.644,0.682,0.835,0.47,558.09,0.69,10.52,33.14,6.38,81.1424
3127404,Gonçalves,MG,0,362.5698,3.6395,0.683,0.57,0.671,0.833,0.45,519.03,2.55,13.38,20.68,4.71,27.5829
3127503,Gonzaga,MG,0,195.9992,3.7913,0.606,0.516,0.558,0.774,0.5,258.04,20.86,19.4,16.42,4.36,54.6698
3127602,Gouveia,MG,0,167.4111,4.0723,0.681,0.609,0.622,0.833,0.45,382.78,5.92,8.49,25.18,6.11,70.4477
3127701,Governador Valadares,MG,0,240.0914,5.4505,0.727,0.644,0.714,0.834,0.52,678.74,2.36,7.58,36.83,9.96,96.0601
3127800,Grão Mogol,MG,0,390.5466,4.2026,0.604,0.482,0.579,0.791,0.48,293.87,14.71,18.83,17.55,3.9,35.8826
3127909,Grupiara,MG,0,429.9349,3.1418,0.731,0.682,0.679,0.844,0.4,548.38,1.16,7.91,35.84,7.87,85.4334
3128006,Guanhães,MG,0,165.5944,4.5418,0.686,0.576,0.683,0.82,0.56,560.99,4.33,11.89,27.58,6.13,81.316
3128105,Guapé,MG,0,226.768,4.1544,0.679,0.57,0.661,0.831,0.39,487.68,1.19,8.55,23.85,5.5,51.7157
3128204,Guaraciaba,MG,0,118.6889,4.0131,0.623,0.493,0.618,0.794,0.48,373.48,10.17,17.89,16.38,4.5,31.478
3128253,Guaraciama,MG,0,326.4886,3.6994,0.677,0.655,0.586,0.807,0.4,306.99,6.73,17.55,30.35,3.79,64.1162
3128303,Guaranésia,MG,0,335.0863,4.2791,0.701,0.589,0.693,0.845,0.41,598.17,0.81,11.24,26.65,7.09,89.9647
3128402,Guarani,MG,0,183.0185,3.9507,0.677,0.533,0.685,0.849,0.49,568.73,2.11,11.74,24.85,7.02,79.2348
3128501,Guarará,MG,0,219.8922,3.5746,0.652,0.532,0.65,0.802,0.41,457.9,2.31,8.59,19.5,3.57,88.7503
3128600,Guarda-Mor,MG,0,411.8199,3.8168,0.69,0.558,0.709,0.829,0.53,660.72,3.3,10.56,23.81,5.96,56.1767
3128709,Guaxupé,MG,0,327.42,4.718,0.751,0.659,0.729,0.88,0.49,746.7,0.51,5.98,34.56,12.38,94.032
3128808,Guidoval,MG,0,178.1605,3.8467,0.683,0.569,0.669,0.837,0.38,512.85,0.83,10.95,20.77,4.67,72.1482
3128907,Guimarânia,MG,0,324.9822,3.9121,0.693,0.592,0.681,0.825,0.48,552.31,2.78,9.1,25.18,6.52,81.5416
3129004,Guiricema,MG,0,173.3911,3.9189,0.674,0.576,0.654,0.812,0.42,469.56,2.36,12.9,20.86,5.43,48.5242
3129103,Gurinhatã,MG,0,619.1381,3.7416,0.68,0.525,0.691,0.865,0.49,587.76,5.39,14.85,19.84,5.19,43.8651
3129202,Heliodora,MG,0,290.1035,3.8211,0.657,0.527,0.656,0.822,0.41,474.0,0.21,12.98,18.16,6.01,72.3738
3129301,Iapu,MG,0,187.5453,4.0447,0.654,0.535,0.639,0.819,0.5,427.85,8.95,16.35,17.73,4.31,69.4523
3129400,Ibertioga,MG,0,165.9537,3.6989,0.657,0.56,0.606,0.834,0.43,347.21,5.36,13.9,20.46,4.54,68.6458
3129509,Ibiá,MG,0,278.2361,4.4067,0.718,0.573,0.736,0.877,0.55,781.68,1.33,6.45,23.41,5.82,84.6154
3129608,Ibiaí,MG,0,357.7288,3.9283,0.614,0.516,0.565,0.795,0.48,269.24,18.46,18.7,18.07,4.08,76.5914
3129657,Ibiracatu,MG,0,475.7169,3.7275,0.591,0.489,0.537,0.786,0.5,225.72,25.91,25.54,15.94,4.58,50.7392
3129707,Ibiraci,MG,0,339.5816,4.1501,0.706,0.591,0.696,0.855,0.42,609.71,0.51,9.34,25.68,6.91,67.4113
3129806,Ibirité,MG,0,16.9249,5.2649,0.704,0.616,0.673,0.84,0.42,525.64,1.73,5.96,27.82,2.9,99.771
3129905,Ibitiúra de Minas,MG,0,351.4115,3.5437,0.674,0.579,0.658,0.802,0.4,479.81,0.6,11.57,21.27,5.27,70.0769
3130002,Ibituruna,MG,0,158.8076,3.4776,0.675,0.584,0.639,0.823,0.42,426.36,1.03,10.62,27.02,4.46,86.7062
3130051,Icaraí de Minas,MG,0,426.6985,4.0864,0.624,0.533,0.57,0.799,0.5,277.4,20.77,15.32,23.0,4.45,27.7871
3130101,Igarapé,MG,0,41.8275,4.649,0.698,0.588,0.686,0.844,0.45,570.58,2.6,7.3,27.86,5.42,93.7161
3130200,Igaratinga,MG,0,80.9272,4.0471,0.651,0.481,0.682,0.842,0.37,556.96,0.22,7.13,16.28,3.19,82.8692
3130309,Iguatama,MG,0,188.0828,3.8977,0.707,0.616,0.695,0.825,0.43,604.59,1.42,5.56,30.58,9.1,83.6343
3130408,Ijaci,MG,0,172.4367,3.8239,0.714,0.654,0.663,0.84,0.41,495.95,0.79,6.87,33.6,5.51,95.6648
3130507,Ilicínea,MG,0,227.3948,4.0973,0.68,0.571,0.665,0.827,0.39,500.79,0.86,9.49,21.76,5.0,79.1783
3130556,Imbé de Minas,MG,0,208.9962,3.8436,0.553,0.397,0.572,0.744,0.44,281.68,13.44,17.28,7.99,3.36,31.8493
3130606,Inconfidentes,MG,0,364.1424,3.8685,0.692,0.572,0.688,0.843,0.48,579.13,2.52,8.55,23.71,6.77,53.2426
3130655,Indaiabira,MG,0,526.8684,3.865,0.61,0.49,0.575,0.804,0.48,286.93,13.97,32.13,14.68,3.25,37.4079
3130705,Indianópolis,MG,0,430.0654,3.8457,0.674,0.554,0.664,0.834,0.4,499.36,0.91,10.96,21.86,4.96,65.525
3130804,Ingaí,MG,0,193.1723,3.4448,0.697,0.569,0.694,0.858,0.52,602.08,0.53,8.16,23.79,6.94,62.0008
3130903,Inhapim,MG,0,193.7071,4.3806,0.658,0.535,0.642,0.829,0.52,434.81,8.6,15.27,19.14,6.01,57.5986
3131000,Inhaúma,MG,0,69.3846,3.8029,0.702,0.624,0.657,0.845,0.44,477.55,2.55,8.65,28.55,3.67,73.0208
3131109,Inimutaba,MG,0,141.8273,3.8811,0.664,0.579,0.625,0.81,0.42,389.93,3.02,12.33,22.8,3.41,70.5384
3131158,Ipaba,MG,0,168.3373,4.2771,0.665,0.562,0.63,0.829,0.4,403.9,3.63,11.68,25.23,2.88,89.9449
3131208,Ipanema,MG,0,231.5197,4.3039,0.693,0.586,0.67,0.848,0.53,518.1,5.38,14.2,24.78,5.84,78.1508
3131307,Ipatinga,MG,0,155.6973,5.4271,0.771,0.705,0.752,0.864,0.52,862.91,1.13,5.01,42.67,11.35,98.956
3131406,Ipiaçu,MG,0,646.5294,3.6262,0.696,0.61,0.68,0.814,0.43,550.98,1.34,15.98,24.25,4.37,91.0884
3131505,Ipuiúna,MG,0,336.191,4.0067,0.686,0.516,0.723,0.866,0.53,719.24,2.43,11.94,19.35,6.17,78.2271
3131604,Iraí de Minas,MG,0,385.6967,3.8492,0.695,0.563,0.705,0.847,0.48,642.98,0.96,8.59,25.08,6.79,79.7588
3131703,Itabira,MG,0,80.688,5.0854,0.756,0.678,0.729,0.873,0.51,744.61,1.54,6.34,39.81,9.77,93.1984
3131802,Itabirinha,MG,0,321.723,4.0658,0.653,0.531,0.625,0.838,0.47,390.33,5.39,20.45,18.91,3.86,78.2828
3131901,Itabirito,MG,0,37.5268,4.7242,0.73,0.638,0.737,0.828,0.47,784.55,0.59,4.0,36.73,9.42,95.8569
3132008,Itacambira,MG,0,326.0088,3.7362,0.628,0.55,0.57,0.791,0.5,277.92,21.87,16.05,24.09,5.76,20.1684
3132107,Itacarambi,MG,0,537.9048,4.2595,0.641,0.564,0.593,0.787,0.5,321.22,10.67,17.7,27.04,8.06,77.8725
3132206,Itaguara,MG,0,77.1987,4.1307,0.691,0.567,0.697,0.836,0.44,610.65,0.97,8.15,26.17,7.19,76.9964
3132305,Itaipé,MG,0,368.3426,4.1109,0.552,0.388,0.57,0.759,0.49,277.8,17.1,24.97,14.81,4.27,41.8969
3132404,Itajubá,MG,0,319.8056,4.9903,0.787,0.718,0.767,0.884,0.55,948.2,1.03,3.92,47.51,16.04,91.2926
3132503,Itamarandiba,MG,0,257.4573,4.5457,0.646,0.547,0.618,0.798,0.52,374.21,11.13,18.71,20.06,4.5,68.3388
3132602,Itamarati de Minas,MG,0,201.0857,3.643,0.688,0.572,0.677,0.841,0.39,540.7,0.54,7.51,24.86,6.07,78.6958
3132701,Itambacuri,MG,0,316.951,4.3656,0.634,0.527,0.616,0.784,0.51,370.48,10.0,21.26,20.6,6.11,66.2852
3132800,Itambé do Mato Dentro,MG,0,85.3962,3.3079,0.634,0.513,0.605,0.823,0.42,345.17,4.77,19.02,18.98,3.75,39.7722
3132909,Itamogi,MG,0,348.9151,4.0053,0.674,0.568,0.665,0.81,0.41,502.2,1.06,10.72,22.05,5.31,74.9734
3133006,Itamonte,MG,0,278.7214,4.1999,0.705,0.591,0.695,0.853,0.47,604.91,1.44,6.01,29.18,8.71,68.6424
3133105,Itanhandu,MG,0,282.283,4.1906,0.739,0.643,0.72,0.871,0.48,706.47,1.27,4.63,31.7,9.99,84.127
3133204,Itanhomi,MG,0,232.1858,4.0885,0.65,0.503,0.656,0.831,0.55,474.77,10.76,17.47,18.96,5.49,72.2841
3133303,Itaobim,MG,0,454.7259,4.3222,0.629,0.516,0.613,0.787,0.51,362.88,9.48,20.96,22.9,5.36,75.1345
3133402,Itapagipe,MG,0,569.0472,4.1906,0.723,0.603,0.728,0.861,0.45,741.95,3.08,6.52,29.51,7.45,69.9912
3133501,Itapecerica,MG,0,138.4846,4.3377,0.713,0.618,0.692,0.846,0.44,594.71,0.98,11.02,31.43,7.04,77.1998
3133600,Itapeva,MG,0,394.4076,3.999,0.72,0.607,0.699,0.878,0.42,620.04,1.54,10.38,21.92,4.94,52.066
3133709,Itatiaiuçu,MG,0,59.9983,4.0551,0.677,0.563,0.661,0.833,0.4,490.54,0.81,9.62,23.1,2.89,62.6612
3133758,Itaú de Minas,MG,0,307.8472,4.2118,0.776,0.711,0.761,0.862,0.56,913.39,0.83,4.96,40.74,8.67,97.4373
3133808,Itaúna,MG,0,69.7865,4.9752,0.758,0.685,0.749,0.85,0.48,847.74,0.58,4.17,37.79,11.36,94.1355
3133907,Itaverava,MG,0,88.5895,3.726,0.627,0.496,0.613,0.811,0.47,363.06,8.86,15.56,14.65,1.95,44.2318
3134004,Itinga,MG,0,434.7916,4.1776,0.6,0.484,0.559,0.797,0.5,260.0,19.56,22.18,17.27,5.1,45.4918
3134103,Itueta,MG,0,289.2209,3.7835,0.635,0.485,0.64,0.825,0.51,429.77,6.9,15.34,13.81,2.88,56.5866
3134202,Ituiutaba,MG,0,590.1946,5.0246,0.739,0.644,0.745,0.84,0.5,824.46,1.14,8.45,32.62,10.3,95.8362
3134301,Itumirim,MG,0,182.1518,3.7766,0.726,0.675,0.675,0.84,0.52,533.39,2.43,5.92,32.33,4.36,76.6249
3134400,Iturama,MG,0,656.7685,4.6032,0.747,0.674,0.73,0.848,0.46,753.23,0.69,8.66,33.22,10.03,94.6076
3134509,Itutinga,MG,0,169.2013,3.5739,0.727,0.622,0.703,0.878,0.54,634.33,4.16,6.41,28.37,6.38,70.4319
3134608,Jaboticatubas,MG,0,49.8332,4.3156,0.681,0.543,0.694,0.837,0.57,602.48,5.65,10.85,22.92,6.44,62.6824
3134707,Jacinto,MG,0,570.8158,4.0906,0.62,0.496,0.595,0.807,0.48,325.42,11.51,27.49,17.76,4.32,75.7953
3134806,Jacuí,MG,0,316.9202,3.8862,0.668,0.54,0.682,0.81,0.4,558.14,2.2,10.66,22.2,4.5,60.9171
3134905,Jacutinga,MG,0,381.8857,4.4239,0.715,0.586,0.722,0.864,0.42,717.25,1.66,7.12,28.58,8.56,83.7695
3135001,Jaguaraçu,MG,0,126.9506,3.4984,0.679,0.548,0.667,0.856,0.41,508.65,1.18,10.33,24.62,3.05,71.505
3135050,Jaíba,MG,0,511.615,4.6004,0.638,0.531,0.619,0.789,0.46,376.73,6.79,18.28,20.3,4.35,52.5054
3135076,Jampruca,MG,0,276.254,3.7366,0.609,0.479,0.605,0.781,0.48,344.6,10.97,22.8,18.95,3.49,64.8905
3135100,Janaúba,MG,0,464.8132,4.8596,0.696,0.649,0.654,0.796,0.53,468.29,4.07,14.23,33.02,8.27,90.6696
3135209,Januária,MG,0,496.902,4.8322,0.658,0.568,0.611,0.82,0.56,359.19,18.51,17.35,29.77,8.54,63.1227
3135308,Japaraíba,MG,0,166.3616,3.6452,0.721,0.656,0.677,0.844,0.37,541.09,0.96,7.06,28.02,6.94,64.7372
3135357,Japonvar,MG,0,439.2853,3.9026,0.608,0.514,0.556,0.786,0.46,254.77,18.31,22.08,19.17,2.98,36.7558
3135407,Jeceaba,MG,0,66.501,3.6808,0.661,0.544,0.629,0.844,0.47,401.99,13.66,8.07,20.94,4.65,55.3846
3135456,Jenipapo de Minas,MG,0,363.2413,3.891,0.624,0.52,0.588,0.793,0.46,309.77,12.32,23.08,18.78,5.34,40.5143
3135506,Jequeri,MG,0,141.6335,4.088,0.601,0.451,0.607,0.794,0.5,348.73,11.63,16.19,14.54,4.15,56.7637
3135605,Jequitaí,MG,0,307.4118,3.8696,0.643,0.552,0.605,0.797,0.47,345.53,8.4,19.89,22.74,5.62,68.757
3135704,Jequitibá,MG,0,78.5447,3.7163,0.689,0.492,0.777,0.854,0.78,1007.03,5.34,9.48,16.26,4.44,38.0721
3135803,Jequitinhonha,MG,0,496.1466,4.4075,0.615,0.461,0.619,0.817,0.54,376.03,11.33,25.38,19.15,6.22,70.7016
3135902,Jesuânia,MG,0,269.4112,3.6789,0.658,0.507,0.675,0.831,0.5,533.26,1.28,11.06,15.4,5.15,64.8909
3136009,Joaíma,MG,0,476.6203,4.1897,0.587,0.448,0.572,0.789,0.53,281.18,19.72,28.6,17.85,5.33,68.7571
3136108,Joanésia,MG,0,156.5614,3.6417,0.626,0.495,0.616,0.803,0.49,369.24,11.43,19.28,13.56,3.23,38.0092
3136207,João Monlevade,MG,0,79.9831,4.908,0.758,0.708,0.724,0.849,0.49,724.4,1.91,4.12,41.39,9.92,99.5476
3136306,João Pinheiro,MG,0,340.0232,4.6812,0.697,0.63,0.683,0.788,0.49,562.24,3.28,10.81,28.63,6.28,81.2218
3136405,Joaquim Felício,MG,0,244.0426,3.6773,0.637,0.489,0.642,0.824,0.53,433.58,4.95,15.52,20.47,4.01,58.676
3136504,Jordânia,MG,0,598.7284,4.0363,0.628,0.506,0.613,0.797,0.51,362.77,8.91,24.28,22.48,5.8,69.9438
3136520,José Gonçalves de Minas,MG,0,364.5626,3.6507,0.632,0.553,0.597,0.764,0.41,328.27,9.11,19.34,22.72,4.9,24.9945
3136553,José Raydan,MG,0,242.9602,3.7079,0.617,0.493,0.596,0.799,0.48,327.01,13.47,22.61,17.83,3.51,35.8318
3136579,Josenópolis,MG,0,405.7242,3.6912,0.564,0.424,0.541,0.782,0.45,232.47,18.99,28.86,13.23,3.66,53.5261
3136603,Nova União,MG,0,45.6379,3.7588,0.662,0.568,0.624,0.818,0.41,387.68,5.6,12.38,21.65,4.03,51.7012
3136652,Juatuba,MG,0,43.4124,4.4444,0.717,0.649,0.67,0.849,0.47,517.18,2.93,8.54,33.41,6.18,98.311
3136702,Juiz de Fora,MG,0,211.4502,5.7616,0.778,0.711,0.784,0.844,0.56,1050.88,0.88,3.25,47.99,17.4,98.8631
3136801,Juramento,MG,0,345.0044,3.6394,0.669,0.617,0.601,0.808,0.43,335.93,5.32,16.17,26.93,2.75,55.2395
3136900,Juruaia,MG,0,312.4031,4.0332,0.723,0.553,0.794,0.86,0.64,1122.1,1.03,6.42,19.97,4.96,48.8634
3136959,Juvenília,MG,0,631.398,3.7563,0.592,0.501,0.535,0.776,0.53,223.32,27.96,23.12,20.53,5.44,76.9446
3137007,Ladainha,MG,0,345.1099,4.2618,0.541,0.391,0.537,0.754,0.56,226.72,28.95,29.69,13.29,3.32,25.3619
3137106,Lagamar,MG,0,360.9998,3.8801,0.718,0.637,0.692,0.839,0.5,592.95,3.42,11.07,28.36,5.0,67.4737
3137205,Lagoa da Prata,MG,0,169.067,4.7262,0.732,0.655,0.72,0.832,0.45,707.01,0.8,6.48,30.17,8.16,97.7253
3137304,Lagoa dos Patos,MG,0,336.1392,3.6087,0.634,0.556,0.593,0.773,0.44,321.11,9.02,15.99,26.13,4.87,72.8757
3137403,Lagoa Dourada,MG,0,110.127,4.1178,0.676,0.554,0.672,0.828,0.53,522.62,1.77,5.87,21.03,4.1,56.2092
3137502,Lagoa Formosa,MG,0,290.4903,4.2593,0.703,0.582,0.717,0.832,0.49,693.25,1.88,10.95,22.15,4.42,75.5609
3137536,Lagoa Grande,MG,0,358.9146,3.9859,0.679,0.568,0.678,0.812,0.5,543.58,2.53,11.16,24.77,5.89,74.244
3137601,Lagoa Santa,MG,0,34.8096,4.8244,0.777,0.693,0.79,0.857,0.58,1089.96,0.91,4.7,43.94,14.42,93.2007
3137700,Lajinha,MG,0,239.6062,4.2992,0.661,0.541,0.659,0.81,0.51,482.87,6.72,17.05,21.59,5.69,62.4713
3137809,Lambari,MG,0,270.5871,4.3221,0.711,0.596,0.693,0.871,0.48,597.16,2.21,7.52,28.55,8.87,71.7807
3137908,Lamim,MG,0,106.06,3.5271,0.655,0.546,0.623,0.828,0.46,386.1,8.0,13.22,21.8,4.22,43.7717
3138005,Laranjal,MG,0,218.5745,3.8361,0.714,0.613,0.694,0.857,0.49,601.49,1.55,10.8,30.99,6.64,73.2869
3138104,Lassance,MG,0,237.2615,3.8125,0.629,0.511,0.614,0.795,0.45,364.3,7.14,15.06,16.87,2.97,59.8705
3138203,Lavras,MG,0,183.1747,5.0243,0.782,0.719,0.757,0.88,0.5,889.65,0.62,4.14,46.19,16.49,95.2885
3138302,Leandro Ferreira,MG,0,117.5777,3.5081,0.71,0.579,0.707,0.875,0.46,649.92,1.25,11.77,21.16,6.27,67.1451
3138351,Leme do Prado,MG,0,342.8176,3.6922,0.67,0.64,0.602,0.779,0.4,338.71,7.81,17.42,28.81,7.68,36.657
3138401,Leopoldina,MG,0,221.8763,4.7217,0.726,0.635,0.696,0.867,0.5,609.5,2.44,6.99,31.22,8.48,89.3878
3138500,Liberdade,MG,0,235.5277,3.6984,0.672,0.537,0.679,0.834,0.59,546.79,4.86,14.92,18.26,6.93,72.3719
3138609,Lima Duarte,MG,0,212.0983,4.224,0.71,0.59,0.705,0.861,0.59,645.22,2.11,11.01,26.94,6.87,76.5558
3138625,Limeira do Oeste,MG,0,697.1613,3.8831,0.71,0.62,0.693,0.834,0.46,595.92,6.71,12.62,29.7,7.72,72.8157
3138658,Lontra,MG,0,450.5167,3.9897,0.646,0.577,0.589,0.794,0.5,312.77,13.47,22.22,26.41,7.46,67.0478
3138674,Luisburgo,MG,0,197.9347,3.7958,0.608,0.455,0.61,0.809,0.52,355.95,14.15,14.96,13.65,2.72,29.4514
3138682,Luislândia,MG,0,430.6923,3.8283,0.614,0.509,0.568,0.799,0.57,273.73,20.59,19.38,16.48,2.79,46.7031
3138708,Luminárias,MG,0,202.5896,3.7349,0.678,0.578,0.656,0.821,0.41,474.29,0.78,9.34,23.71,6.4,76.8351
3138807,Luz,MG,0,184.4561,4.2624,0.724,0.63,0.723,0.833,0.5,720.88,1.16,8.07,30.86,10.45,89.8376
3138906,Machacalis,MG,0,464.1057,3.852,0.64,0.552,0.607,0.783,0.48,350.63,9.22,23.43,24.74,4.17,82.4111
3139003,Machado,MG,0,283.687,4.6302,0.715,0.6,0.719,0.848,0.51,701.58,1.29,8.07,28.99,10.67,82.8888
3139102,Madre de Deus de Minas,MG,0,176.56,3.7092,0.699,0.598,0.667,0.856,0.51,508.21,3.39,6.83,29.68,7.58,76.1011
3139201,Malacacheta,MG,0,303.6527,4.2685,0.618,0.505,0.609,0.768,0.53,353.28,12.71,25.22,19.49,5.73,62.9421
3139250,Mamonas,MG,0,552.9402,3.8172,0.618,0.537,0.565,0.779,0.45,269.87,22.5,28.53,16.23,1.36,44.4866
3139300,Manga,MG,0,576.1689,4.2565,0.642,0.53,0.624,0.799,0.68,387.71,21.28,23.37,21.38,5.03,69.8935
3139409,Manhuaçu,MG,0,200.832,4.9641,0.689,0.563,0.692,0.839,0.5,592.99,2.82,8.58,27.09,7.01,81.4826
3139508,Manhumirim,MG,0,210.4074,4.3597,0.697,0.589,0.679,0.846,0.49,547.24,2.59,12.74,27.51,7.57,79.7072
3139607,Mantena,MG,0,334.9358,4.4417,0.675,0.575,0.666,0.803,0.51,505.08,6.4,15.43,23.12,6.29,78.411
3139706,Maravilhas,MG,0,91.4717,3.9092,0.672,0.558,0.645,0.845,0.39,442.51,2.08,7.92,25.8,6.1,68.3512
3139805,Mar de Espanha,MG,0,234.7739,4.1134,0.684,0.558,0.694,0.825,0.4,598.93,0.23,8.01,23.92,6.98,91.4971
3139904,Maria da Fé,MG,0,303.1145,4.1467,0.702,0.637,0.646,0.842,0.48,445.11,3.28,7.79,26.66,6.06,58.9688
3140001,Mariana,MG,0,72.1002,4.7912,0.742,0.664,0.705,0.874,0.51,641.84,3.57,6.51,40.96,11.82,87.8696
3140100,Marilac,MG,0,250.7752,3.6106,0.615,0.488,0.609,0.781,0.45,354.33,4.55,19.5,17.89,2.34,81.133
3140159,Mário Campos,MG,0,30.0205,4.199,0.699,0.604,0.68,0.833,0.46,551.93,2.18,8.12,26.3,3.19,94.436
3140209,Maripá de Minas,MG,0,219.0586,3.4771,0.68,0.555,0.668,0.847,0.38,510.92,0.69,10.57,20.52,4.99,81.2769
3140308,Marliéria,MG,0,127.0107,3.6053,0.657,0.537,0.629,0.838,0.4,401.74,2.29,11.36,21.36,3.86,70.8873
3140407,Marmelópolis,MG,0,306.8985,3.4315,0.65,0.553,0.615,0.806,0.45,367.73,4.65,10.28,14.29,4.42,52.4596
3140506,Martinho Campos,MG,0,153.144,4.1302,0.669,0.515,0.688,0.844,0.44,579.07,1.33,8.95,22.44,6.48,87.3047
3140530,Martins Soares,MG,0,217.0855,3.9365,0.635,0.512,0.619,0.809,0.4,376.88,3.61,15.59,17.44,2.44,40.8058
3140555,Mata Verde,MG,0,580.6392,3.9395,0.581,0.45,0.581,0.749,0.47,298.19,8.73,30.14,16.08,4.16,81.1278
3140605,Materlândia,MG,0,186.6952,3.6449,0.597,0.497,0.557,0.769,0.47,255.52,17.23,22.59,18.75,4.94,43.765
3140704,Mateus Leme,MG,0,52.8555,4.5001,0.704,0.604,0.688,0.839,0.49,579.23,5.03,7.83,29.31,7.15,88.5949
3140803,Matias Barbosa,MG,0,223.8931,4.1651,0.72,0.616,0.703,0.862,0.49,633.76,2.09,6.57,30.46,7.82,96.3454
3140852,Matias Cardoso,MG,0,565.6761,4.0554,0.616,0.501,0.584,0.799,0.56,303.0,16.66,22.52,17.14,3.87,51.4681
3140902,Matipó,MG,0,169.9972,4.281,0.631,0.511,0.63,0.78,0.48,403.48,3.6,14.91,18.1,5.04,78.4171
3141009,Mato Verde,MG,0,517.1787,4.0923,0.662,0.61,0.604,0.789,0.46,343.76,9.02,21.34,24.84,5.62,74.5743
3141108,Matozinhos,MG,0,44.902,4.5851,0.731,0.654,0.69,0.864,0.43,584.15,1.84,5.7,33.77,5.59,90.9351
3141207,Matutina,MG,0,229.5433,3.5721,0.707,0.552,0.744,0.859,0.59,820.03,2.02,11.7,16.78,4.49,71.6033
3141306,Medeiros,MG,0,240.4803,3.5867,0.711,0.584,0.722,0.851,0.46,715.52,0.33,5.94,22.2,6.07,56.5621
3141405,Medina,MG,0,487.3169,4.316,0.624,0.475,0.624,0.821,0.57,388.82,16.49,22.45,20.99,5.6,71.7778
3141504,Mendes Pimentel,MG,0,300.1765,3.8093,0.626,0.518,0.617,0.768,0.48,372.96,7.77,24.33,17.97,4.94,54.5727
3141603,Mercês,MG,0,152.2293,4.0324,0.664,0.515,0.683,0.831,0.58,561.75,5.53,14.13,21.11,6.7,69.9846
3141702,Mesquita,MG,0,159.484,3.7395,0.656,0.555,0.638,0.796,0.46,424.12,7.56,19.12,19.41,3.51,62.9263
3141801,Minas Novas,MG,0,333.5456,4.4984,0.633,0.528,0.6,0.802,0.5,334.06,13.05,23.0,20.27,6.14,40.8651
3141900,Minduri,MG,0,206.0875,3.5901,0.658,0.56,0.631,0.805,0.49,404.95,7.75,8.13,24.29,5.76,88.4375
3142007,Mirabela,MG,0,409.8419,4.1352,0.665,0.622,0.596,0.794,0.48,326.06,10.93,17.39,24.66,4.74,76.89
3142106,Miradouro,MG,0,196.0637,4.0341,0.663,0.546,0.645,0.827,0.52,443.39,9.36,13.71,22.29,5.97,55.3214
3142205,Miraí,MG,0,195.2691,4.182,0.68,0.567,0.663,0.837,0.45,493.91,1.93,11.33,25.11,5.82,75.3404
3142254,Miravânia,MG,0,579.362,3.6936,0.593,0.492,0.544,0.781,0.49,235.64,22.08,25.97,17.83,5.55,23.7195
3142304,Moeda,MG,0,45.4649,3.6944,0.638,0.494,0.657,0.8,0.43,477.77,1.2,8.18,18.39,3.26,38.1531
3142403,Moema,MG,0,157.1094,3.8802,0.721,0.629,0.703,0.848,0.38,634.04,0.45,6.5,33.5,10.45,85.9419
3142502,Monjolos,MG,0,180.5908,3.3393,0.65,0.548,0.612,0.819,0.48,360.58,4.44,15.98,26.41,7.21,59.4492
3142601,Monsenhor Paulo,MG,0,263.5022,3.9427,0.721,0.654,0.682,0.839,0.4,555.78,0.64,11.15,29.98,7.57,75.1501
3142700,Montalvânia,MG,0,615.2338,4.165,0.613,0.492,0.586,0.799,0.54,305.88,19.79,21.78,18.89,5.08,64.5505
3142809,Monte Alegre de Minas,MG,0,532.6119,4.3294,0.674,0.516,0.699,0.848,0.47,619.1,2.36,11.31,20.78,5.62,73.9385
3142908,Monte Azul,MG,0,543.3453,4.3127,0.659,0.578,0.611,0.811,0.51,358.13,13.81,22.59,23.28,4.88,56.4609
3143005,Monte Belo,MG,0,297.384,4.1186,0.688,0.567,0.677,0.847,0.46,539.84,4.06,10.71,20.82,6.05,69.3515
3143104,Monte Carmelo,MG,0,397.8919,4.6817,0.728,0.62,0.716,0.868,0.49,689.45,0.75,7.61,26.82,8.61,87.6081
3143153,Monte Formoso,MG,0,442.7813,3.6936,0.541,0.396,0.523,0.765,0.59,206.62,32.25,29.01,9.0,2.96,36.512
3143203,Monte Santo de Minas,MG,0,346.8054,4.3325,0.71,0.595,0.689,0.874,0.42,584.09,0.11,12.67,26.65,6.98,77.3429
3143302,Montes Claros,MG,0,357.5294,5.6206,0.77,0.744,0.707,0.868,0.53,650.62,2.71,6.25,49.08,13.28,95.1679
3143401,Monte Sião,MG,0,390.3129,4.3847,0.724,0.59,0.732,0.878,0.44,760.69,0.67,7.22,23.58,6.05,76.725
3143450,Montezuma,MG,0,550.9182,3.9232,0.587,0.425,0.587,0.809,0.46,308.78,9.15,22.57,15.15,2.49,41.2513
3143500,Morada Nova de Minas,MG,0,210.646,3.9521,0.696,0.59,0.688,0.83,0.45,577.61,0.96,9.29,26.41,7.3,78.2193
3143609,Morro da Garça,MG,0,170.1524,3.3826,0.648,0.538,0.619,0.816,0.46,376.88,3.68,10.62,16.52,6.42,57.218
3143708,Morro do Pilar,MG,0,98.6672,3.495,0.597,0.422,0.622,0.809,0.48,382.62,6.22,23.49,16.19,2.59,75.9341
3143807,Munhoz,MG,0,389.9688,3.7752,0.647,0.52,0.634,0.821,0.46,412.79,6.81,10.5,19.73,4.88,53.0446
3143906,Muriaé,MG,0,210.2631,5.0414,0.734,0.634,0.731,0.853,0.52,758.46,1.25,7.62,31.45,9.18,92.5172
3144003,Mutum,MG,0,260.5082,4.4305,0.644,0.511,0.635,0.822,0.49,415.41,8.86,18.2,19.2,5.65,51.7235
3144102,Muzambinho,MG,0,314.1236,4.3122,0.74,0.652,0.723,0.859,0.46,719.94,1.23,6.16,32.65,10.52,76.9897
3144201,Nacip Raydan,MG,0,240.8148,3.508,0.585,0.377,0.64,0.831,0.6,429.34,12.23,22.35,12.14,2.6,62.7457
3144300,Nanuque,MG,0,442.5662,4.6083,0.701,0.609,0.666,0.85,0.5,505.55,4.48,15.52,31.55,7.0,90.094
3144359,Naque,MG,0,184.6908,3.8515,0.675,0.592,0.632,0.822,0.43,408.75,4.17,15.29,27.16,3.96,94.0073
3144375,Natalândia,MG,0,468.4979,3.5193,0.671,0.557,0.641,0.846,0.4,431.11,3.62,14.32,19.08,4.58,75.3354
3144409,Natércia,MG,0,293.4297,3.6746,0.693,0.612,0.677,0.805,0.4,541.69,1.04,9.77,26.68,5.98,59.2529
3144508,Nazareno,MG,0,159.4803,3.94,0.69,0.597,0.662,0.83,0.47,491.13,1.34,8.91,28.02,5.69,76.0121
3144607,Nepomuceno,MG,0,198.5514,4.4295,0.667,0.549,0.658,0.822,0.44,480.79,3.34,11.23,22.3,7.24,77.4725
3144656,Ninheira,MG,0,562.5028,4.0152,0.556,0.418,0.525,0.784,0.52,210.17,30.83,34.28,10.63,2.86,26.7244
3144672,Nova Belém,MG,0,337.0455,3.4867,0.592,0.481,0.563,0.768,0.5,265.9,19.36,24.32,13.74,1.97,36.12
3144706,Nova Era,MG,0,95.1541,4.2436,0.709,0.639,0.675,0.825,0.47,532.58,3.04,6.83,34.58,5.34,87.9735
3144805,Nova Lima,MG,0,9.5286,4.9885,0.813,0.704,0.864,0.885,0.68,1731.84,0.51,2.87,45.97,18.96,97.8197
3144904,Nova Módica,MG,0,304.1759,3.55,0.63,0.527,0.61,0.779,0.5,355.66,10.13,23.99,18.86,4.22,61.4248
3145000,Nova Ponte,MG,0,401.508,4.2054,0.701,0.562,0.734,0.835,0.52,771.68,1.53,8.85,25.63,7.26,85.7868
3145059,Nova Porteirinha,MG,0,464.5397,3.8747,0.641,0.556,0.584,0.811,0.41,302.09,5.69,18.49,21.87,2.1,55.0014
3145109,Nova Resende,MG,0,291.1007,4.2288,0.671,0.525,0.687,0.839,0.45,576.41,1.44,8.05,19.3,4.22,57.6168
3145208,Nova Serrana,MG,0,110.9443,5.0344,0.715,0.597,0.709,0.864,0.35,659.74,1.18,4.82,25.97,3.87,94.5671
3145307,Novo Cruzeiro,MG,0,348.7675,4.4961,0.571,0.415,0.562,0.797,0.53,264.66,22.06,27.72,12.83,4.25,34.2457
3145356,Novo Oriente de Minas,MG,0,400.2225,4.0334,0.555,0.4,0.568,0.754,0.56,274.37,25.32,31.23,13.76,2.8,42.7604
3145372,Novorizonte,MG,0,463.9843,3.7282,0.616,0.5,0.582,0.804,0.43,299.95,11.54,21.86,15.59,3.74,34.596
3145406,Olaria,MG,0,214.3008,3.2289,0.636,0.49,0.638,0.823,0.41,423.44,2.15,17.68,17.26,4.89,46.4069
3145455,Olhos-d'Água,MG,0,284.4179,3.7954,0.626,0.498,0.607,0.812,0.46,348.9,5.91,17.98,15.06,2.84,54.4143
3145505,Olímpio Noronha,MG,0,274.4909,3.4516,0.674,0.577,0.656,0.809,0.41,475.23,0.58,14.29,22.28,6.09,88.788
3145604,Oliveira,MG,0,126.2857,4.6231,0.699,0.587,0.691,0.842,0.45,588.2,1.65,6.12,28.07,7.34,89.1527
3145703,Oliveira Fortes,MG,0,163.1945,3.328,0.635,0.523,0.616,0.794,0.44,369.25,5.99,16.44,16.7,3.19,55.4404
3145802,Onça de Pitangui,MG,0,94.6826,3.499,0.663,0.559,0.646,0.806,0.44,446.23,3.0,11.14,19.46,3.56,49.7218
3145851,Oratórios,MG,0,129.1387,3.6694,0.637,0.5,0.627,0.824,0.39,395.74,2.94,15.82,20.52,3.85,72.1344
3145877,Orizânia,MG,0,190.5488,3.9105,0.562,0.414,0.551,0.778,0.54,247.35,27.43,16.03,11.86,2.38,30.4915
3145901,Ouro Branco,MG,0,69.5055,4.6044,0.764,0.68,0.753,0.872,0.52,866.02,0.64,4.69,45.61,14.0,89.6252
3146008,Ouro Fino,MG,0,364.4393,4.5307,0.722,0.622,0.703,0.861,0.45,635.38,1.18,8.66,31.55,9.58,75.2756
3146107,Ouro Preto,MG,0,66.4638,4.874,0.741,0.677,0.721,0.834,0.5,710.55,2.64,4.95,41.1,11.82,86.9652
3146206,Ouro Verde de Minas,MG,0,348.164,3.7705,0.595,0.459,0.582,0.789,0.51,298.76,18.83,27.63,18.24,4.17,60.3225
3146255,Padre Carvalho,MG,0,424.0839,3.8106,0.599,0.471,0.575,0.795,0.44,286.32,6.14,26.37,13.94,3.47,59.3418
3146305,Padre Paraíso,MG,0,409.2397,4.3085,0.596,0.478,0.556,0.797,0.54,253.77,23.91,22.68,17.5,3.0,61.1173
3146404,Paineiras,MG,0,204.5476,3.6474,0.669,0.526,0.691,0.824,0.46,589.16,1.34,10.96,20.56,6.76,77.6938
3146503,Pains,MG,0,187.3462,3.9195,0.728,0.616,0.717,0.874,0.46,690.97,0.62,7.42,26.11,6.07,82.4557
3146552,Pai Pedro,MG,0,497.629,3.7852,0.59,0.52,0.52,0.76,0.46,203.93,25.41,31.18,17.58,4.16,29.4742
3146602,Paiva,MG,0,159.1724,3.181,0.72,0.672,0.657,0.845,0.44,476.35,1.21,12.86,28.16,6.17,78.2413
3146701,Palma,MG,0,231.3947,3.8199,0.703,0.623,0.663,0.841,0.49,494.63,1.95,11.1,32.56,8.4,78.2735
3146750,Palmópolis,MG,0,513.5627,3.7157,0.565,0.437,0.559,0.738,0.45,259.75,15.3,29.58,14.55,3.54,64.7526
3146909,Papagaios,MG,0,101.0456,4.202,0.666,0.545,0.65,0.833,0.49,455.96,2.16,9.28,24.52,6.65,84.0917
3147006,Paracatu,MG,0,433.4867,4.9756,0.744,0.685,0.704,0.854,0.51,637.8,2.37,7.56,38.0,8.57,87.0795
3147105,Pará de Minas,MG,0,71.4447,4.9805,0.725,0.628,0.715,0.848,0.43,686.42,0.46,3.88,31.78,9.2,94.5188
3147204,Paraguaçu,MG,0,259.454,4.3363,0.715,0.623,0.69,0.85,0.41,587.36,1.59,7.25,28.84,8.06,82.3858
3147303,Paraisópolis,MG,0,348.829,4.3295,0.729,0.657,0.692,0.852,0.46,592.61,1.84,8.26,33.88,8.78,82.8629
3147402,Paraopeba,MG,0,88.4035,4.3954,0.694,0.625,0.674,0.793,0.45,530.79,2.62,6.11,28.73,7.06,87.1471
3147501,Passabém,MG,0,104.7432,3.2092,0.642,0.533,0.631,0.787,0.41,405.19,5.37,17.76,21.4,5.46,57.3046
3147600,Passa Quatro,MG,0,293.3487,4.2159,0.715,0.623,0.683,0.86,0.49,561.44,1.16,5.76,31.66,7.14,76.9157
3147709,Passa Tempo,MG,0,99.0696,3.9048,0.687,0.594,0.676,0.808,0.49,535.96,4.4,7.72,27.37,5.98,77.8944
3147808,Passa-Vinte,MG,0,254.5433,3.3062,0.648,0.507,0.662,0.809,0.46,493.38,2.14,13.31,22.5,5.65,62.7706
3147907,Passos,MG,0,293.1359,5.0643,0.756,0.658,0.741,0.886,0.49,802.97,0.9,5.52,33.6,11.25,94.8744
3147956,Patis,MG,0,429.3355,3.7804,0.614,0.534,0.55,0.787,0.47,244.72,18.28,23.06,14.96,3.08,41.244
3148004,Patos de Minas,MG,0,310.2277,5.1893,0.765,0.698,0.749,0.855,0.5,843.57,0.87,5.36,40.28,12.17,92.0799
3148103,Patrocínio,MG,0,340.5416,4.9643,0.729,0.628,0.723,0.852,0.49,720.59,1.1,6.52,32.12,9.85,88.2225
3148202,Patrocínio do Muriaé,MG,0,223.761,3.7592,0.682,0.576,0.691,0.796,0.49,590.26,2.4,9.82,26.07,5.94,81.4829
3148301,Paula Cândido,MG,0,142.8949,3.9821,0.637,0.497,0.632,0.823,0.48,407.91,5.09,9.95,17.75,5.62,53.2413
3148400,Paulistas,MG,0,200.7043,3.6807,0.625,0.521,0.593,0.791,0.52,321.22,14.88,20.05,19.27,4.22,46.828
3148509,Pavão,MG,0,415.4129,3.9238,0.627,0.507,0.599,0.813,0.53,333.55,14.97,23.49,16.52,3.96,60.5891
3148608,Peçanha,MG,0,210.6958,4.2439,0.627,0.497,0.63,0.787,0.53,404.21,7.33,19.73,19.97,4.31,52.7057
3148707,Pedra Azul,MG,0,518.968,4.3862,0.627,0.518,0.596,0.797,0.53,327.18,12.62,20.1,20.21,3.36,88.1161
3148756,Pedra Bonita,MG,0,178.509,3.8547,0.573,0.457,0.557,0.74,0.5,256.67,19.47,14.75,12.9,2.73,27.0793
3148806,Pedra do Anta,MG,0,145.9627,3.4713,0.624,0.466,0.636,0.821,0.54,418.07,10.98,19.38,15.52,3.5,65.1412
3148905,Pedra do Indaiá,MG,0,138.5465,3.5996,0.708,0.611,0.688,0.843,0.41,578.46,0.08,10.85,23.53,5.1,52.9806
3149002,Pedra Dourada,MG,0,209.6576,3.4081,0.655,0.539,0.631,0.827,0.53,406.3,12.2,13.09,18.52,3.23,59.3793
3149101,Pedralva,MG,0,303.0904,4.0452,0.675,0.563,0.677,0.807,0.55,541.01,3.81,8.87,24.61,6.76,48.5131
3149150,Pedras de Maria da Cruz,MG,0,484.9359,4.0904,0.614,0.521,0.564,0.787,0.47,268.27,13.08,22.96,17.39,3.52,61.3476
3149200,Pedrinópolis,MG,0,378.5601,3.5624,0.729,0.631,0.719,0.855,0.48,702.77,2.33,10.23,32.09,6.72,83.8682
3149309,Pedro Leopoldo,MG,0,37.6216,4.8139,0.757,0.7,0.723,0.856,0.47,721.11,1.99,5.31,42.19,10.32,85.0409
3149408,Pedro Teixeira,MG,0,197.6325,3.2562,0.637,0.555,0.587,0.794,0.41,309.25,6.89,11.53,20.04,4.98,54.0616
3149507,Pequeri,MG,0,226.9698,3.5237,0.694,0.557,0.692,0.868,0.44,593.92,0.0,8.12,29.15,7.35,92.1327
3149606,Pequi,MG,0,83.4911,3.649,0.674,0.564,0.672,0.808,0.43,522.22,0.6,8.31,27.38,7.62,72.4485
3149705,Perdigão,MG,0,120.5231,4.079,0.703,0.579,0.711,0.843,0.35,668.59,0.0,6.85,29.15,6.98,88.2181
3149804,Perdizes,MG,0,358.6927,4.2167,0.723,0.571,0.752,0.88,0.55,861.29,1.04,8.18,24.45,6.74,68.9739
3149903,Perdões,MG,0,176.9515,4.334,0.744,0.661,0.71,0.878,0.52,663.06,0.69,7.44,32.2,7.74,88.495
3149952,Periquito,MG,0,197.4978,3.8285,0.651,0.555,0.593,0.839,0.43,320.07,8.22,17.64,21.26,1.97,75.1706
3150000,Pescador,MG,0,301.0839,3.6295,0.656,0.552,0.615,0.831,0.52,367.74,9.21,19.52,21.72,4.09,78.9486
3150109,Piau,MG,0,184.9946,3.4344,0.629,0.467,0.647,0.824,0.42,449.68,3.92,13.81,19.17,3.58,58.7821
3150158,Piedade de Caratinga,MG,0,194.7302,3.9461,0.612,0.477,0.621,0.773,0.46,381.36,5.47,17.66,10.94,1.31,64.7257
3150208,Piedade de Ponte Nova,MG,0,129.0868,3.6171,0.639,0.528,0.616,0.802,0.38,368.71,3.77,15.91,19.21,5.23,78.2373
3150307,Piedade do Rio Grande,MG,0,172.7762,3.647,0.678,0.593,0.64,0.82,0.45,428.95,5.46,13.84,20.34,3.97,73.8373
3150406,Piedade dos Gerais,MG,0,66.1663,3.7019,0.626,0.453,0.645,0.84,0.48,443.35,5.59,14.73,13.76,3.79,45.7328
3150505,Pimenta,MG,0,204.6085,3.9403,0.686,0.556,0.697,0.832,0.45,613.61,1.68,8.62,19.77,6.01,84.3249
3150539,Pingo-d'Água,MG,0,160.4496,3.7015,0.619,0.529,0.603,0.744,0.44,340.91,4.59,17.5,18.88,3.66,91.2896
3150570,Pintópolis,MG,0,450.6683,3.8774,0.594,0.469,0.56,0.799,0.54,260.14,24.76,17.73,13.64,2.94,35.113
3150604,Piracema,MG,0,85.7635,3.8052,0.646,0.515,0.646,0.809,0.44,444.75,3.31,11.85,19.08,5.52,47.3618
3150703,Pirajuba,MG,0,498.6691,3.8123,0.723,0.588,0.748,0.858,0.54,838.37,3.63,9.01,26.47,6.91,88.7242
3150802,Piranga,MG,0,106.5483,4.2465,0.6,0.461,0.585,0.799,0.52,305.73,14.38,11.63,13.9,3.56,34.5752
3150901,Piranguçu,MG,0,330.5161,3.7407,0.685,0.599,0.666,0.806,0.46,504.1,3.07,10.83,24.92,5.66,33.9659
3151008,Piranguinho,MG,0,321.7163,3.9387,0.717,0.651,0.672,0.841,0.43,523.5,1.82,7.6,31.79,8.04,61.7889
3151107,Pirapetinga,MG,0,251.8276,4.0331,0.709,0.624,0.68,0.841,0.46,550.3,2.26,8.64,34.7,7.92,87.8232
3151206,Pirapora,MG,0,307.3443,4.7547,0.731,0.68,0.693,0.828,0.55,596.44,2.91,7.01,40.47,10.21,98.1581
3151305,Piraúba,MG,0,176.3689,4.0307,0.684,0.564,0.673,0.843,0.37,527.81,0.55,9.62,23.89,6.73,81.1453
3151404,Pitangui,MG,0,104.7837,4.4538,0.725,0.617,0.711,0.87,0.47,669.0,1.67,6.14,35.27,8.55,89.3841
3151503,Piumhi,MG,0,220.3929,4.5458,0.737,0.625,0.729,0.878,0.47,747.2,0.81,7.06,28.53,9.87,89.5901
3151602,Planura,MG,0,499.1381,4.095,0.712,0.597,0.711,0.852,0.43,669.6,1.35,8.41,25.84,6.39,97.1784
3151701,Poço Fundo,MG,0,295.0359,4.2279,0.691,0.541,0.705,0.866,0.44,644.47,1.73,6.95,21.14,6.75,58.1553
3151800,Poços de Caldas,MG,0,342.8428,5.23,0.779,0.706,0.768,0.872,0.5,953.96,0.32,3.69,43.19,13.99,97.5642
3151909,Pocrane,MG,0,242.9684,3.9184,0.626,0.5,0.614,0.799,0.46,365.67,7.88,18.84,15.89,4.47,60.0824
3152006,Pompéu,MG,0,137.9935,4.5085,0.689,0.564,0.694,0.834,0.52,598.83,2.36,9.61,25.46,6.48,88.4384
3152105,Ponte Nova,MG,0,118.7429,4.7782,0.717,0.608,0.714,0.848,0.51,679.67,2.73,7.06,33.98,10.74,89.188
3152131,Ponto Chique,MG,0,386.537,3.634,0.606,0.493,0.565,0.797,0.45,269.28,16.92,16.09,22.97,6.51,65.0782
3152170,Ponto dos Volantes,MG,0,436.3595,4.0876,0.595,0.478,0.564,0.781,0.53,267.46,24.15,27.82,15.45,3.47,35.5311
3152204,Porteirinha,MG,0,475.5714,4.5778,0.651,0.585,0.593,0.796,0.5,320.48,14.33,21.22,23.26,4.65,51.3939
3152303,Porto Firme,MG,0,119.104,4.0574,0.634,0.516,0.615,0.804,0.46,366.49,8.66,13.46,18.38,4.37,46.3761
3152402,Poté,MG,0,327.141,4.2221,0.624,0.515,0.584,0.809,0.48,303.44,12.27,25.48,20.01,3.99,59.5966
3152501,Pouso Alegre,MG,0,329.4036,5.1883,0.774,0.704,0.755,0.872,0.49,878.26,0.83,3.99,43.97,14.84,91.5592
3152600,Pouso Alto,MG,0,273.1814,3.768,0.71,0.573,0.736,0.847,0.63,778.57,2.18,8.51,21.79,4.44,58.8765
3152709,Prados,MG,0,125.3071,3.9604,0.689,0.574,0.66,0.865,0.48,485.2,1.32,6.87,22.64,5.38,70.7425
3152808,Prata,MG,0,528.0473,4.4498,0.695,0.536,0.736,0.852,0.51,782.28,0.83,9.67,21.08,5.05,75.1143
3152907,Pratápolis,MG,0,318.8201,3.9309,0.729,0.639,0.703,0.862,0.45,636.81,1.66,8.79,30.08,7.28,88.4864
3153004,Pratinha,MG,0,257.2369,3.5632,0.721,0.607,0.71,0.871,0.52,663.39,4.61,11.5,24.51,4.91,53.8744
3153103,Presidente Bernardes,MG,0,119.8905,3.7255,0.632,0.521,0.603,0.804,0.47,341.87,9.39,13.6,17.69,3.86,29.655
3153202,Presidente Juscelino,MG,0,144.813,3.5529,0.614,0.483,0.603,0.796,0.41,340.94,8.81,19.64,17.37,2.61,47.2364
3153301,Presidente Kubitschek,MG,0,152.0199,3.4771,0.595,0.468,0.573,0.787,0.44,282.93,12.27,13.28,17.09,5.91,68.1649
3153400,Presidente Olegário,MG,0,311.6515,4.294,0.701,0.611,0.679,0.831,0.45,546.68,3.67,10.76,24.16,5.72,70.7865
3153509,Alto Jequitibá,MG,0,211.489,3.9183,0.66,0.554,0.66,0.787,0.51,486.73,5.81,10.58,20.13,5.66,51.6951
3153608,Prudente de Morais,MG,0,56.0139,4.0387,0.69,0.629,0.658,0.795,0.42,481.48,2.57,6.51,32.11,4.58,96.0932
3153707,Quartel Geral,MG,0,186.511,3.5567,0.683,0.557,0.677,0.846,0.45,539.78,3.62,12.02,20.84,5.06,83.7421
3153806,Queluzito,MG,0,89.6272,3.2896,0.682,0.575,0.669,0.823,0.46,513.72,2.78,6.79,19.92,4.39,45.5132
3153905,Raposos,MG,0,13.0956,4.2175,0.73,0.661,0.706,0.832,0.52,646.62,1.57,5.01,34.13,4.94,94.8507
3154002,Raul Soares,MG,0,154.9008,4.3741,0.655,0.52,0.658,0.823,0.51,480.45,5.85,13.89,21.07,5.11,65.0097
3154101,Recreio,MG,0,233.2353,4.0221,0.692,0.589,0.668,0.841,0.47,510.95,2.48,11.38,29.23,6.11,88.0959
3154150,Reduto,MG,0,205.5421,3.8602,0.629,0.48,0.647,0.801,0.52,449.53,7.69,13.33,16.81,3.76,55.5336
3154200,Resende Costa,MG,0,113.7291,4.0636,0.685,0.568,0.689,0.823,0.48,580.66,1.32,5.93,24.4,5.49,80.4179
3154309,Resplendor,MG,0,288.0439,4.2404,0.67,0.543,0.666,0.833,0.52,504.18,6.1,14.76,22.38,5.26,75.0892
3154408,Ressaquinha,MG,0,125.513,3.6836,0.683,0.599,0.638,0.834,0.42,424.03,1.93,10.72,23.88,4.37,64.169
3154457,Riachinho,MG,0,468.3097,3.9102,0.632,0.551,0.577,0.795,0.48,290.89,16.98,14.0,22.68,4.57,55.389
3154507,Riacho dos Machados,MG,0,447.8677,3.9764,0.627,0.547,0.557,0.808,0.44,255.57,11.77,22.06,21.67,3.46,48.0662
3154606,Ribeirão das Neves,MG,0,25.3278,5.5333,0.684,0.591,0.658,0.822,0.39,479.77,2.21,6.31,26.84,2.53,99.2697
3154705,Ribeirão Vermelho,MG,0,182.9008,3.6086,0.737,0.675,0.699,0.85,0.43,617.88,0.91,5.14,38.6,8.43,92.6032
3154804,Rio Acima,MG,0,22.5351,4.0222,0.673,0.508,0.689,0.87,0.47,582.71,1.93,7.16,25.15,4.35,87.3927
3154903,Rio Casca,MG,0,136.8972,4.1266,0.65,0.519,0.651,0.813,0.47,460.2,3.5,11.19,22.61,5.53,79.8113
3155009,Rio Doce,MG,0,112.929,3.42,0.664,0.567,0.644,0.801,0.44,439.86,4.08,14.39,24.52,6.67,67.0588
3155108,Rio do Prado,MG,0,512.2093,3.709,0.605,0.479,0.573,0.807,0.49,283.37,16.79,24.32,17.0,4.65,52.3289
3155207,Rio Espera,MG,0,113.0814,3.7269,0.602,0.474,0.575,0.801,0.48,286.36,17.81,13.32,15.24,4.17,39.5881
3155306,Rio Manso,MG,0,53.8982,3.7726,0.648,0.501,0.676,0.802,0.43,536.99,0.99,11.58,16.96,4.44,53.26
3155405,Rio Novo,MG,0,190.8565,3.9525,0.707,0.631,0.671,0.835,0.47,519.69,2.69,9.9,33.84,8.03,86.5358
3155504,Rio Paranaíba,MG,0,256.4819,4.0919,0.709,0.575,0.725,0.855,0.5,727.2,2.02,8.74,21.89,6.75,61.321
3155603,Rio Pardo de Minas,MG,0,502.7161,4.4938,0.624,0.52,0.586,0.798,0.52,306.96,18.32,23.43,19.2,4.44,40.1801
3155702,Rio Piracicaba,MG,0,78.0652,4.1561,0.685,0.605,0.67,0.794,0.45,516.18,2.84,8.54,25.25,5.84,79.6664
3155801,Rio Pomba,MG,0,167.6192,4.2554,0.714,0.609,0.694,0.863,0.47,601.31,2.36,9.03,33.01,7.53,84.4769
3155900,Rio Preto,MG,0,239.2141,3.7398,0.679,0.557,0.665,0.847,0.51,501.52,4.64,12.26,27.57,8.01,84.1081
3156007,Rio Vermelho,MG,0,205.2548,4.1016,0.558,0.389,0.566,0.787,0.56,271.44,22.5,26.9,13.42,3.75,40.1686
3156106,Ritápolis,MG,0,127.6144,3.6552,0.653,0.526,0.649,0.815,0.44,453.87,1.89,9.54,20.26,3.9,69.1777
3156205,Rochedo de Minas,MG,0,210.5158,3.3683,0.684,0.569,0.663,0.849,0.39,494.36,2.69,9.44,24.56,3.43,90.4537
3156304,Rodeiro,MG,0,178.4789,3.9208,0.668,0.532,0.703,0.797,0.46,635.26,0.0,8.15,16.22,3.85,80.9087
3156403,Romaria,MG,0,400.8518,3.5449,0.708,0.604,0.722,0.813,0.54,716.47,0.39,8.22,26.63,5.33,75.5006
3156452,Rosário da Limeira,MG,0,188.0608,3.6673,0.662,0.548,0.653,0.812,0.49,465.89,2.85,13.73,20.03,3.95,54.0617
3156502,Rubelita,MG,0,430.437,3.7489,0.582,0.443,0.552,0.808,0.5,248.99,23.36,24.43,14.44,3.07,32.3726
3156601,Rubim,MG,0,534.1368,4.0115,0.609,0.469,0.589,0.817,0.48,311.79,13.67,26.66,16.33,2.9,77.659
3156700,Sabará,MG,0,11.6763,5.1395,0.731,0.67,0.699,0.833,0.45,619.93,1.51,4.96,38.26,6.88,97.4776
3156809,Sabinópolis,MG,0,165.9695,4.1865,0.638,0.502,0.637,0.812,0.52,420.36,7.64,17.69,20.06,4.92,64.5441
3156908,Sacramento,MG,0,367.0838,4.4242,0.732,0.619,0.726,0.871,0.45,732.35,1.32,6.41,27.75,8.77,80.662
3157005,Salinas,MG,0,453.1051,4.6218,0.679,0.551,0.697,0.815,0.65,613.65,8.63,17.28,22.84,6.04,78.4011
3157104,Salto da Divisa,MG,0,607.1828,3.846,0.608,0.453,0.586,0.846,0.5,306.04,14.12,25.99,18.59,4.21,83.8169
3157203,Santa Bárbara,MG,0,54.5691,4.5034,0.707,0.642,0.676,0.816,0.47,535.84,4.76,5.8,35.75,7.2,88.9439
3157252,Santa Bárbara do Leste,MG,0,186.6759,3.9144,0.613,0.473,0.608,0.8,0.44,351.59,10.22,13.52,15.75,3.44,51.7313
3157278,Santa Bárbara do Monte Verde,MG,0,225.7937,3.5068,0.606,0.438,0.617,0.823,0.49,371.34,10.98,15.09,11.9,4.15,57.7475
3157302,Santa Bárbara do Tugúrio,MG,0,150.4628,3.642,0.637,0.517,0.616,0.81,0.43,370.7,4.7,14.29,18.29,3.3,47.8556
3157336,Santa Cruz de Minas,MG,0,135.0116,3.9407,0.706,0.636,0.66,0.839,0.39,485.28,2.15,5.2,29.23,3.5,100.0
3157377,Santa Cruz de Salinas,MG,0,485.3276,3.61,0.577,0.463,0.548,0.757,0.49,242.55,24.3,26.74,13.89,2.06,26.1769
3157401,Santa Cruz do Escalvado,MG,0,120.4445,3.6715,0.625,0.485,0.618,0.815,0.46,374.23,5.37,15.48,12.21,4.53,34.6554
3157500,Santa Efigênia de Minas,MG,0,199.446,3.6389,0.607,0.487,0.579,0.793,0.47,293.27,17.08,19.75,15.79,3.44,66.3696
3157609,Santa Fé de Minas,MG,0,394.015,3.5805,0.615,0.492,0.589,0.804,0.53,313.25,16.05,18.53,19.77,4.08,57.7369
3157658,Santa Helena de Minas,MG,0,477.6563,3.8066,0.567,0.474,0.531,0.723,0.48,218.43,21.7,31.66,20.78,2.61,62.2461
3157708,Santa Juliana,MG,0,383.4877,4.1613,0.706,0.558,0.726,0.868,0.43,735.0,1.21,7.21,25.48,6.76,86.3985
3157807,Santa Luzia,MG,0,20.5149,5.3458,0.715,0.625,0.682,0.859,0.43,557.62,2.12,4.79,33.97,4.6,99.7221
3157906,Santa Margarida,MG,0,181.4614,4.2147,0.61,0.455,0.635,0.785,0.61,416.11,15.64,12.05,16.21,3.86,50.8027
3158003,Santa Maria de Itabira,MG,0,100.6676,4.0361,0.648,0.533,0.622,0.821,0.45,382.99,5.34,13.96,19.28,4.44,60.0455
3158102,Santa Maria do Salto,MG,0,572.5892,3.7163,0.613,0.507,0.593,0.765,0.44,321.15,8.33,28.33,17.08,2.98,70.8176
3158201,Santa Maria do Suaçuí,MG,0,250.5945,4.1646,0.64,0.511,0.629,0.817,0.54,401.16,10.42,24.05,19.81,5.5,74.4842
3158300,Santana da Vargem,MG,0,219.8491,3.848,0.698,0.587,0.681,0.85,0.4,553.7,0.58,9.01,28.45,6.44,72.9913
3158409,Santana de Cataguases,MG,0,206.8858,3.5921,0.694,0.655,0.643,0.793,0.41,437.81,3.58,11.33,27.05,5.69,80.5356
3158508,Santana de Pirapama,MG,0,104.1421,3.8773,0.628,0.493,0.617,0.816,0.42,373.14,5.66,17.76,15.68,2.89,41.5907
3158607,Santana do Deserto,MG,0,237.0513,3.6004,0.651,0.493,0.66,0.849,0.44,484.73,3.5,9.51,26.83,4.91,36.3731
3158706,Santana do Garambéu,MG,0,186.0531,3.3969,0.667,0.558,0.648,0.822,0.54,452.48,6.38,16.73,23.81,3.28,73.9481
3158805,Santana do Jacaré,MG,0,164.8396,3.6855,0.647,0.523,0.655,0.79,0.42,470.2,2.25,15.26,24.16,7.28,96.1146
3158904,Santana do Manhuaçu,MG,0,210.1173,3.9375,0.621,0.475,0.622,0.809,0.5,383.28,9.82,17.56,15.6,2.6,48.2638
3158953,Santana do Paraíso,MG,0,157.1389,4.5569,0.685,0.552,0.663,0.878,0.42,495.81,3.18,9.3,26.32,4.26,92.6132
3159001,Santana do Riacho,MG,0,88.258,3.6369,0.665,0.551,0.641,0.834,0.5,432.77,5.57,15.38,23.21,4.92,56.6493
3159100,Santana dos Montes,MG,0,97.5083,3.5744,0.647,0.557,0.608,0.801,0.4,352.48,5.66,11.04,20.76,3.31,59.9686
3159209,Santa Rita de Caldas,MG,0,341.5545,3.9494,0.69,0.576,0.693,0.823,0.43,597.4,0.67,8.39,19.63,6.51,62.6454
3159308,Santa Rita de Jacutinga,MG,0,246.507,3.6851,0.682,0.567,0.676,0.826,0.47,535.45,4.04,12.31,24.54,7.27,75.1853
3159357,Santa Rita de Minas,MG,0,187.7619,3.8646,0.613,0.464,0.627,0.791,0.44,395.61,4.72,16.22,14.35,3.09,72.9189
3159407,Santa Rita de Ibitipoca,MG,0,180.5507,3.5289,0.63,0.505,0.625,0.793,0.51,391.79,7.93,17.33,18.13,3.25,62.3221
3159506,Santa Rita do Itueto,MG,0,274.3632,3.7345,0.607,0.472,0.609,0.779,0.44,352.98,7.98,18.68,12.12,2.62,40.5477
3159605,Santa Rita do Sapucaí,MG,0,316.7144,4.6457,0.721,0.62,0.727,0.83,0.48,738.4,1.23,8.55,36.98,13.46,85.9723
3159704,Santa Rosa da Serra,MG,0,218.6389,3.5269,0.705,0.583,0.695,0.866,0.46,603.01,3.23,12.49,24.59,9.21,61.1973
3159803,Santa Vitória,MG,0,661.2184,4.301,0.71,0.576,0.718,0.865,0.46,698.7,1.68,12.22,26.37,8.44,82.2913
3159902,Santo Antônio do Amparo,MG,0,152.54,4.2718,0.672,0.576,0.641,0.823,0.43,431.56,1.95,12.58,22.67,5.59,87.5584
3160009,Santo Antônio do Aventureiro,MG,0,233.0195,3.5565,0.671,0.545,0.66,0.841,0.42,485.5,1.81,13.6,20.58,6.02,67.1849
3160108,Santo Antônio do Grama,MG,0,143.2404,3.5867,0.633,0.493,0.626,0.823,0.41,393.12,4.2,15.12,21.09,4.52,82.3745
3160207,Santo Antônio do Itambé,MG,0,175.8989,3.5755,0.558,0.408,0.537,0.794,0.48,225.85,20.9,23.09,13.34,3.42,29.7461
3160306,Santo Antônio do Jacinto,MG,0,547.5293,4.0633,0.574,0.427,0.575,0.772,0.53,286.56,23.19,29.42,13.97,3.62,53.9958
3160405,Santo Antônio do Monte,MG,0,143.8416,4.4564,0.724,0.615,0.736,0.84,0.49,781.49,0.52,6.4,24.84,6.63,85.4398
3160454,Santo Antônio do Retiro,MG,0,529.2184,3.8643,0.57,0.469,0.504,0.784,0.58,183.75,39.69,31.36,16.19,3.29,22.8613
3160504,Santo Antônio do Rio Abaixo,MG,0,106.029,3.2445,0.669,0.591,0.616,0.823,0.53,370.28,13.15,18.59,22.49,3.87,49.9719
3160603,Santo Hipólito,MG,0,186.0439,3.4834,0.657,0.536,0.641,0.824,0.54,431.72,4.31,16.76,19.09,4.29,69.4565
3160702,Santos Dumont,MG,0,173.4059,4.6661,0.741,0.697,0.688,0.847,0.5,578.64,3.44,7.26,39.28,8.28,89.2749
3160801,São Bento Abade,MG,0,218.1421,3.7333,0.672,0.581,0.651,0.801,0.42,458.65,2.44,12.91,19.46,4.52,92.5934
3160900,São Brás do Suaçuí,MG,0,76.6599,3.5763,0.664,0.541,0.675,0.801,0.43,532.9,5.57,4.75,25.65,8.61,89.0692
3160959,São Domingos das Dores,MG,0,205.7023,3.7537,0.638,0.539,0.602,0.8,0.47,338.29,6.05,12.77,14.94,3.15,47.6701
3161007,São Domingos do Prata,MG,0,101.2772,4.2379,0.69,0.593,0.674,0.823,0.49,531.92,4.15,8.83,24.06,5.4,60.5231
3161056,São Félix de Minas,MG,0,296.594,3.5256,0.62,0.51,0.589,0.795,0.47,312.33,10.99,22.35,15.35,2.46,61.7682
3161106,São Francisco,MG,0,454.0034,4.753,0.638,0.542,0.595,0.804,0.55,325.23,15.88,17.37,23.57,6.03,63.5431
3161205,São Francisco de Paula,MG,0,139.9061,3.8137,0.66,0.537,0.66,0.812,0.39,484.92,1.42,13.3,23.05,4.63,71.7415
3161304,São Francisco de Sales,MG,0,610.5274,3.8,0.688,0.528,0.711,0.867,0.5,665.68,6.37,10.64,21.6,4.71,75.0
3161403,São Francisco do Glória,MG,0,197.2667,3.6774,0.663,0.541,0.647,0.833,0.47,449.2,5.43,15.28,22.33,5.96,60.4867
3161502,São Geraldo,MG,0,157.5642,4.1055,0.651,0.507,0.656,0.831,0.41,474.14,3.26,10.44,20.69,6.22,70.837
3161601,São Geraldo da Piedade,MG,0,210.4175,3.5866,0.6,0.447,0.625,0.774,0.55,391.27,12.24,21.43,14.29,3.39,24.0146
3161650,São Geraldo do Baixio,MG,0,291.6371,3.6132,0.63,0.482,0.631,0.824,0.48,404.81,7.49,20.99,15.14,4.8,69.9943
3161700,São Gonçalo do Abaeté,MG,0,267.7151,3.9308,0.67,0.568,0.665,0.796,0.47,502.57,5.32,11.84,23.47,5.96,66.539
3161809,São Gonçalo do Pará,MG,0,97.4226,4.1064,0.689,0.57,0.682,0.842,0.4,558.07,1.1,6.6,23.17,5.49,76.5532
3161908,São Gonçalo do Rio Abaixo,MG,0,61.6139,4.0459,0.667,0.569,0.658,0.792,0.49,479.04,5.42,11.79,24.59,4.3,47.5504
3162005,São Gonçalo do Sapucaí,MG,0,277.9308,4.4094,0.715,0.609,0.706,0.85,0.52,648.31,1.46,8.04,29.5,10.58,82.5818
3162104,São Gotardo,MG,0,233.3217,4.5573,0.736,0.632,0.739,0.855,0.51,795.14,0.45,8.03,27.77,7.18,94.475
3162203,São João Batista do Glória,MG,0,279.8584,3.8774,0.724,0.631,0.713,0.845,0.45,676.07,1.85,9.77,24.92,6.08,81.4143
3162252,São João da Lagoa,MG,0,345.9735,3.6945,0.634,0.546,0.575,0.813,0.48,286.35,15.43,15.51,20.29,4.45,52.2981
3162302,São João da Mata,MG,0,304.079,3.4382,0.653,0.501,0.676,0.822,0.41,538.08,1.64,10.77,16.74,2.84,64.1523
3162401,São João da Ponte,MG,0,446.3118,4.3985,0.569,0.419,0.559,0.786,0.48,258.77,18.18,28.92,12.43,3.74,34.1352
3162450,São João das Missões,MG,0,562.3291,4.1216,0.529,0.381,0.502,0.776,0.51,181.77,33.88,30.44,15.78,3.33,20.8792
3162500,São João del-Rei,MG,0,137.6885,4.9585,0.758,0.69,0.733,0.86,0.52,764.74,1.46,3.97,40.15,12.81,94.54
3162559,São João do Manhuaçu,MG,0,192.0699,4.0713,0.65,0.498,0.659,0.836,0.57,484.15,8.44,14.25,21.53,4.77,46.9107
3162575,São João do Manteninha,MG,0,320.0312,3.7763,0.64,0.522,0.623,0.805,0.42,385.78,5.49,21.33,16.57,1.85,55.9946
3162609,São João do Oriente,MG,0,197.0006,3.8688,0.648,0.536,0.631,0.805,0.44,404.69,2.74,16.5,19.0,4.28,80.3277
3162658,São João do Pacuí,MG,0,383.2954,3.6509,0.625,0.504,0.606,0.798,0.64,346.53,22.42,22.26,16.57,5.08,47.3153
3162708,São João do Paraíso,MG,0,552.2325,4.3765,0.615,0.493,0.583,0.808,0.44,300.81,11.69,27.6,20.37,3.81,45.8578
3162807,São João Evangelista,MG,0,196.3535,4.1976,0.638,0.52,0.62,0.806,0.52,378.41,9.65,16.39,22.28,5.08,64.9907
3162906,São João Nepomuceno,MG,0,201.5857,4.4237,0.708,0.6,0.696,0.85,0.42,608.32,1.04,5.34,29.66,7.27,95.1231
3162922,São Joaquim de Bicas,MG,0,38.1693,4.5145,0.662,0.518,0.664,0.844,0.44,498.26,2.89,8.65,24.11,3.33,72.8316
3162948,São José da Barra,MG,0,264.3091,3.8769,0.739,0.637,0.722,0.876,0.5,714.22,0.44,6.63,31.38,6.98,72.2042
3162955,São José da Lapa,MG,0,26.7944,4.389,0.729,0.679,0.677,0.844,0.42,540.26,1.57,5.46,34.24,5.06,57.5787
3163003,São José da Safira,MG,0,259.0578,3.6326,0.583,0.432,0.6,0.765,0.47,334.87,6.69,23.66,12.75,2.99,72.2699
3163102,São José da Varginha,MG,0,71.2496,3.7119,0.704,0.597,0.682,0.857,0.47,555.77,1.72,7.2,21.35,5.7,56.5031
3163201,São José do Alegre,MG,0,313.6519,3.6255,0.717,0.652,0.676,0.837,0.47,537.13,2.04,9.48,28.23,4.1,72.5976
3163300,São José do Divino,MG,0,311.4638,3.5856,0.658,0.583,0.627,0.778,0.56,396.81,8.71,20.86,24.72,5.23,71.0746
3163409,São José do Goiabal,MG,0,127.179,3.7288,0.666,0.553,0.657,0.814,0.52,476.92,3.33,12.33,23.43,5.29,65.4542
3163508,São José do Jacuri,MG,0,227.2912,3.8068,0.566,0.417,0.582,0.749,0.49,298.57,13.35,20.02,14.22,4.5,30.6119
3163607,São José do Mantimento,MG,0,227.6789,3.4504,0.657,0.562,0.612,0.823,0.48,359.93,11.83,16.37,21.07,3.51,55.9028
3163706,São Lourenço,MG,0,269.1678,4.6678,0.759,0.673,0.746,0.871,0.51,831.32,0.93,4.25,39.79,13.7,100.0
3163805,São Miguel do Anta,MG,0,151.9943,3.8419,0.644,0.523,0.616,0.828,0.44,370.37,5.76,16.93,19.79,5.54,55.4142
3163904,São Pedro da União,MG,0,310.5204,3.6593,0.674,0.539,0.68,0.836,0.45,549.49,2.08,12.65,20.97,5.61,55.1786
3164001,São Pedro dos Ferros,MG,0,148.8,3.8828,0.659,0.576,0.631,0.789,0.43,406.87,1.79,15.41,25.13,5.1,81.1752
3164100,São Pedro do Suaçuí,MG,0,223.5173,3.7126,0.622,0.501,0.611,0.785,0.48,358.75,10.07,19.21,18.96,4.06,41.3285
3164209,São Romão,MG,0,414.7945,4.1042,0.64,0.568,0.586,0.787,0.53,307.02,14.2,14.64,28.42,6.52,62.9525
3164308,São Roque de Minas,MG,0,257.429,3.8513,0.672,0.517,0.699,0.838,0.45,621.11,2.44,9.88,17.24,5.04,63.1469
3164407,São Sebastião da Bela Vista,MG,0,311.1146,3.748,0.692,0.569,0.687,0.848,0.43,573.43,1.86,14.42,21.73,4.11,58.3872
3164431,São Sebastião da Vargem Alegre,MG,0,184.2621,3.4827,0.66,0.552,0.631,0.827,0.42,406.33,6.65,12.32,22.02,5.35,57.2909
3164472,São Sebastião do Anta,MG,0,209.5081,3.8259,0.607,0.49,0.597,0.766,0.44,327.54,8.26,18.14,15.27,3.12,73.3577
3164506,São Sebastião do Maranhão,MG,0,250.2025,3.9949,0.581,0.427,0.564,0.816,0.54,267.28,20.31,25.04,13.53,2.79,30.525
3164605,São Sebastião do Oeste,MG,0,118.4907,3.8419,0.626,0.434,0.678,0.832,0.39,545.07,0.49,9.71,8.92,3.57,55.9345
3164704,São Sebastião do Paraíso,MG,0,336.9769,4.8568,0.722,0.613,0.735,0.836,0.47,775.73,0.57,6.33,31.62,10.72,92.2638
3164803,São Sebastião do Rio Preto,MG,0,107.0133,3.1697,0.632,0.472,0.662,0.809,0.5,493.59,6.82,13.98,18.56,5.53,54.3087
3164902,São Sebastião do Rio Verde,MG,0,275.7373,3.3539,0.676,0.568,0.645,0.845,0.42,442.98,5.39,9.96,25.04,8.59,62.6066
3165008,São Tiago,MG,0,122.8753,4.0406,0.662,0.533,0.66,0.825,0.44,486.69,1.14,8.16,21.35,5.53,80.2102
3165107,São Tomás de Aquino,MG,0,343.6609,3.8439,0.7,0.568,0.692,0.874,0.43,593.38,1.81,11.86,21.74,7.07,77.8514
3165206,São Tomé das Letras,MG,0,226.8551,3.8544,0.667,0.578,0.64,0.801,0.4,428.33,2.45,12.95,23.33,5.06,57.9564
3165305,São Vicente de Minas,MG,0,203.2518,3.8963,0.715,0.644,0.673,0.845,0.53,527.55,3.56,7.11,33.74,10.64,84.7603
3165404,Sapucaí-Mirim,MG,0,364.9885,3.8479,0.68,0.563,0.664,0.842,0.44,497.65,2.22,10.4,22.66,5.74,60.6153
3165503,Sardoá,MG,0,208.0044,3.8076,0.636,0.533,0.594,0.812,0.5,321.6,13.31,17.86,19.9,4.6,35.699
3165537,Sarzedo,MG,0,25.3392,4.5321,0.734,0.643,0.706,0.871,0.46,648.26,0.39,5.86,34.76,4.78,98.9076
3165552,Setubinha,MG,0,319.4692,4.0967,0.542,0.4,0.536,0.743,0.55,224.63,27.11,32.25,13.49,4.34,25.7418
3165560,Sem-Peixe,MG,0,114.7851,3.4115,0.654,0.543,0.623,0.826,0.44,386.22,10.18,15.6,20.27,4.03,52.9329
3165578,Senador Amaral,MG,0,376.0808,3.7296,0.661,0.564,0.623,0.821,0.45,385.29,7.61,12.77,17.92,3.12,59.4175
3165602,Senador Cortes,MG,0,231.1206,3.3012,0.674,0.534,0.689,0.834,0.58,581.34,3.45,11.93,20.32,5.49,76.0563
3165701,Senador Firmino,MG,0,138.6715,3.8977,0.644,0.505,0.639,0.829,0.43,426.49,4.37,9.98,20.89,6.5,64.7718
3165800,Senador José Bento,MG,0,340.7181,3.1529,0.684,0.585,0.663,0.824,0.4,493.87,0.22,11.98,22.72,5.55,36.5632
3165909,Senador Modestino Gonçalves,MG,0,233.4761,3.6081,0.62,0.539,0.566,0.782,0.43,271.55,14.01,24.18,19.6,4.1,39.4185
3166006,Senhora de Oliveira,MG,0,113.2872,3.7624,0.631,0.521,0.603,0.801,0.45,339.95,8.4,12.81,19.33,3.86,57.2937
3166105,Senhora do Porto,MG,0,145.6281,3.546,0.565,0.378,0.595,0.802,0.47,324.4,9.33,18.77,9.81,3.12,36.7744
3166204,Senhora dos Remédios,MG,0,126.866,4.0201,0.626,0.548,0.578,0.776,0.43,292.26,12.25,13.76,18.01,3.74,33.6406
3166303,Sericita,MG,0,162.0057,3.8657,0.56,0.375,0.602,0.776,0.45,338.3,7.19,17.78,14.15,4.26,52.1605
3166402,Seritinga,MG,0,228.0121,3.2688,0.66,0.512,0.657,0.853,0.42,476.43,4.33,9.1,28.23,6.18,82.8955
3166501,Serra Azul de Minas,MG,0,192.1451,3.6327,0.557,0.398,0.537,0.809,0.54,226.22,26.35,26.62,15.5,4.93,40.5213
3166600,Serra da Saudade,MG,0,203.4389,2.8871,0.677,0.542,0.663,0.863,0.38,494.31,0.26,13.46,24.44,7.24,64.6626
3166709,Serra dos Aimorés,MG,0,455.4445,3.9408,0.651,0.539,0.653,0.784,0.56,464.82,8.24,19.73,21.06,3.87,80.5278
3166808,Serra do Salitre,MG,0,304.0324,4.07,0.696,0.549,0.722,0.852,0.53,715.23,2.49,9.02,22.67,5.64,73.5141
3166907,Serrania,MG,0,283.6531,3.8846,0.677,0.569,0.655,0.833,0.44,470.34,1.05,13.57,22.37,6.16,87.1917
3166956,Serranópolis de Minas,MG,0,472.3954,3.6845,0.633,0.539,0.608,0.773,0.54,351.46,16.22,23.19,18.32,2.39,39.0508
3167004,Serranos,MG,0,225.1857,3.2898,0.643,0.499,0.638,0.834,0.5,425.18,5.05,16.77,16.83,4.83,77.3434
3167103,Serro,MG,0,158.617,4.3205,0.656,0.52,0.65,0.834,0.65,457.27,12.6,18.68,20.61,6.84,61.891
3167202,Sete Lagoas,MG,0,62.5648,5.3873,0.76,0.705,0.742,0.84,0.53,809.26,1.24,3.99,40.84,11.61,97.5737
3167301,Silveirânia,MG,0,155.1155,3.3555,0.652,0.511,0.645,0.841,0.4,441.85,1.77,11.34,20.14,3.93,65.1916
3167400,Silvianópolis,MG,0,305.2604,3.7964,0.699,0.559,0.706,0.865,0.47,647.64,0.87,11.78,23.57,7.96,60.4778
3167509,Simão Pereira,MG,0,234.2006,3.4185,0.638,0.478,0.645,0.843,0.5,442.7,4.03,10.86,21.29,3.91,58.9673
3167608,Simonésia,MG,0,201.8961,4.2974,0.632,0.493,0.622,0.823,0.5,383.01,13.02,16.99,16.24,2.95,38.7802
3167707,Sobrália,MG,0,206.7776,3.7385,0.631,0.51,0.611,0.805,0.47,357.73,12.06,19.79,16.58,3.32,70.8233
3167806,Soledade de Minas,MG,0,262.7614,3.7942,0.697,0.606,0.673,0.831,0.46,526.23,2.76,8.92,27.07,6.4,66.2615
3167905,Tabuleiro,MG,0,173.0658,3.5645,0.681,0.578,0.666,0.821,0.45,503.88,1.63,12.76,21.87,4.5,66.2172
3168002,Taiobeiras,MG,0,492.7282,4.5397,0.67,0.578,0.639,0.815,0.51,426.91,4.88,17.68,25.01,5.69,81.0557
3168051,Taparuba,MG,0,242.4515,3.4904,0.645,0.557,0.604,0.799,0.39,344.16,7.73,18.45,19.08,2.23,44.788
3168101,Tapira,MG,0,302.6746,3.6893,0.712,0.561,0.759,0.847,0.54,902.0,3.94,6.65,26.2,5.75,66.7315
3168200,Tapiraí,MG,0,218.7999,3.2716,0.667,0.522,0.67,0.847,0.45,517.65,3.61,12.83,18.74,4.33,57.9285
3168309,Taquaraçu de Minas,MG,0,38.5543,3.6149,0.651,0.525,0.643,0.818,0.45,436.05,5.53,14.22,18.6,4.73,46.2572
3168408,Tarumirim,MG,0,213.8044,4.1547,0.633,0.499,0.614,0.829,0.47,364.41,8.44,17.98,17.97,4.6,56.1044
3168507,Teixeiras,MG,0,136.2686,4.0674,0.675,0.558,0.685,0.804,0.55,568.91,4.22,10.15,23.1,6.25,67.1334
3168606,Teófilo Otoni,MG,0,343.318,5.15,0.701,0.598,0.698,0.824,0.57,615.34,5.47,12.92,32.91,10.07,81.6921
3168705,Timóteo,MG,0,139.8471,4.9603,0.77,0.742,0.737,0.836,0.48,786.68,1.03,4.44,46.56,11.61,99.8535
3168804,Tiradentes,MG,0,132.5486,3.9117,0.74,0.619,0.741,0.885,0.57,802.39,1.43,5.88,32.94,11.03,77.2303
3168903,Tiros,MG,0,237.4519,3.8041,0.683,0.532,0.703,0.852,0.52,634.3,5.11,10.68,18.08,4.42,69.722
3169000,Tocantins,MG,0,166.9808,4.2245,0.688,0.597,0.682,0.8,0.42,557.55,1.28,8.72,27.87,6.87,81.5838
3169059,Tocos do Moji,MG,0,351.9734,3.6146,0.696,0.631,0.661,0.808,0.41,489.05,3.8,10.17,22.34,3.66,25.7722
3169109,Toledo,MG,0,402.2981,3.8018,0.661,0.546,0.66,0.802,0.4,486.02,0.91,16.45,14.34,2.69,37.9944
3169208,Tombos,MG,0,226.28,3.8855,0.718,0.607,0.699,0.871,0.52,621.05,2.46,12.24,29.29,10.59,79.7106
3169307,Três Corações,MG,0,239.3639,4.9061,0.744,0.66,0.73,0.855,0.56,749.86,1.59,6.97,38.73,12.74,90.4638
3169356,Três Marias,MG,0,236.0421,4.5193,0.752,0.695,0.706,0.866,0.52,645.33,2.95,7.2,39.22,7.81,94.7807
3169406,Três Pontas,MG,0,229.4809,4.7568,0.731,0.643,0.714,0.85,0.51,682.15,0.46,8.74,31.66,10.15,85.9265
3169505,Tumiritinga,MG,0,262.6452,3.8323,0.626,0.482,0.615,0.827,0.45,366.89,6.27,17.45,15.13,4.01,68.6954
3169604,Tupaciguara,MG,0,522.0276,4.406,0.719,0.605,0.711,0.863,0.49,665.76,1.96,9.46,29.47,8.78,91.1278
3169703,Turmalina,MG,0,320.5979,4.3071,0.682,0.602,0.646,0.816,0.5,446.26,7.76,14.79,24.88,6.35,71.5924
3169802,Turvolândia,MG,0,290.4474,3.7075,0.696,0.576,0.707,0.829,0.49,649.97,0.58,10.93,23.34,6.36,62.4732
3169901,Ubá,MG,0,166.9365,5.0719,0.724,0.62,0.727,0.841,0.5,739.56,0.65,5.8,31.03,10.09,96.1751
3170008,Ubaí,MG,0,414.8515,4.1025,0.609,0.519,0.552,0.787,0.49,247.91,17.48,20.1,19.42,3.66,48.4976
3170057,Ubaporanga,MG,0,192.9637,4.0974,0.614,0.475,0.604,0.805,0.41,342.3,7.99,14.7,14.93,3.65,53.4385
3170107,Uberaba,MG,0,425.1176,5.5318,0.772,0.705,0.772,0.845,0.5,978.01,0.67,4.19,44.21,15.52,97.7661
3170206,Uberlândia,MG,0,470.1374,5.8492,0.789,0.716,0.776,0.885,0.5,1001.45,0.7,3.74,45.55,15.77,97.2274
3170305,Umburatiba,MG,0,462.5613,3.412,0.638,0.531,0.599,0.815,0.49,332.13,12.42,26.83,24.49,3.47,57.597
3170404,Unaí,MG,0,506.9572,4.9318,0.736,0.651,0.723,0.847,0.54,720.51,3.44,8.66,32.12,8.02,80.3571
3170438,União de Minas,MG,0,671.7998,3.6299,0.672,0.534,0.684,0.829,0.48,562.84,4.67,14.11,19.62,4.13,61.7021
3170479,Uruana de Minas,MG,0,496.5582,3.5127,0.664,0.602,0.612,0.793,0.51,360.58,15.36,17.94,21.79,6.4,56.1978
3170503,Urucânia,MG,0,131.9896,4.0142,0.633,0.498,0.628,0.811,0.41,397.46,2.31,15.07,19.17,3.99,77.2131
3170529,Urucuia,MG,0,464.4147,4.2423,0.619,0.543,0.559,0.781,0.47,259.38,12.86,13.52,26.39,3.58,45.3176
3170578,Vargem Alegre,MG,0,174.2841,3.8102,0.631,0.486,0.631,0.819,0.49,407.13,6.71,18.81,18.67,4.54,73.8431
3170602,Vargem Bonita,MG,0,259.0046,3.331,0.696,0.597,0.667,0.847,0.38,508.67,1.98,8.05,24.68,5.9,52.797
3170651,Vargem Grande do Rio Pardo,MG,0,532.5759,3.7029,0.634,0.559,0.563,0.811,0.45,265.02,15.35,25.27,23.33,3.85,51.1515
3170701,Varginha,MG,0,238.6079,5.1386,0.778,0.707,0.76,0.875,0.51,904.57,0.39,4.65,44.57,15.54,96.7339
3170750,Varjão de Minas,MG,0,280.7614,3.8594,0.711,0.631,0.673,0.847,0.39,528.14,3.37,8.96,26.42,3.51,82.9369
3170800,Várzea da Palma,MG,0,273.6079,4.6032,0.666,0.573,0.634,0.814,0.46,413.59,4.81,12.0,25.65,5.65,87.4445
3170909,Varzelândia,MG,0,470.3274,4.2853,0.594,0.477,0.546,0.806,0.51,238.92,22.81,24.45,15.35,4.24,46.5788
3171006,Vazante,MG,0,380.4463,4.3158,0.742,0.666,0.707,0.866,0.44,650.88,2.49,7.37,35.33,6.86,80.7129
3171030,Verdelândia,MG,0,484.1074,3.979,0.584,0.462,0.542,0.797,0.45,233.27,14.73,26.85,13.71,3.38,57.0573
3171071,Veredinha,MG,0,309.3849,3.7584,0.632,0.555,0.579,0.785,0.43,293.08,14.66,21.97,20.89,4.31,67.9221
3171105,Veríssimo,MG,0,458.9003,3.6117,0.667,0.501,0.683,0.869,0.45,560.98,0.49,12.27,13.51,3.22,58.4841
3171154,Vermelho Novo,MG,0,173.6056,3.6859,0.612,0.475,0.61,0.79,0.52,355.42,15.4,13.38,18.77,3.41,39.4967
3171204,Vespasiano,MG,0,27.1951,5.1201,0.688,0.592,0.677,0.811,0.42,539.05,1.02,5.88,28.7,4.57,100.0
3171303,Viçosa,MG,0,141.8389,4.9026,0.775,0.696,0.758,0.883,0.56,892.25,1.85,5.61,43.72,17.99,93.1944
3171402,Vieiras,MG,0,203.2797,3.5527,0.668,0.592,0.623,0.808,0.42,386.39,5.13,14.61,25.22,5.04,49.665
3171501,Mathias Lobato,MG,0,258.8621,3.4993,0.612,0.483,0.596,0.795,0.54,326.18,14.18,20.42,16.4,4.52,90.8012
3171600,Virgem da Lapa,MG,0,386.5893,4.1376,0.61,0.488,0.585,0.797,0.49,305.36,17.76,22.18,18.59,5.16,50.224
3171709,Virgínia,MG,0,293.055,3.9371,0.651,0.523,0.635,0.829,0.47,415.41,4.69,12.51,16.2,3.87,45.6454
3171808,Virginópolis,MG,0,177.3464,4.0195,0.675,0.58,0.638,0.831,0.49,423.01,8.34,12.93,25.14,5.72,58.7212
3171907,Virgolândia,MG,0,234.921,3.7245,0.62,0.497,0.602,0.795,0.51,339.03,12.86,21.33,14.35,4.3,60.1273
3172004,Visconde do Rio Branco,MG,0,164.6116,4.637,0.709,0.591,0.709,0.85,0.49,658.96,1.22,8.74,28.45,8.81,82.7052
3172103,Volta Grande,MG,0,249.5303,3.7218,0.669,0.531,0.669,0.841,0.51,515.46,5.45,12.32,26.34,8.71,74.9901
3172202,Wenceslau Braz,MG,0,324.0496,3.4053,0.678,0.576,0.644,0.842,0.44,439.73,4.29,5.53,24.58,3.64,49.7454
3200102,Afonso Cláudio,ES,0,88.0756,4.4818,0.667,0.544,0.661,0.825,0.5,489.59,5.31,14.3,24.25,5.79,50.9955
3200136,Águia Branca,ES,0,154.4229,3.9832,0.678,0.595,0.66,0.792,0.53,487.28,6.72,14.83,24.28,3.71,32.0517
3200169,Água Doce do Norte,ES,0,208.9118,4.0335,0.652,0.546,0.619,0.819,0.49,377.39,9.88,20.0,20.64,3.63,56.9111
3200201,Alegre,ES,0,135.6972,4.4752,0.721,0.63,0.708,0.839,0.52,655.72,3.36,13.54,36.18,13.06,69.9168
3200300,Alfredo Chaves,ES,0,57.1835,4.1664,0.71,0.611,0.703,0.832,0.48,634.97,1.51,7.89,25.65,6.12,46.9008
3200359,Alto Rio Novo,ES,0,158.2053,3.8982,0.664,0.567,0.634,0.815,0.52,413.59,10.43,17.01,19.83,4.36,58.1659
3200409,Anchieta,ES,0,63.7333,4.4812,0.73,0.654,0.696,0.856,0.46,608.42,2.19,6.75,37.3,7.98,75.9811
3200508,Apiacá,ES,0,159.0785,3.8775,0.673,0.549,0.659,0.841,0.53,482.94,7.36,15.25,27.9,5.52,69.369
3200607,Aracruz,ES,0,55.4584,5.0209,0.752,0.707,0.717,0.838,0.5,695.25,3.13,7.42,41.5,9.28,87.3143
3200706,Atilio Vivacqua,ES,0,112.1069,4.0888,0.708,0.637,0.663,0.841,0.44,493.81,4.72,10.46,29.72,6.43,62.0914
3200805,Baixo Guandu,ES,0,115.0292,4.495,0.702,0.637,0.67,0.811,0.48,516.34,4.0,13.15,30.11,6.3,77.4114
3200904,Barra de São Francisco,ES,0,183.5095,4.6561,0.683,0.58,0.673,0.815,0.5,527.84,6.74,15.72,27.21,5.74,64.8405
3201001,Boa Esperança,ES,0,198.0972,4.1803,0.679,0.59,0.651,0.816,0.45,460.69,4.67,16.51,26.61,5.65,72.1107
3201100,Bom Jesus do Norte,ES,0,167.071,3.9995,0.734,0.673,0.689,0.854,0.48,584.06,1.54,9.15,40.41,9.4,91.8003
3201159,Brejetuba,ES,0,102.5523,4.0952,0.656,0.54,0.63,0.828,0.48,402.56,9.41,18.93,21.55,3.14,28.6697
3201209,Cachoeiro de Itapemirim,ES,0,101.1444,5.3267,0.746,0.677,0.733,0.837,0.52,763.71,1.42,5.71,37.71,9.86,91.416
3201308,Cariacica,ES,0,7.6701,5.5871,0.718,0.628,0.699,0.844,0.45,620.89,1.64,6.08,34.91,6.16,96.8185
3201407,Castelo,ES,0,96.8893,4.5793,0.726,0.639,0.703,0.852,0.45,636.49,1.48,8.42,31.96,8.27,62.7882
3201506,Colatina,ES,0,92.9243,5.0944,0.746,0.668,0.738,0.841,0.51,788.29,1.12,7.71,35.71,10.01,88.0193
3201605,Conceição da Barra,ES,0,201.3409,4.498,0.681,0.603,0.648,0.81,0.5,450.71,6.78,15.23,28.11,6.12,79.3525
3201704,Conceição do Castelo,ES,0,96.3785,4.1102,0.67,0.541,0.685,0.81,0.51,567.83,6.21,12.1,24.09,5.67,50.4923
3201803,Divino de São Lourenço,ES,0,145.3311,3.627,0.632,0.496,0.622,0.819,0.51,383.78,10.34,15.09,16.46,4.22,38.574
3201902,Domingos Martins,ES,0,35.4953,4.533,0.669,0.528,0.68,0.833,0.48,551.74,3.09,10.98,19.43,5.19,24.3068
3202009,Dores do Rio Preto,ES,0,164.3835,3.8321,0.654,0.542,0.635,0.813,0.49,414.87,7.86,17.59,19.07,3.27,55.4479
3202108,Ecoporanga,ES,0,222.7297,4.3569,0.662,0.562,0.631,0.819,0.49,406.49,8.54,20.41,24.78,4.18,63.6697
3202207,Fundão,ES,0,43.8348,4.3498,0.718,0.623,0.708,0.839,0.49,657.18,1.64,9.26,32.18,8.07,84.4523
3202256,Governador Lindenberg,ES,0,119.528,4.1155,0.694,0.608,0.669,0.823,0.45,515.11,3.71,11.39,23.83,4.79,38.8812
3202306,Guaçuí,ES,0,150.1112,4.4965,0.703,0.595,0.691,0.846,0.52,587.91,3.33,12.84,31.88,7.69,80.4316
3202405,Guarapari,ES,0,42.4578,5.1089,0.731,0.626,0.746,0.837,0.58,830.51,2.05,6.59,39.55,10.54,95.4809
3202454,Ibatiba,ES,0,123.9703,4.4275,0.647,0.501,0.651,0.83,0.45,458.35,4.2,17.9,17.5,3.8,59.814
3202504,Ibiraçu,ES,0,54.5387,4.1038,0.726,0.625,0.733,0.835,0.56,764.33,2.06,8.08,30.06,7.15,75.7381
3202553,Ibitirama,ES,0,141.4414,3.946,0.622,0.481,0.609,0.821,0.47,353.86,9.18,19.04,16.84,4.04,35.4695
3202603,Iconha,ES,0,73.5201,4.1487,0.729,0.658,0.709,0.83,0.45,660.78,1.81,8.28,32.89,6.97,58.1091
3202652,Irupi,ES,0,138.2206,4.1358,0.637,0.493,0.658,0.798,0.51,481.28,5.41,18.56,18.9,5.03,37.8487
3202702,Itaguaçu,ES,0,80.178,4.1456,0.702,0.641,0.672,0.802,0.43,522.25,1.8,13.42,27.72,5.59,56.9832
3202801,Itapemirim,ES,0,93.6044,4.5435,0.654,0.54,0.64,0.808,0.44,428.61,3.06,11.57,22.68,3.78,62.379
3202900,Itarana,ES,0,76.6133,4.0184,0.684,0.568,0.696,0.809,0.47,607.49,2.08,10.05,23.89,7.5,37.6344
3203007,Iúna,ES,0,126.2713,4.4686,0.666,0.537,0.665,0.829,0.5,501.21,4.92,15.25,22.83,6.81,57.1575
3203056,Jaguaré,ES,0,159.7901,4.4995,0.678,0.568,0.678,0.81,0.56,543.6,4.91,13.7,25.12,5.23,60.9166
3203106,Jerônimo Monteiro,ES,0,124.4176,4.0912,0.698,0.589,0.685,0.844,0.54,566.32,5.96,13.11,29.64,7.94,78.4539
3203130,João Neiva,ES,0,63.3663,4.2246,0.753,0.663,0.751,0.857,0.53,859.01,2.71,7.71,40.46,9.43,80.6629
3203163,Laranja da Terra,ES,0,89.748,4.0382,0.656,0.55,0.633,0.81,0.47,411.93,10.33,13.21,17.06,2.43,32.5882
3203205,Linhares,ES,0,105.9888,5.2547,0.724,0.63,0.721,0.834,0.52,711.38,2.52,9.62,36.17,8.91,86.031
3203304,Mantenópolis,ES,0,182.3828,4.1946,0.657,0.551,0.636,0.81,0.52,417.83,10.46,18.61,20.28,4.19,63.5248
3203320,Marataízes,ES,0,96.1918,4.5939,0.696,0.588,0.676,0.847,0.52,538.07,5.11,9.78,28.77,7.34,80.8846
3203346,Marechal Floriano,ES,0,39.1707,4.234,0.71,0.589,0.715,0.849,0.48,683.63,1.38,9.61,24.75,5.76,52.0334
3203353,Marilândia,ES,0,103.6887,4.117,0.696,0.612,0.668,0.823,0.39,510.91,1.64,12.11,22.77,5.12,50.8508
3203403,Mimoso do Sul,ES,0,136.4539,4.4163,0.67,0.541,0.672,0.827,0.49,523.04,3.8,12.85,25.2,6.51,62.667
3203502,Montanha,ES,0,243.9219,4.2777,0.667,0.535,0.679,0.816,0.52,547.46,3.68,17.39,25.43,6.13,75.7577
3203601,Mucurici,ES,0,248.0299,3.7378,0.666,0.577,0.617,0.828,0.48,372.63,6.48,19.87,20.67,4.77,63.4836
3203700,Muniz Freire,ES,0,115.1651,4.2349,0.645,0.512,0.637,0.821,0.51,421.86,11.58,14.69,20.34,5.3,47.1272
3203809,Muqui,ES,0,127.7382,4.1932,0.694,0.619,0.673,0.802,0.52,528.68,5.88,11.48,31.46,7.75,64.6638
3203908,Nova Venécia,ES,0,178.9111,4.7054,0.712,0.621,0.692,0.841,0.48,592.06,2.79,11.39,31.57,6.98,66.9788
3204005,Pancas,ES,0,134.0326,4.3697,0.667,0.562,0.648,0.815,0.5,451.21,5.29,17.56,22.76,4.07,46.8675
3204054,Pedro Canário,ES,0,228.2206,4.4245,0.654,0.536,0.643,0.812,0.46,437.08,6.18,18.05,22.79,4.32,92.683
3204104,Pinheiros,ES,0,212.3129,4.4409,0.673,0.558,0.668,0.816,0.49,509.45,5.24,17.21,24.52,5.44,78.3344
3204203,Piúma,ES,0,71.3787,4.35,0.727,0.643,0.702,0.852,0.49,629.9,3.49,7.61,35.13,8.5,96.281
3204252,Ponto Belo,ES,0,244.6835,3.904,0.669,0.605,0.631,0.783,0.5,405.19,9.5,21.69,28.25,5.34,80.0688
3204302,Presidente Kennedy,ES,0,115.2483,4.0697,0.657,0.553,0.636,0.808,0.48,419.97,7.6,17.11,22.55,6.12,33.3527
3204351,Rio Bananal,ES,0,115.9838,4.2878,0.681,0.579,0.68,0.802,0.5,550.55,5.63,13.27,22.98,4.86,38.7222
3204401,Rio Novo do Sul,ES,0,88.0326,4.0656,0.711,0.62,0.692,0.837,0.48,594.24,2.54,9.03,28.33,6.66,52.5033
3204500,Santa Leopoldina,ES,0,33.0168,4.0853,0.626,0.477,0.646,0.797,0.55,445.57,10.36,13.26,18.25,4.05,21.3644
3204559,Santa Maria de Jetibá,ES,0,54.4583,4.619,0.671,0.521,0.695,0.834,0.49,603.33,4.49,10.92,19.05,4.47,34.5184
3204609,Santa Teresa,ES,0,51.4147,4.3775,0.714,0.604,0.722,0.834,0.48,716.25,1.09,9.84,28.8,8.06,53.9248
3204658,São Domingos do Norte,ES,0,134.0399,3.9413,0.682,0.575,0.679,0.811,0.49,547.57,3.09,12.11,26.78,5.7,42.9571
3204708,São Gabriel da Palha,ES,0,145.9761,4.592,0.709,0.578,0.739,0.835,0.6,792.54,5.41,10.57,26.58,6.57,76.3521
3204807,São José do Calçado,ES,0,159.4337,4.0227,0.688,0.599,0.669,0.814,0.51,514.57,5.62,12.34,26.88,6.51,80.2267
3204906,São Mateus,ES,0,184.6209,5.1291,0.735,0.655,0.719,0.843,0.57,699.99,4.59,9.76,39.72,8.86,77.5406
3204955,São Roque do Canaã,ES,0,74.1565,4.1004,0.7,0.623,0.686,0.803,0.43,572.42,4.17,9.73,23.1,4.02,49.5343
3205002,Serra,ES,0,18.8173,5.7298,0.739,0.664,0.72,0.844,0.47,705.89,1.57,5.55,41.81,7.52,99.3117
3205010,Sooretama,ES,0,127.655,4.4952,0.662,0.556,0.65,0.802,0.5,457.49,5.72,14.59,22.67,4.87,70.7671
3205036,Vargem Alta,ES,0,81.3468,4.338,0.663,0.544,0.658,0.814,0.45,480.01,2.96,11.3,20.21,4.5,35.1385
3205069,Venda Nova do Imigrante,ES,0,84.14,4.4184,0.728,0.624,0.731,0.845,0.52,754.66,1.73,8.43,30.47,9.46,72.4263
3205101,Viana,ES,0,19.7145,4.9071,0.686,0.589,0.672,0.816,0.42,523.61,2.27,7.03,26.04,3.44,91.7401
3205150,Vila Pavão,ES,0,191.2286,3.9675,0.681,0.588,0.647,0.83,0.48,449.3,8.25,14.23,22.43,4.24,34.571
3205176,Vila Valério,ES,0,147.6778,4.1481,0.675,0.549,0.686,0.816,0.51,569.82,5.54,14.07,22.29,4.58,36.457
3205200,Vila Velha,ES,0,3.5753,5.7064,0.8,0.734,0.807,0.864,0.56,1211.79,0.83,3.57,54.81,18.49,99.5149
3205309,Vitória,ES,1,0.0,5.5677,0.845,0.805,0.876,0.855,0.6,1866.58,0.64,2.98,65.22,31.86,100.0
3300100,Angra dos Reis,RJ,0,112.7599,5.3226,0.724,0.605,0.74,0.846,0.5,798.68,2.03,5.13,33.59,7.42,96.33
3300159,Aperibé,RJ,0,181.3815,4.0805,0.692,0.631,0.67,0.785,0.43,516.14,2.33,10.6,33.86,5.94,86.9284
3300209,Araruama,RJ,0,90.8491,5.1339,0.718,0.617,0.714,0.839,0.54,680.88,3.68,7.41,37.26,10.27,95.07
3300225,Areal,RJ,0,72.3178,4.106,0.684,0.566,0.686,0.823,0.48,571.74,3.44,7.29,30.95,6.24,86.8686
3300233,Armação dos Búzios,RJ,0,137.9885,4.5448,0.728,0.624,0.75,0.824,0.51,851.39,0.11,4.56,38.36,11.25,100.0
3300258,Arraial do Cabo,RJ,0,123.2656,4.4889,0.733,0.677,0.722,0.805,0.47,714.47,1.14,4.55,43.28,10.55,100.0
3300308,Barra do Piraí,RJ,0,76.4573,5.0049,0.733,0.665,0.723,0.819,0.51,719.16,2.25,4.48,39.73,9.85,97.0236
3300407,Barra Mansa,RJ,0,103.6552,5.2677,0.729,0.657,0.72,0.819,0.48,705.1,1.44,3.94,38.29,8.9,99.0889
3300456,Belford Roxo,RJ,0,21.569,5.712,0.684,0.598,0.662,0.808,0.42,491.51,3.31,4.97,31.33,3.42,100.0
3300506,Bom Jardim,RJ,0,115.7726,4.4437,0.66,0.503,0.707,0.809,0.48,649.62,2.55,10.74,21.85,6.68,60.2613
3300605,Bom Jesus do Itabapoana,RJ,0,251.1274,4.5718,0.732,0.662,0.723,0.819,0.56,717.69,3.41,9.76,38.76,11.41,84.5133
3300704,Cabo Frio,RJ,0,123.7363,5.3694,0.735,0.64,0.743,0.836,0.54,815.75,2.35,5.02,40.57,12.08,75.438
3300803,Cachoeiras de Macacu,RJ,0,73.663,4.7756,0.7,0.603,0.695,0.817,0.49,604.45,2.59,9.31,34.87,7.13,86.496
3300902,Cambuci,RJ,0,198.2773,4.1909,0.691,0.608,0.672,0.809,0.47,524.88,3.05,12.69,31.55,5.69,76.1584
3300936,Carapebus,RJ,0,178.1992,4.2268,0.713,0.644,0.699,0.805,0.42,620.35,1.93,8.42,34.04,4.23,78.9131
3300951,Comendador Levy Gasparian,RJ,0,93.7763,3.934,0.685,0.605,0.676,0.785,0.44,537.66,1.09,7.36,29.02,4.65,96.1125
3301009,Campos dos Goytacazes,RJ,0,231.8088,5.7115,0.716,0.619,0.715,0.83,0.55,682.59,3.67,6.85,38.29,10.38,90.2948
3301108,Cantagalo,RJ,0,133.2203,4.3046,0.709,0.614,0.705,0.822,0.48,641.61,1.41,9.42,34.03,7.07,70.711
3301157,Cardoso Moreira,RJ,0,226.2677,4.1078,0.648,0.534,0.653,0.782,0.45,465.04,3.71,15.2,25.57,4.36,69.5
3301207,Carmo,RJ,0,123.0229,4.2824,0.696,0.608,0.683,0.813,0.47,559.66,1.73,9.91,32.92,6.61,77.2628
3301306,Casimiro de Abreu,RJ,0,113.9306,4.6615,0.726,0.642,0.734,0.811,0.48,768.45,1.18,6.98,37.35,9.32,80.6886
3301405,Conceição de Macabu,RJ,0,164.9862,4.3722,0.712,0.642,0.698,0.806,0.48,614.57,4.33,9.73,39.51,7.07,86.4504
3301504,Cordeiro,RJ,0,129.6473,4.3454,0.729,0.649,0.724,0.826,0.48,724.29,1.12,5.84,40.41,9.8,97.2198
3301603,Duas Barras,RJ,0,116.7572,4.0631,0.659,0.534,0.677,0.79,0.44,540.35,1.19,11.73,24.98,5.15,70.7777
3301702,Duque de Caxias,RJ,0,13.1883,5.9682,0.711,0.624,0.692,0.833,0.46,592.81,2.83,4.99,35.28,5.5,99.6597
3301801,Engenheiro Paulo de Frontin,RJ,0,59.3007,4.1504,0.722,0.694,0.674,0.805,0.45,529.05,3.79,5.78,39.34,6.95,71.9423
3301850,Guapimirim,RJ,0,47.2401,4.794,0.698,0.604,0.692,0.812,0.5,594.06,3.28,7.51,32.11,5.41,96.6261
3301876,Iguaba Grande,RJ,0,103.1367,4.4675,0.761,0.704,0.744,0.841,0.56,818.01,2.23,4.24,43.33,10.43,100.0
3301900,Itaboraí,RJ,0,40.381,5.3881,0.693,0.593,0.69,0.813,0.48,584.35,3.31,6.56,32.26,4.77,98.8092
3302007,Itaguaí,RJ,0,56.0607,5.1353,0.715,0.638,0.703,0.814,0.47,635.5,2.85,5.44,37.1,5.54,95.5248
3302056,Italva,RJ,0,226.0597,4.1872,0.688,0.595,0.692,0.792,0.47,593.88,2.94,11.06,30.21,7.22,72.8294
3302106,Itaocara,RJ,0,178.8656,4.3657,0.713,0.635,0.696,0.82,0.49,607.18,2.58,11.05,32.77,6.44,75.6627
3302205,Itaperuna,RJ,0,231.1708,5.0185,0.73,0.649,0.716,0.837,0.47,688.83,1.35,7.62,37.1,10.69,92.2027
3302254,Itatiaia,RJ,0,143.3066,4.5094,0.737,0.652,0.735,0.836,0.51,773.48,1.08,5.83,42.24,9.98,96.63
3302270,Japeri,RJ,0,50.712,5.0265,0.659,0.555,0.637,0.809,0.42,420.15,4.09,7.09,26.75,2.43,100.0
3302304,Laje do Muriaé,RJ,0,217.4783,3.8632,0.668,0.575,0.649,0.8,0.46,453.97,3.52,13.76,30.62,7.14,75.2905
3302403,Macaé,RJ,0,159.4528,5.4251,0.764,0.681,0.792,0.828,0.56,1103.42,1.38,4.22,49.22,12.75,98.1285
3302452,Macuco,RJ,0,140.2523,3.7517,0.703,0.631,0.687,0.801,0.5,574.96,3.81,7.92,38.05,6.08,87.1702
3302502,Magé,RJ,0,31.323,5.394,0.709,0.626,0.685,0.832,0.49,567.59,4.55,5.86,34.12,4.89,94.6833
3302601,Mangaratiba,RJ,0,83.8257,4.6622,0.753,0.676,0.746,0.845,0.51,832.15,1.6,4.1,42.89,10.08,88.1062
3302700,Maricá,RJ,0,42.0377,5.2245,0.765,0.692,0.761,0.85,0.49,910.41,1.47,4.53,47.92,13.28,98.4544
3302809,Mendes,RJ,0,64.495,4.2714,0.736,0.7,0.707,0.806,0.48,649.4,2.03,5.48,43.17,8.28,98.6953
3302858,Mesquita,RJ,0,23.9077,5.248,0.737,0.678,0.704,0.839,0.47,640.37,2.73,3.45,44.29,7.56,100.0
3302908,Miguel Pereira,RJ,0,53.2455,4.4086,0.745,0.675,0.74,0.828,0.55,801.63,2.26,6.8,37.82,10.49,87.2535
3303005,Miracema,RJ,0,194.41,4.4335,0.713,0.646,0.696,0.805,0.5,608.62,1.84,10.79,39.07,6.61,92.1693
3303104,Natividade,RJ,0,241.229,4.1848,0.73,0.683,0.707,0.806,0.52,653.23,1.35,11.23,38.19,10.0,79.87
3303203,Nilópolis,RJ,0,20.8125,5.2119,0.753,0.716,0.731,0.817,0.45,755.26,1.09,2.15,50.96,9.2,100.0
3303302,Niterói,RJ,0,15.7312,5.7135,0.837,0.773,0.887,0.854,0.59,2000.29,0.8,2.27,66.23,33.68,100.0
3303401,Nova Friburgo,RJ,0,96.953,5.2825,0.745,0.645,0.758,0.846,0.51,894.75,0.57,5.03,36.64,11.77,87.5276
3303500,Nova Iguaçu,RJ,0,26.2419,5.9167,0.713,0.641,0.691,0.818,0.48,591.0,3.38,4.63,37.85,6.5,98.9081
3303609,Paracambi,RJ,0,57.6122,4.725,0.72,0.666,0.689,0.812,0.44,580.49,3.71,5.46,38.16,6.53,88.5366
3303708,Paraíba do Sul,RJ,0,79.7198,4.6507,0.702,0.61,0.697,0.812,0.5,613.56,2.35,6.06,33.69,6.77,88.0002
3303807,Paraty,RJ,0,156.4499,4.6452,0.693,0.544,0.726,0.842,0.52,734.36,4.03,8.3,32.61,9.21,73.7724
3303856,Paty do Alferes,RJ,0,53.8883,4.4463,0.671,0.549,0.683,0.806,0.56,562.52,4.28,12.3,23.4,5.29,70.5072
3303906,Petrópolis,RJ,0,41.0322,5.4873,0.745,0.639,0.763,0.847,0.55,922.49,1.5,3.97,37.72,12.08,95.0557
3303955,Pinheiral,RJ,0,88.8299,4.4076,0.715,0.643,0.709,0.801,0.51,657.99,2.89,5.3,38.33,8.28,89.8411
3304003,Piraí,RJ,0,74.167,4.4742,0.708,0.62,0.714,0.803,0.5,678.3,2.8,7.17,36.22,9.57,79.1822
3304102,Porciúncula,RJ,0,245.5742,4.2803,0.697,0.606,0.698,0.802,0.56,615.63,9.34,11.51,32.35,8.69,78.2095
3304110,Porto Real,RJ,0,120.2822,4.3065,0.713,0.645,0.688,0.817,0.42,577.07,1.29,6.33,37.23,6.19,99.4274
3304128,Quatis,RJ,0,118.2012,4.1632,0.69,0.603,0.676,0.806,0.42,535.96,1.03,6.75,34.51,7.49,94.028
3304144,Queimados,RJ,0,37.9807,5.1827,0.68,0.589,0.659,0.81,0.43,484.4,3.89,5.68,32.47,3.75,100.0
3304151,Quissamã,RJ,0,199.6315,4.4071,0.704,0.61,0.698,0.821,0.53,616.31,3.01,8.84,33.86,9.55,64.2031
3304201,Resende,RJ,0,132.6335,5.1246,0.768,0.709,0.762,0.839,0.52,915.21,0.82,4.21,47.94,15.35,93.7897
3304300,Rio Bonito,RJ,0,64.3812,4.7848,0.71,0.62,0.705,0.819,0.48,643.54,2.75,7.89,33.27,7.02,74.2723
3304409,Rio Claro,RJ,0,94.8143,4.2713,0.683,0.567,0.7,0.801,0.5,623.62,2.77,10.23,25.06,6.72,79.0187
3304508,Rio das Flores,RJ,0,86.1593,3.9732,0.68,0.575,0.664,0.822,0.46,499.13,2.32,8.65,27.89,6.13,69.6064
3304524,Rio das Ostras,RJ,0,138.1081,5.2028,0.773,0.689,0.784,0.854,0.53,1051.19,1.45,3.73,48.65,13.47,94.539
3304557,Rio de Janeiro,RJ,1,0.0,6.8309,0.799,0.719,0.84,0.845,0.62,1492.63,1.25,2.88,53.99,21.26,100.0
3304607,Santa Maria Madalena,RJ,0,160.6479,4.0162,0.668,0.556,0.672,0.797,0.48,522.66,3.38,12.79,26.81,4.35,57.4751
3304706,Santo Antônio de Pádua,RJ,0,184.1374,4.6305,0.718,0.648,0.709,0.806,0.51,657.53,1.85,9.25,34.68,8.56,76.6217
3304755,São Francisco de Itabapoana,RJ,0,267.0564,4.6255,0.639,0.533,0.618,0.791,0.49,375.49,10.86,18.75,22.39,3.57,51.0035
3304805,São Fidélis,RJ,0,204.3325,4.5883,0.691,0.611,0.685,0.787,0.47,567.23,2.28,10.18,32.04,5.83,79.0534
3304904,São Gonçalo,RJ,0,20.7096,6.0407,0.739,0.681,0.711,0.833,0.43,669.3,1.55,3.58,43.39,7.12,99.9271
3305000,São João da Barra,RJ,0,262.8806,4.565,0.671,0.551,0.686,0.8,0.48,570.38,3.69,9.8,26.69,4.66,78.4591
3305109,São João de Meriti,RJ,0,16.914,5.6752,0.719,0.646,0.693,0.831,0.43,597.57,2.01,3.38,38.7,5.25,100.0
3305133,São José de Ubá,RJ,0,214.4705,3.8597,0.652,0.548,0.633,0.798,0.47,410.44,3.83,14.71,23.46,5.64,44.2382
3305158,São José do Vale do Rio Preto,RJ,0,86.67,4.3431,0.66,0.533,0.67,0.806,0.47,517.99,3.68,10.12,21.41,4.83,44.4768
3305208,São Pedro da Aldeia,RJ,0,115.2878,5.0316,0.712,0.626,0.721,0.801,0.5,710.04,2.35,6.16,39.83,8.46,93.4828
3305307,São Sebastião do Alto,RJ,0,152.4648,3.9739,0.646,0.536,0.638,0.789,0.42,423.88,4.87,14.49,24.62,3.02,51.8494
3305406,Sapucaia,RJ,0,103.3111,4.2617,0.675,0.561,0.682,0.804,0.5,558.94,5.56,10.13,28.68,6.56,75.7375
3305505,Saquarema,RJ,0,75.138,4.9635,0.709,0.621,0.714,0.804,0.52,681.62,2.54,6.27,38.04,8.0,94.9107
3305554,Seropédica,RJ,0,50.8112,4.9235,0.713,0.648,0.695,0.805,0.47,604.82,2.99,5.9,37.17,7.03,82.2206
3305604,Silva Jardim,RJ,0,89.4124,4.338,0.654,0.536,0.657,0.793,0.49,476.99,6.13,13.24,26.81,4.0,75.5117
3305703,Sumidouro,RJ,0,107.8001,4.1961,0.611,0.436,0.658,0.796,0.47,479.46,5.52,16.0,13.72,3.13,36.5101
3305752,Tanguá,RJ,0,54.3085,4.5428,0.654,0.548,0.644,0.793,0.42,440.84,4.87,8.92,24.3,3.72,89.249
3305802,Teresópolis,RJ,0,58.6782,5.2691,0.73,0.605,0.752,0.855,0.56,859.79,1.58,6.48,35.43,12.3,89.2889
3305901,Trajano de Moraes,RJ,0,150.8202,4.0275,0.667,0.547,0.668,0.813,0.51,510.96,6.52,14.54,23.02,3.41,46.4574
3306008,Três Rios,RJ,0,84.4362,4.9163,0.725,0.656,0.725,0.801,0.52,726.83,2.14,5.47,41.12,10.37,97.0723
3306107,Valença,RJ,0,85.6524,4.8876,0.738,0.666,0.713,0.848,0.52,675.62,2.39,6.0,40.92,12.13,86.6111
3306156,Varre-Sai,RJ,0,258.2718,4.0495,0.659,0.555,0.636,0.81,0.44,418.62,2.02,11.6,22.08,4.72,61.1082
3306206,Vassouras,RJ,0,68.6002,4.5713,0.714,0.624,0.719,0.813,0.52,701.06,2.54,7.61,40.54,13.28,67.4194
3306305,Volta Redonda,RJ,0,97.7165,5.4392,0.771,0.72,0.763,0.833,0.5,920.51,1.47,3.3,48.34,15.23,99.9546
3500105,Adamantina,SP,0,507.158,4.546,0.79,0.75,0.772,0.852,0.51,975.43,0.5,6.14,46.11,16.49,94.5291
3500204,Adolfo,SP,0,409.3724,3.5496,0.73,0.648,0.71,0.844,0.38,661.65,1.31,8.13,24.3,6.82,89.9635
3500303,Aguaí,SP,0,172.8179,4.568,0.715,0.606,0.703,0.858,0.47,636.07,1.03,7.73,27.32,7.65,90.2109
3500402,Águas da Prata,SP,0,182.1516,3.9171,0.781,0.716,0.75,0.886,0.52,853.39,0.6,6.04,39.22,13.14,89.2801
3500501,Águas de Lindóia,SP,0,121.761,4.2766,0.745,0.675,0.725,0.846,0.43,730.13,0.07,5.96,33.17,10.74,99.1023
3500550,Águas de Santa Bárbara,SP,0,283.4961,3.7883,0.757,0.695,0.744,0.84,0.48,818.15,1.44,5.16,36.21,12.5,76.04
3500600,Águas de São Pedro,SP,0,172.3064,3.5549,0.854,0.825,0.849,0.89,0.54,1580.72,0.24,1.45,63.27,30.38,100.0
3500709,Agudos,SP,0,275.8646,4.575,0.745,0.694,0.705,0.845,0.41,642.59,1.99,5.21,35.98,8.09,95.5654
3500758,Alambari,SP,0,134.8761,3.7946,0.712,0.658,0.682,0.805,0.44,556.36,1.75,6.59,25.88,4.36,75.1843
3500808,Alfredo Marcondes,SP,0,527.9569,3.6234,0.741,0.71,0.682,0.84,0.36,558.38,1.29,10.13,36.81,6.95,83.6546
3500907,Altair,SP,0,424.7283,3.6244,0.687,0.581,0.698,0.8,0.42,616.38,0.51,10.2,24.69,5.15,79.2136
3501004,Altinópolis,SP,0,294.5631,4.2101,0.73,0.635,0.726,0.843,0.45,731.49,0.44,6.08,31.2,10.87,87.3711
3501103,Alto Alegre,SP,0,429.9274,3.6104,0.7,0.616,0.683,0.817,0.35,560.3,0.61,8.56,25.58,5.35,78.8396
3501152,Alumínio,SP,0,70.3006,4.2765,0.766,0.732,0.729,0.841,0.42,747.27,1.68,4.6,48.05,5.97,83.8708
3501202,Álvares Florence,SP,0,499.0717,3.5582,0.728,0.683,0.701,0.806,0.41,627.14,1.85,9.55,30.97,6.95,67.9497
3501301,Álvares Machado,SP,0,528.6123,4.3993,0.758,0.732,0.712,0.834,0.46,672.03,1.57,6.99,37.68,9.13,90.0906
3501400,Álvaro de Carvalho,SP,0,362.9288,3.7259,0.688,0.605,0.669,0.805,0.38,512.99,1.4,8.84,20.16,2.87,63.4839
3501509,Alvinlândia,SP,0,349.7784,3.512,0.722,0.659,0.721,0.791,0.53,710.49,1.98,10.52,29.98,6.61,89.7667
3501608,Americana,SP,0,120.3458,5.388,0.811,0.76,0.8,0.876,0.47,1161.68,0.32,2.74,47.29,15.4,99.5328
3501707,Américo Brasiliense,SP,0,258.0489,4.6185,0.751,0.701,0.709,0.852,0.39,659.67,0.96,6.89,34.52,4.24,99.243
3501806,Américo de Campos,SP,0,488.1177,3.7776,0.745,0.708,0.715,0.817,0.43,686.56,0.39,7.88,31.68,7.49,83.9117
3501905,Amparo,SP,0,98.5489,4.8642,0.785,0.711,0.78,0.871,0.5,1027.6,0.19,4.7,42.34,13.21,78.7054
3502002,Analândia,SP,0,195.12,3.7088,0.754,0.668,0.745,0.861,0.53,823.33,0.88,6.61,37.34,10.52,79.385
3502101,Andradina,SP,0,576.8309,4.7577,0.779,0.702,0.762,0.885,0.51,919.36,1.17,5.88,39.46,12.21,93.3404
3502200,Angatuba,SP,0,187.4515,4.4103,0.719,0.648,0.693,0.827,0.45,597.99,1.55,6.63,29.59,8.44,71.828
3502309,Anhembi,SP,0,181.2693,3.8395,0.721,0.637,0.681,0.863,0.42,554.16,0.11,6.54,27.68,6.79,75.5528
3502408,Anhumas,SP,0,513.0779,3.6203,0.741,0.706,0.683,0.845,0.42,561.82,1.75,7.91,34.88,7.18,81.8352
3502507,Aparecida,SP,0,158.6693,4.5588,0.755,0.706,0.735,0.828,0.46,775.17,0.49,3.43,43.85,12.82,98.546
3502606,Aparecida d'Oeste,SP,0,563.8354,3.6151,0.721,0.67,0.697,0.804,0.47,611.22,3.12,12.12,29.39,7.6,81.9101
3502705,Apiaí,SP,0,254.1397,4.3817,0.71,0.647,0.662,0.835,0.55,492.43,8.82,7.62,31.41,6.42,72.3195
3502754,Araçariguama,SP,0,53.3386,4.3682,0.704,0.597,0.717,0.814,0.46,691.69,0.57,6.72,28.42,7.47,100.0
3502804,Araçatuba,SP,0,476.6108,5.2993,0.788,0.744,0.782,0.841,0.52,1036.09,0.63,3.83,44.93,15.88,98.0714
3502903,Araçoiaba da Serra,SP,0,103.877,4.5489,0.776,0.723,0.751,0.86,0.52,853.87,1.07,4.9,38.3,10.25,68.7351
3503000,Aramina,SP,0,406.5154,3.755,0.74,0.656,0.723,0.856,0.43,721.56,0.48,6.2,33.24,8.08,93.4783
3503109,Arandu,SP,0,257.7912,3.8043,0.685,0.592,0.675,0.806,0.39,535.27,0.4,8.71,27.73,4.38,75.3552
3503158,Arapeí,SP,0,238.6442,3.3895,0.68,0.612,0.634,0.812,0.39,414.19,3.75,7.68,30.61,3.99,75.2106
3503208,Araraquara,SP,0,257.1472,5.3812,0.815,0.782,0.788,0.877,0.5,1080.66,0.53,3.61,51.79,17.54,97.1571
3503307,Araras,SP,0,158.3715,5.1359,0.781,0.728,0.763,0.859,0.47,921.76,0.51,4.75,44.17,13.72,94.6156
3503356,Arco-Íris,SP,0,446.5594,3.2443,0.722,0.694,0.671,0.809,0.4,520.01,2.07,15.3,31.98,4.91,56.987
3503406,Arealva,SP,0,295.7186,3.9378,0.744,0.683,0.718,0.84,0.45,697.3,1.15,7.39,31.2,7.31,78.7655
3503505,Areias,SP,0,220.5251,3.5917,0.697,0.672,0.627,0.803,0.44,396.78,3.87,8.44,29.85,5.32,67.0455
3503604,Areiópolis,SP,0,236.1708,4.0487,0.695,0.594,0.686,0.823,0.36,570.09,0.65,10.33,25.88,4.11,88.8647
3503703,Ariranha,SP,0,349.4383,3.9935,0.733,0.663,0.73,0.813,0.4,751.35,0.47,7.87,29.64,6.83,94.6999
3503802,Artur Nogueira,SP,0,126.3259,4.7501,0.749,0.681,0.745,0.827,0.46,823.24,0.43,5.55,35.78,7.95,90.5403
3503901,Arujá,SP,0,31.8346,4.9659,0.784,0.73,0.761,0.866,0.56,910.67,1.89,4.91,44.65,11.44,96.0096
3503950,Aspásia,SP,0,572.3733,3.2589,0.735,0.657,0.699,0.864,0.44,619.43,1.71,13.16,29.28,5.98,69.4859
3504008,Assis,SP,0,406.074,5.0244,0.805,0.781,0.771,0.865,0.5,967.39,0.33,4.11,52.16,17.67,95.635
3504107,Atibaia,SP,0,50.182,5.1625,0.765,0.67,0.786,0.851,0.53,1063.52,0.95,4.92,38.32,14.24,91.016
3504206,Auriflama,SP,0,520.4477,4.1851,0.773,0.738,0.746,0.84,0.47,829.68,0.27,7.43,40.12,11.09,91.1703
3504305,Avaí,SP,0,323.9399,3.7377,0.714,0.65,0.674,0.83,0.47,531.2,4.44,7.86,27.4,5.07,67.1506
3504404,Avanhandava,SP,0,418.1343,4.1481,0.705,0.623,0.688,0.817,0.42,579.71,1.36,8.75,26.28,5.8,84.5535
3504503,Avaré,SP,0,245.7068,4.9628,0.767,0.695,0.751,0.866,0.47,854.42,1.08,4.81,40.32,14.15,95.7279
3504602,Bady Bassitt,SP,0,417.7013,4.2556,0.746,0.701,0.737,0.805,0.36,783.57,0.06,3.9,40.98,9.93,93.5356
3504701,Balbinos,SP,0,340.5031,3.7872,0.669,0.537,0.69,0.809,0.38,586.02,0.0,10.68,17.25,1.27,32.1718
3504800,Bálsamo,SP,0,441.5395,3.9642,0.756,0.695,0.746,0.835,0.44,832.51,0.47,7.59,34.94,8.88,91.5931
3504909,Bananal,SP,0,249.9546,4.0429,0.733,0.653,0.693,0.872,0.51,595.74,2.06,8.02,34.57,9.08,79.7907
3505005,Barão de Antonina,SP,0,305.3176,3.5472,0.711,0.649,0.676,0.82,0.47,536.63,2.53,9.32,24.09,5.62,61.3928
3505104,Barbosa,SP,0,432.2396,3.8769,0.699,0.599,0.676,0.843,0.4,536.37,0.45,9.96,26.13,5.67,84.5594
3505203,Bariri,SP,0,277.7794,4.5544,0.75,0.662,0.736,0.867,0.42,781.34,0.25,5.85,32.59,9.67,94.8786
3505302,Barra Bonita,SP,0,236.4492,4.5578,0.788,0.739,0.762,0.869,0.45,915.28,0.3,5.58,42.97,12.37,97.9033
3505351,Barra do Chapéu,SP,0,269.0048,3.763,0.66,0.599,0.617,0.779,0.54,370.97,11.7,12.26,23.78,3.4,29.4432
3505401,Barra do Turvo,SP,0,236.6048,3.8812,0.641,0.532,0.625,0.792,0.5,390.88,10.59,17.1,16.58,5.39,41.0661
3505500,Barretos,SP,0,392.7834,5.0918,0.789,0.738,0.762,0.875,0.48,917.0,0.64,4.01,45.4,13.21,96.9536
3505609,Barrinha,SP,0,310.7778,4.5255,0.725,0.646,0.711,0.829,0.4,668.32,1.02,8.41,27.94,6.24,98.8911
3505708,Barueri,SP,0,31.6925,5.4467,0.786,0.708,0.791,0.866,0.61,1095.84,1.54,4.04,44.23,12.18,100.0
3505807,Bastos,SP,0,464.6111,4.3212,0.751,0.718,0.696,0.848,0.41,609.76,1.28,6.84,36.96,9.02,86.1237
3505906,Batatais,SP,0,315.3285,4.8023,0.761,0.685,0.766,0.84,0.5,941.79,0.96,4.98,38.93,13.37,88.4358
3506003,Bauru,SP,0,292.0094,5.5817,0.801,0.752,0.8,0.854,0.55,1163.86,1.08,3.08,50.0,17.7,98.3273
3506102,Bebedouro,SP,0,351.0242,4.8899,0.78,0.735,0.756,0.853,0.51,881.64,0.59,4.82,41.96,13.25,95.2929
3506201,Bento de Abreu,SP,0,505.314,3.4812,0.744,0.712,0.706,0.82,0.38,647.1,1.29,7.87,39.26,5.9,91.3987
3506300,Bernardino de Campos,SP,0,302.8822,4.048,0.734,0.662,0.713,0.838,0.45,676.6,0.2,6.19,34.03,9.75,89.6334
3506359,Bertioga,SP,0,54.4675,4.8206,0.73,0.654,0.727,0.817,0.48,736.03,1.44,5.46,34.58,8.34,98.3671
3506409,Bilac,SP,0,468.3436,3.9137,0.768,0.722,0.743,0.845,0.43,816.06,0.85,7.76,41.9,11.94,91.9552
3506508,Birigui,SP,0,462.6231,5.1007,0.78,0.734,0.743,0.869,0.42,812.51,0.35,4.5,41.39,11.5,97.0192
3506607,Biritiba-Mirim,SP,0,53.934,4.522,0.712,0.64,0.71,0.795,0.53,662.23,1.08,8.79,32.58,4.87,85.8268
3506706,Boa Esperança do Sul,SP,0,255.905,4.1793,0.681,0.562,0.692,0.811,0.44,593.36,2.06,10.63,23.48,5.01,89.2928
3506805,Bocaina,SP,0,255.6023,4.0994,0.742,0.656,0.741,0.84,0.42,805.99,0.03,6.37,34.72,10.15,92.1448
3506904,Bofete,SP,0,180.0889,4.083,0.705,0.609,0.7,0.821,0.46,622.11,2.45,8.12,26.97,8.59,63.7555
3507001,Boituva,SP,0,116.742,4.8015,0.78,0.728,0.757,0.861,0.49,889.51,0.94,4.93,40.69,12.09,94.068
3507100,Bom Jesus dos Perdões,SP,0,49.6872,4.4233,0.713,0.631,0.716,0.802,0.41,688.02,1.64,6.35,32.95,6.59,88.1672
3507159,Bom Sucesso de Itararé,SP,0,274.5224,3.6035,0.66,0.613,0.605,0.775,0.44,344.32,6.02,11.33,22.07,4.4,68.0482
3507209,Borá,SP,0,431.8352,2.9238,0.746,0.675,0.712,0.863,0.4,670.27,1.86,9.58,39.38,4.77,77.8882
3507308,Boracéia,SP,0,273.037,3.6913,0.754,0.685,0.723,0.866,0.38,719.42,0.0,7.64,33.46,6.04,89.6673
3507407,Borborema,SP,0,335.8465,4.2116,0.73,0.658,0.71,0.831,0.42,664.64,1.0,8.16,30.18,6.66,90.1301
3507456,Borebi,SP,0,269.6209,3.4334,0.705,0.615,0.674,0.846,0.39,529.08,1.38,9.25,29.93,3.91,87.222
3507506,Botucatu,SP,0,205.5392,5.1753,0.8,0.746,0.79,0.869,0.54,1089.1,0.74,4.11,50.5,18.8,96.348
3507605,Bragança Paulista,SP,0,67.944,5.2364,0.776,0.704,0.772,0.861,0.52,974.08,0.7,4.37,44.76,14.93,96.9409
3507704,Braúna,SP,0,448.2444,3.7631,0.737,0.664,0.725,0.83,0.43,726.71,0.33,8.97,29.47,8.42,87.4328
3507753,Brejo Alegre,SP,0,457.8004,3.464,0.71,0.618,0.702,0.826,0.39,631.02,0.96,11.7,26.74,5.53,82.0054
3507803,Brodowski,SP,0,307.5872,4.4083,0.755,0.675,0.738,0.864,0.44,787.91,0.0,4.14,35.21,10.56,97.5837
3507902,Brotas,SP,0,213.7542,4.3955,0.74,0.688,0.724,0.815,0.41,722.76,0.78,6.52,33.87,8.37,86.1863
3508009,Buri,SP,0,208.0164,4.3021,0.667,0.578,0.642,0.799,0.5,435.15,4.69,9.31,25.0,6.01,80.7628
3508108,Buritama,SP,0,461.2935,4.2409,0.763,0.72,0.736,0.839,0.44,779.78,0.38,8.71,38.78,9.99,94.2146
3508207,Buritizal,SP,0,393.1511,3.6577,0.735,0.643,0.743,0.83,0.46,817.16,0.44,5.8,30.06,11.05,81.5692
3508306,Cabrália Paulista,SP,0,308.5514,3.6255,0.694,0.619,0.667,0.811,0.4,507.41,0.58,9.67,26.41,4.96,86.5292
3508405,Cabreúva,SP,0,64.0652,4.7087,0.738,0.678,0.717,0.828,0.42,694.03,1.12,6.22,32.66,5.57,84.7539
3508504,Caçapava,SP,0,102.2293,4.9811,0.788,0.755,0.754,0.858,0.5,871.87,0.97,4.16,48.61,12.45,85.5638
3508603,Cachoeira Paulista,SP,0,188.4586,4.5293,0.764,0.728,0.733,0.837,0.52,764.6,1.2,4.18,48.13,12.97,81.659
3508702,Caconde,SP,0,226.8233,4.2795,0.72,0.62,0.701,0.858,0.5,627.0,1.17,7.79,30.25,8.71,68.1789
3508801,Cafelândia,SP,0,367.163,4.2533,0.742,0.661,0.714,0.867,0.46,680.71,1.14,7.1,33.41,9.11,86.867
3508900,Caiabu,SP,0,508.5444,3.6227,0.729,0.691,0.682,0.823,0.37,559.13,1.3,12.48,37.47,2.59,81.4096
3509007,Caieiras,SP,0,28.8955,5.0172,0.781,0.749,0.74,0.861,0.47,800.15,1.01,3.93,48.56,11.05,97.5234
3509106,Caiuá,SP,0,588.2096,3.7794,0.697,0.635,0.665,0.802,0.45,500.47,4.02,11.71,26.79,4.87,38.3013
3509205,Cajamar,SP,0,39.2819,4.8978,0.728,0.668,0.713,0.81,0.43,676.5,3.14,5.19,37.9,6.52,97.9864
3509254,Cajati,SP,0,202.1192,4.4539,0.694,0.611,0.658,0.832,0.47,481.48,5.14,9.94,28.04,6.18,73.0297
3509304,Cajobi,SP,0,377.4819,4.0273,0.734,0.674,0.714,0.822,0.4,679.75,0.0,7.82,32.27,8.59,93.4992
3509403,Cajuru,SP,0,265.8576,4.4251,0.713,0.633,0.693,0.825,0.4,597.11,1.75,5.97,30.78,9.52,88.9778
3509452,Campina do Monte Alegre,SP,0,194.6642,3.7845,0.717,0.634,0.687,0.846,0.53,575.66,2.15,8.28,28.91,5.63,84.6057
3509502,Campinas,SP,0,88.8302,6.0875,0.805,0.731,0.829,0.86,0.56,1390.83,1.06,3.26,50.47,21.31,98.2805
3509601,Campo Limpo Paulista,SP,0,44.4332,4.9365,0.769,0.739,0.733,0.84,0.43,767.85,1.19,4.22,45.55,8.13,100.0
3509700,Campos do Jordão,SP,0,136.1067,4.7219,0.749,0.648,0.761,0.852,0.59,911.4,1.63,4.41,31.19,8.6,99.3764
3509809,Campos Novos Paulista,SP,0,367.113,3.7014,0.706,0.638,0.67,0.824,0.43,516.26,1.77,9.98,29.75,7.72,77.7264
3509908,Cananéia,SP,0,211.9496,4.0984,0.72,0.649,0.677,0.851,0.49,540.54,5.67,7.42,33.33,5.77,85.3591
3509957,Canas,SP,0,182.9001,3.7216,0.704,0.677,0.646,0.797,0.43,444.72,2.19,6.15,34.78,4.17,92.8164
3510005,Cândido Mota,SP,0,400.8415,4.4971,0.747,0.704,0.701,0.845,0.41,627.55,0.74,6.94,35.02,7.34,94.0169
3510104,Cândido Rodrigues,SP,0,327.5279,3.4479,0.789,0.762,0.747,0.863,0.48,837.17,0.21,8.62,37.74,5.93,80.6972
3510153,Canitar,SP,0,334.1627,3.7296,0.68,0.605,0.658,0.791,0.4,480.52,2.06,10.35,27.13,3.59,94.7127
3510203,Capão Bonito,SP,0,187.6897,4.673,0.721,0.671,0.675,0.826,0.5,534.75,4.62,9.06,33.36,7.66,81.9091
3510302,Capela do Alto,SP,0,119.3489,4.3275,0.699,0.617,0.673,0.823,0.4,526.28,1.59,7.0,27.18,4.84,82.8314
3510401,Capivari,SP,0,114.2148,4.7557,0.75,0.669,0.744,0.848,0.46,820.46,0.44,5.0,37.13,10.24,94.4993
3510500,Caraguatatuba,SP,0,118.3142,5.0976,0.759,0.705,0.735,0.845,0.5,773.99,1.67,4.7,42.61,11.27,95.8677
3510609,Carapicuíba,SP,0,27.8602,5.6079,0.749,0.693,0.721,0.842,0.46,712.78,1.77,4.36,40.07,7.21,100.0
3510708,Cardoso,SP,0,519.0584,4.0924,0.722,0.636,0.695,0.853,0.42,605.99,1.72,9.11,29.42,8.31,90.8937
3510807,Casa Branca,SP,0,205.7206,4.4865,0.73,0.64,0.727,0.835,0.49,737.96,1.19,5.02,36.61,11.51,81.796
3510906,Cássia dos Coqueiros,SP,0,261.0946,3.3959,0.734,0.673,0.68,0.864,0.43,551.4,0.53,10.11,31.93,7.31,68.1473
3511003,Castilho,SP,0,588.3247,4.3329,0.731,0.686,0.688,0.827,0.46,579.36,5.66,8.67,36.0,9.69,75.4652
3511102,Catanduva,SP,0,366.1445,5.0903,0.785,0.74,0.767,0.853,0.46,945.05,0.62,4.67,43.6,14.86,99.197
3511201,Catiguá,SP,0,379.3441,3.8979,0.751,0.676,0.734,0.852,0.43,771.78,0.17,9.05,31.1,3.95,92.1706
3511300,Cedral,SP,0,406.2494,3.9755,0.766,0.689,0.749,0.872,0.42,845.41,1.06,6.31,39.27,11.16,79.1144
3511409,Cerqueira César,SP,0,271.5424,4.3094,0.729,0.666,0.71,0.821,0.43,665.36,0.68,6.67,36.52,9.52,89.6418
3511508,Cerquilho,SP,0,127.1171,4.7044,0.782,0.739,0.758,0.854,0.42,894.52,0.21,3.56,41.23,9.92,94.8255
3511607,Cesário Lange,SP,0,146.0651,4.2694,0.706,0.611,0.715,0.804,0.43,684.95,0.75,5.45,31.68,7.0,67.5161
3511706,Charqueada,SP,0,170.4827,4.244,0.736,0.675,0.72,0.82,0.4,705.01,0.76,7.03,33.12,6.69,90.7259
3511904,Clementina,SP,0,456.621,3.9491,0.725,0.66,0.704,0.821,0.37,640.87,0.54,9.14,32.39,7.64,95.3149
3512001,Colina,SP,0,376.1136,4.2695,0.757,0.712,0.72,0.845,0.46,706.69,0.91,6.2,38.19,10.16,93.3913
3512100,Colômbia,SP,0,436.2205,3.794,0.71,0.647,0.689,0.802,0.4,582.53,1.35,9.95,31.9,4.32,72.2723
3512209,Conchal,SP,0,150.8429,4.4547,0.708,0.614,0.699,0.827,0.43,617.76,1.72,9.63,29.22,5.88,94.4905
3512308,Conchas,SP,0,159.4239,4.2586,0.736,0.658,0.725,0.837,0.49,730.42,1.01,5.63,33.16,10.14,81.0228
3512407,Cordeirópolis,SP,0,151.0954,4.4,0.758,0.674,0.754,0.858,0.44,873.87,0.7,4.78,36.68,10.32,89.8197
3512506,Coroados,SP,0,454.3361,3.7922,0.719,0.648,0.704,0.816,0.39,638.21,0.44,6.84,28.57,8.31,80.9851
3512605,Coronel Macedo,SP,0,280.15,3.6619,0.69,0.619,0.653,0.811,0.45,465.29,4.13,12.67,22.73,3.83,77.2845
3512704,Corumbataí,SP,0,184.8938,3.6098,0.754,0.7,0.728,0.841,0.48,741.32,1.04,7.03,32.74,6.18,54.0268
3512803,Cosmópolis,SP,0,120.8537,4.8731,0.769,0.697,0.746,0.876,0.42,829.25,1.03,4.83,38.59,7.25,92.8723
3512902,Cosmorama,SP,0,476.8914,3.8627,0.722,0.63,0.705,0.849,0.4,643.1,1.38,9.08,30.74,7.21,68.5473
3513009,Cotia,SP,0,37.0537,5.4114,0.78,0.707,0.789,0.851,0.57,1085.66,1.43,4.42,44.47,15.62,100.0
3513108,Cravinhos,SP,0,274.8054,4.5546,0.756,0.683,0.737,0.857,0.42,784.4,1.08,6.38,37.06,7.7,97.5103
3513207,Cristais Paulista,SP,0,362.7508,3.9446,0.734,0.682,0.723,0.802,0.48,721.31,0.19,8.0,35.03,8.31,72.8519
3513306,Cruzália,SP,0,441.319,3.3056,0.774,0.778,0.698,0.853,0.43,614.17,1.23,7.63,45.1,6.05,66.4028
3513405,Cruzeiro,SP,0,197.9644,4.9185,0.788,0.758,0.742,0.871,0.53,809.24,2.84,2.86,49.91,12.56,97.4519
3513504,Cubatão,SP,0,38.3724,5.1223,0.737,0.681,0.716,0.821,0.45,689.21,2.36,5.32,41.6,6.71,100.0
3513603,Cunha,SP,0,173.5106,4.3299,0.684,0.576,0.672,0.826,0.54,525.19,3.96,10.45,22.67,7.45,55.6435
3513702,Descalvado,SP,0,213.5451,4.5327,0.76,0.687,0.74,0.865,0.45,798.74,0.91,5.5,36.59,12.04,89.2324
3513801,Diadema,SP,0,14.5912,5.633,0.757,0.716,0.717,0.844,0.43,694.55,1.44,4.36,42.16,7.12,100.0
3513850,Dirce Reis,SP,0,540.4181,3.2565,0.741,0.704,0.686,0.842,0.37,570.51,2.06,13.9,32.8,7.39,75.7253
3513900,Divinolândia,SP,0,212.5992,4.0425,0.734,0.645,0.72,0.85,0.48,707.97,0.67,6.32,27.2,8.3,66.9165
3514007,Dobrada,SP,0,295.6389,3.9585,0.718,0.655,0.691,0.818,0.38,589.47,0.75,15.11,30.68,6.63,97.7705
3514106,Dois Córregos,SP,0,228.5399,4.4425,0.725,0.616,0.725,0.853,0.46,727.28,0.63,8.26,30.43,8.01,94.6892
3514205,Dolcinópolis,SP,0,558.925,3.3239,0.742,0.709,0.699,0.825,0.36,620.98,0.0,12.23,34.72,8.82,92.9866
3514304,Dourado,SP,0,241.1486,3.9486,0.738,0.689,0.718,0.811,0.37,697.37,0.39,7.76,35.12,6.87,91.4043
3514403,Dracena,SP,0,559.8292,4.6747,0.776,0.737,0.752,0.842,0.44,862.86,0.1,5.88,41.48,15.56,92.3436
3514502,Duartina,SP,0,317.1912,4.0942,0.748,0.698,0.716,0.837,0.43,688.4,0.42,6.86,36.64,9.85,89.7641
3514601,Dumont,SP,0,296.7873,4.0075,0.744,0.674,0.72,0.849,0.39,705.3,0.0,7.21,34.16,7.1,96.4509
3514700,Echaporã,SP,0,393.2984,3.78,0.745,0.69,0.719,0.834,0.53,703.55,1.63,9.8,35.78,9.52,79.6455
3514809,Eldorado,SP,0,188.6111,4.1929,0.691,0.615,0.633,0.847,0.49,411.0,6.08,11.23,28.04,7.06,49.2111
3514908,Elias Fausto,SP,0,100.9333,4.2576,0.695,0.583,0.701,0.822,0.42,625.66,2.42,7.41,21.26,4.81,79.607
3514924,Elisiário,SP,0,373.6589,3.5731,0.747,0.712,0.711,0.825,0.33,666.93,0.0,9.82,29.43,3.05,91.6026
3514957,Embaúba,SP,0,369.8292,3.3885,0.73,0.641,0.723,0.84,0.36,717.97,0.27,8.15,30.33,3.1,85.0186
3515004,Embu das Artes,SP,0,29.9276,5.446,0.735,0.676,0.7,0.839,0.45,622.77,1.58,4.96,35.37,5.58,100.0
3515103,Embu-Guaçu,SP,0,38.6742,4.8476,0.749,0.708,0.713,0.834,0.5,676.52,2.89,6.07,39.64,7.51,97.3331
3515129,Emilianópolis,SP,0,539.36,3.5103,0.727,0.691,0.69,0.805,0.38,584.76,1.08,11.55,35.1,5.43,82.6821
3515152,Engenheiro Coelho,SP,0,136.5493,4.3367,0.732,0.668,0.72,0.815,0.45,707.37,1.57,8.78,37.2,10.75,73.1378
3515186,Espírito Santo do Pinhal,SP,0,153.4266,4.6494,0.787,0.712,0.784,0.872,0.57,1048.6,0.35,5.71,38.4,14.06,88.8754
3515194,Espírito Santo do Turvo,SP,0,308.0579,3.6925,0.696,0.609,0.675,0.819,0.38,533.76,0.55,8.88,25.89,3.35,85.5325
3515202,Estrela d'Oeste,SP,0,538.0974,3.9253,0.76,0.705,0.712,0.873,0.39,670.65,0.66,8.21,36.84,10.24,83.2237
3515301,Estrela do Norte,SP,0,534.8028,3.4431,0.74,0.714,0.693,0.818,0.43,597.74,1.45,9.33,38.28,4.47,78.9691
3515350,Euclides da Cunha Paulista,SP,0,626.1004,3.9675,0.704,0.655,0.663,0.802,0.45,493.91,5.16,13.78,33.54,6.99,63.7559
3515400,Fartura,SP,0,300.6688,4.2069,0.732,0.648,0.699,0.867,0.43,618.77,1.47,6.3,33.52,8.35,79.8825
3515509,Fernandópolis,SP,0,526.6217,4.8431,0.797,0.758,0.767,0.872,0.49,944.0,0.35,5.91,44.22,16.42,96.9364
3515608,Fernando Prestes,SP,0,336.1328,3.7638,0.758,0.68,0.746,0.859,0.41,832.72,0.42,7.79,35.43,7.57,84.8934
3515657,Fernão,SP,0,330.5011,3.2403,0.703,0.617,0.668,0.843,0.4,510.09,1.21,8.55,21.31,3.73,54.3826
3515707,Ferraz de Vasconcelos,SP,0,20.9743,5.2981,0.738,0.703,0.691,0.828,0.43,587.83,2.02,4.91,38.83,5.21,95.5129
3515806,Flora Rica,SP,0,536.7251,3.1452,0.727,0.723,0.668,0.796,0.4,511.8,1.22,14.41,36.8,9.21,80.9361
3515905,Floreal,SP,0,488.9766,3.46,0.747,0.726,0.71,0.808,0.37,663.83,0.37,8.79,36.05,10.63,81.2188
3516002,Flórida Paulista,SP,0,519.6457,4.1742,0.715,0.646,0.702,0.807,0.41,632.97,2.01,10.22,23.8,5.43,78.8994
3516101,Florínea,SP,0,430.8361,3.4201,0.713,0.652,0.678,0.82,0.46,544.03,5.44,9.29,20.58,8.05,88.7946
3516200,Franca,SP,0,347.7946,5.5545,0.78,0.753,0.749,0.842,0.46,846.57,0.65,3.44,44.49,13.15,98.2444
3516309,Francisco Morato,SP,0,36.3973,5.2538,0.703,0.647,0.659,0.815,0.4,483.98,2.75,6.94,30.11,2.8,99.7967
3516408,Franco da Rocha,SP,0,31.8274,5.1999,0.731,0.654,0.702,0.852,0.44,632.42,1.75,5.97,35.12,5.81,92.1279
3516507,Gabriel Monteiro,SP,0,467.7835,3.4434,0.763,0.762,0.721,0.809,0.37,712.72,0.59,8.88,42.33,9.4,83.3456
3516606,Gália,SP,0,336.5701,3.8075,0.709,0.634,0.684,0.823,0.42,565.41,1.79,10.6,28.16,6.47,74.5257
3516705,Garça,SP,0,350.2756,4.6477,0.769,0.728,0.737,0.849,0.5,786.83,1.23,7.33,40.01,12.64,90.9011
3516804,Gastão Vidigal,SP,0,483.6215,3.6912,0.723,0.635,0.727,0.817,0.42,736.47,1.23,9.57,27.46,8.67,89.5779
3516853,Gavião Peixoto,SP,0,275.4411,3.6849,0.719,0.676,0.687,0.802,0.35,575.08,1.0,8.83,28.46,4.01,80.9007
3516903,General Salgado,SP,0,507.7957,4.0356,0.747,0.702,0.734,0.808,0.45,771.92,0.5,8.0,36.21,12.7,85.1439
3517000,Getulina,SP,0,396.6871,4.0601,0.717,0.652,0.696,0.813,0.45,608.58,1.76,9.11,29.85,6.35,77.4176
3517109,Glicério,SP,0,445.9504,3.685,0.735,0.63,0.735,0.858,0.52,777.37,0.13,8.85,28.12,5.53,73.6473
3517208,Guaiçara,SP,0,395.7386,4.094,0.739,0.679,0.697,0.853,0.38,610.2,1.15,6.76,36.03,6.62,90.8529
3517307,Guaimbê,SP,0,387.6931,3.7639,0.728,0.689,0.675,0.83,0.4,532.14,0.47,11.33,33.5,5.93,87.3733
3517406,Guaíra,SP,0,403.3873,4.6158,0.753,0.683,0.759,0.824,0.53,901.23,1.58,5.59,34.73,9.28,96.4041
3517505,Guapiaçu,SP,0,411.4521,4.3441,0.725,0.605,0.728,0.866,0.41,741.42,0.24,7.02,28.34,7.77,88.4493
3517604,Guapiara,SP,0,210.4415,4.2278,0.675,0.602,0.634,0.806,0.55,412.51,11.13,12.68,22.17,3.48,40.1878
3517703,Guará,SP,0,372.3015,4.3303,0.718,0.63,0.71,0.826,0.49,664.56,3.03,9.53,30.51,8.85,96.8023
3517802,Guaraçaí,SP,0,554.1613,3.9169,0.719,0.663,0.699,0.803,0.42,619.41,1.59,8.93,33.17,8.09,78.8856
3517901,Guaraci,SP,0,419.863,4.0562,0.737,0.682,0.698,0.84,0.42,615.78,1.27,8.25,37.41,10.49,89.4848
3518008,Guarani d'Oeste,SP,0,549.7365,3.3002,0.732,0.714,0.682,0.806,0.4,557.58,0.99,11.01,35.91,7.37,88.0711
3518107,Guarantã,SP,0,361.6265,3.8251,0.713,0.623,0.698,0.832,0.48,615.97,1.08,9.96,28.5,5.09,85.2904
3518206,Guararapes,SP,0,491.3199,4.5219,0.763,0.726,0.727,0.84,0.43,739.89,0.37,6.76,37.19,10.59,92.5516
3518305,Guararema,SP,0,56.5698,4.4838,0.731,0.656,0.729,0.817,0.47,748.79,1.73,7.17,38.14,10.21,86.0548
3518404,Guaratinguetá,SP,0,163.7474,5.0906,0.798,0.751,0.764,0.886,0.54,926.78,1.52,2.91,50.02,15.99,95.262
3518503,Guareí,SP,0,166.0462,4.2843,0.687,0.583,0.692,0.805,0.44,594.42,0.66,7.67,19.54,4.59,57.7618
3518602,Guariba,SP,0,299.2918,4.6113,0.719,0.645,0.712,0.811,0.43,671.34,1.27,9.91,33.45,6.8,97.9203
3518701,Guarujá,SP,0,57.7201,5.5119,0.751,0.679,0.729,0.854,0.5,745.0,2.25,5.1,39.65,8.67,99.9807
3518800,Guarulhos,SP,0,11.7024,6.1476,0.763,0.717,0.746,0.831,0.51,829.91,1.95,4.1,43.53,11.21,100.0
3518859,Guatapará,SP,0,275.6277,3.8899,0.743,0.688,0.724,0.822,0.53,723.83,2.59,9.85,29.89,5.56,73.4424
3518909,Guzolândia,SP,0,531.7717,3.728,0.697,0.621,0.676,0.808,0.41,537.05,0.92,13.6,27.6,5.43,84.5814
3519006,Herculândia,SP,0,427.996,3.9845,0.727,0.698,0.68,0.809,0.44,549.27,1.53,9.02,31.5,6.93,91.0879
3519055,Holambra,SP,0,114.4291,4.1933,0.793,0.698,0.815,0.878,0.54,1274.53,1.7,5.42,42.79,17.0,72.4312
3519071,Hortolândia,SP,0,103.1364,5.3758,0.756,0.703,0.716,0.859,0.41,686.96,0.82,4.65,38.4,5.85,100.0
3519105,Iacanga,SP,0,312.5015,4.0793,0.745,0.675,0.721,0.851,0.4,712.15,0.64,6.9,34.05,8.91,87.1467
3519204,Iacri,SP,0,463.3686,3.7972,0.733,0.655,0.701,0.857,0.44,628.14,1.58,9.81,26.54,6.48,78.6727
3519253,Iaras,SP,0,275.3165,3.9906,0.674,0.543,0.664,0.848,0.52,497.81,14.84,7.47,19.53,4.02,44.495
3519303,Ibaté,SP,0,231.6845,4.5542,0.703,0.627,0.681,0.814,0.37,552.79,0.89,7.33,27.83,4.07,96.0109
3519402,Ibirá,SP,0,389.5983,4.1017,0.74,0.65,0.741,0.841,0.48,803.36,0.88,8.55,31.97,7.69,92.1898
3519501,Ibirarema,SP,0,368.2571,3.8991,0.708,0.628,0.692,0.817,0.43,593.7,2.49,6.83,29.94,7.78,92.3717
3519600,Ibitinga,SP,0,306.8573,4.7864,0.747,0.667,0.738,0.846,0.43,791.99,0.42,5.47,32.72,9.01,96.0476
3519709,Ibiúna,SP,0,66.9124,4.9034,0.71,0.614,0.7,0.832,0.48,624.55,1.94,8.7,28.11,6.43,35.0099
3519808,Icém,SP,0,449.2282,3.9224,0.72,0.646,0.716,0.806,0.45,690.78,1.11,6.92,35.95,8.95,85.8215
3519907,Iepê,SP,0,471.7397,3.9153,0.736,0.7,0.7,0.814,0.44,623.96,1.84,8.27,38.03,8.3,88.7913
3520004,Igaraçu do Tietê,SP,0,234.7721,4.3948,0.727,0.664,0.691,0.838,0.36,590.77,0.68,9.52,30.4,5.45,99.4264
3520103,Igarapava,SP,0,410.7644,4.4884,0.768,0.671,0.809,0.835,0.67,1228.09,1.17,8.14,34.41,10.68,94.3117
3520202,Igaratá,SP,0,58.4041,3.9837,0.711,0.616,0.683,0.855,0.41,561.31,0.78,9.96,23.81,5.02,79.3228
3520301,Iguape,SP,0,161.247,4.493,0.726,0.653,0.691,0.847,0.55,588.36,6.09,7.99,32.02,9.05,85.5969
3520400,Ilhabela,SP,0,126.2831,4.5586,0.756,0.693,0.739,0.843,0.49,794.57,1.28,5.22,40.86,10.85,99.312
3520426,Ilha Comprida,SP,0,164.1482,4.0627,0.725,0.666,0.696,0.823,0.46,608.83,2.1,5.04,32.07,6.67,100.0
3520442,Ilha Solteira,SP,0,603.284,4.4295,0.812,0.782,0.786,0.871,0.48,1063.04,0.76,4.28,50.32,18.87,93.8398
3520509,Indaiatuba,SP,0,84.9321,5.4161,0.788,0.738,0.791,0.837,0.47,1098.31,0.17,3.38,47.92,15.04,98.9946
3520608,Indiana,SP,0,504.0588,3.6878,0.761,0.733,0.714,0.843,0.45,681.29,1.18,6.59,37.97,6.59,85.5337
3520707,Indiaporã,SP,0,553.8145,3.5884,0.751,0.71,0.714,0.835,0.47,680.85,1.42,11.38,36.14,8.9,86.5744
3520806,Inúbia Paulista,SP,0,493.1223,3.6069,0.759,0.75,0.688,0.849,0.37,576.91,0.48,9.71,39.84,6.81,87.5207
3520905,Ipaussu,SP,0,317.3103,4.1808,0.727,0.65,0.713,0.828,0.48,677.42,0.34,7.02,32.5,6.82,92.132
3521002,Iperó,SP,0,116.7184,4.5885,0.719,0.672,0.68,0.814,0.4,551.75,2.19,5.04,34.33,4.64,61.7067
3521101,Ipeúna,SP,0,172.0858,3.8934,0.753,0.685,0.737,0.845,0.46,785.15,0.66,5.78,33.78,8.27,86.0705
3521150,Ipiguá,SP,0,434.3081,3.7448,0.73,0.666,0.696,0.839,0.36,608.53,1.34,6.93,27.34,3.52,60.4302
3521200,Iporanga,SP,0,234.1159,3.6212,0.703,0.668,0.637,0.816,0.53,421.14,9.62,12.59,34.28,5.5,55.8502
3521309,Ipuã,SP,0,378.234,4.2252,0.749,0.654,0.759,0.848,0.59,900.48,0.72,9.14,31.36,7.59,95.8581
3521408,Iracemápolis,SP,0,146.4979,4.3976,0.776,0.729,0.742,0.863,0.4,808.74,1.18,3.45,42.58,8.55,97.938
3521507,Irapuã,SP,0,387.2429,3.9085,0.713,0.624,0.688,0.844,0.36,579.58,0.13,10.08,26.35,5.75,89.1959
3521606,Irapuru,SP,0,538.7684,3.922,0.712,0.622,0.691,0.839,0.44,589.82,2.77,10.28,28.5,7.82,70.7023
3521705,Itaberá,SP,0,263.323,4.2407,0.693,0.636,0.652,0.803,0.5,462.03,7.14,8.68,27.06,5.75,67.9751
3521804,Itaí,SP,0,256.5575,4.4414,0.713,0.63,0.692,0.83,0.45,594.77,1.62,8.29,29.12,7.57,78.5238
3521903,Itajobi,SP,0,357.5517,4.1856,0.73,0.644,0.727,0.832,0.38,739.45,0.16,7.62,27.44,9.6,83.4158
3522000,Itaju,SP,0,288.8867,3.5952,0.705,0.613,0.696,0.823,0.37,609.08,0.69,7.64,25.38,5.5,72.7357
3522109,Itanhaém,SP,0,72.3644,5.0185,0.745,0.701,0.716,0.823,0.5,690.67,2.53,5.86,40.11,9.46,99.0638
3522158,Itaóca,SP,0,259.7904,3.5227,0.68,0.637,0.627,0.787,0.54,395.32,14.98,15.72,26.86,3.85,54.5229
3522208,Itapecerica da Serra,SP,0,32.9421,5.2542,0.742,0.687,0.699,0.852,0.45,619.82,1.82,5.62,36.42,6.19,99.1711
3522307,Itapetininga,SP,0,150.4146,5.223,0.763,0.705,0.728,0.864,0.49,741.64,1.29,4.63,41.4,13.25,90.7693
3522406,Itapeva,SP,0,239.2683,4.9788,0.732,0.697,0.702,0.803,0.53,630.48,2.5,6.22,39.06,10.56,84.2775
3522505,Itapevi,SP,0,37.0687,5.3876,0.735,0.677,0.687,0.855,0.45,575.72,2.72,5.38,36.39,4.76,100.0
3522604,Itapira,SP,0,128.3974,4.879,0.762,0.692,0.75,0.852,0.45,849.81,0.72,5.74,38.34,11.84,92.7616
3522653,Itapirapuã Paulista,SP,0,286.772,3.6329,0.661,0.594,0.595,0.816,0.53,323.42,12.86,12.98,24.99,4.05,48.7629
3522703,Itápolis,SP,0,318.0256,4.6388,0.744,0.667,0.738,0.836,0.45,787.75,0.36,6.96,30.33,10.15,90.6969
3522802,Itaporanga,SP,0,297.2231,4.1818,0.719,0.653,0.681,0.835,0.53,552.76,3.42,10.72,28.01,7.09,75.8334
3522901,Itapuí,SP,0,265.4663,4.1552,0.725,0.633,0.716,0.841,0.41,687.46,0.53,6.01,29.05,6.61,95.5393
3523008,Itapura,SP,0,604.0124,3.6984,0.72,0.673,0.682,0.813,0.45,556.29,2.78,11.44,31.16,5.2,79.9174
3523107,Itaquaquecetuba,SP,0,24.4702,5.5787,0.714,0.648,0.665,0.844,0.42,502.85,2.81,5.66,32.92,3.7,100.0
3523206,Itararé,SP,0,287.7387,4.7057,0.703,0.649,0.668,0.803,0.48,510.2,4.57,6.51,30.97,9.81,92.3562
3523305,Itariri,SP,0,101.3777,4.2493,0.677,0.577,0.642,0.837,0.5,434.58,6.88,9.3,24.66,4.95,63.855
3523404,Itatiba,SP,0,68.2441,5.0943,0.778,0.708,0.788,0.844,0.48,1080.74,0.27,3.87,41.56,13.08,84.4241
3523503,Itatinga,SP,0,214.8481,4.3251,0.706,0.61,0.685,0.841,0.43,568.58,0.9,8.08,31.17,6.68,90.9595
3523602,Itirapina,SP,0,194.1814,4.2697,0.724,0.636,0.734,0.813,0.48,772.14,1.38,8.64,29.9,6.64,90.1894
3523701,Itirapuã,SP,0,332.0517,3.8187,0.707,0.636,0.673,0.826,0.44,526.62,1.99,8.5,26.99,5.98,83.3446
3523800,Itobi,SP,0,207.9175,3.8955,0.717,0.646,0.697,0.82,0.41,611.41,0.32,8.23,31.19,5.72,90.114
3523909,Itu,SP,0,81.6451,5.2483,0.773,0.692,0.782,0.854,0.52,1038.14,0.49,4.42,44.08,14.37,93.5918
3524006,Itupeva,SP,0,67.626,4.8084,0.762,0.699,0.75,0.844,0.43,848.65,0.19,4.69,39.39,9.22,86.8388
3524105,Ituverava,SP,0,380.3299,4.6259,0.765,0.694,0.768,0.841,0.52,950.39,0.42,6.57,40.9,13.52,94.1465
3524204,Jaborandi,SP,0,372.2841,3.8428,0.711,0.627,0.679,0.845,0.39,548.22,0.21,7.79,28.68,5.94,93.5376
3524303,Jaboticabal,SP,0,313.8432,4.8923,0.778,0.71,0.778,0.851,0.52,1015.51,1.03,4.91,43.43,16.8,97.0207
3524402,Jacareí,SP,0,67.889,5.375,0.777,0.749,0.749,0.837,0.49,846.53,1.11,3.77,48.35,12.32,98.6189
3524501,Jaci,SP,0,429.5819,3.8646,0.723,0.659,0.7,0.818,0.35,624.57,0.23,9.1,31.75,5.54,86.1057
3524600,Jacupiranga,SP,0,192.3352,4.2531,0.717,0.644,0.687,0.832,0.53,574.52,4.13,9.24,32.43,8.66,54.4456
3524709,Jaguariúna,SP,0,104.5554,4.7776,0.784,0.715,0.782,0.862,0.49,1038.61,0.51,4.3,45.9,13.05,97.1158
3524808,Jales,SP,0,550.5405,4.6928,0.776,0.73,0.75,0.855,0.46,850.11,0.93,5.62,42.18,17.41,94.1015
3524907,Jambeiro,SP,0,95.905,3.8343,0.756,0.69,0.727,0.86,0.49,738.52,0.55,7.14,42.28,8.18,47.8781
3525003,Jandira,SP,0,34.3847,5.1063,0.76,0.706,0.738,0.841,0.48,792.33,0.84,4.44,42.9,8.74,100.0
3525102,Jardinópolis,SP,0,308.5292,4.6584,0.735,0.64,0.728,0.853,0.48,742.74,0.48,5.39,32.91,8.39,95.964
3525201,Jarinu,SP,0,54.4015,4.4938,0.733,0.659,0.723,0.826,0.45,718.61,0.52,7.14,32.46,7.42,77.2802
3525300,Jaú,SP,0,247.8434,5.186,0.778,0.693,0.768,0.886,0.45,951.17,0.46,4.69,39.16,13.03,96.8735
3525409,Jeriquara,SP,0,376.9032,3.4973,0.703,0.628,0.68,0.814,0.42,549.1,1.13,9.91,31.56,6.9,82.4684
3525508,Joanópolis,SP,0,77.0256,4.1288,0.699,0.585,0.707,0.824,0.43,650.99,0.98,7.8,25.56,7.9,100.0
3525607,João Ramalho,SP,0,454.1945,3.6606,0.741,0.71,0.701,0.818,0.42,627.59,1.5,11.27,34.18,6.22,85.3735
3525706,José Bonifácio,SP,0,425.2512,4.5764,0.777,0.717,0.752,0.869,0.45,863.34,0.42,5.92,37.12,9.89,90.6022
3525805,Júlio Mesquita,SP,0,372.6162,3.6834,0.716,0.686,0.659,0.813,0.41,482.86,3.3,11.88,33.68,7.7,95.1242
3525854,Jumirim,SP,0,136.4655,3.54,0.741,0.655,0.721,0.863,0.39,710.27,0.68,6.6,33.63,8.64,58.0057
3525904,Jundiaí,SP,0,53.0635,5.6304,0.822,0.768,0.834,0.866,0.53,1431.55,0.52,3.08,50.75,20.62,95.6982
3526001,Junqueirópolis,SP,0,549.282,4.3218,0.745,0.662,0.727,0.86,0.43,737.14,0.98,8.56,30.41,9.7,82.2333
3526100,Juquiá,SP,0,136.8553,4.2701,0.7,0.637,0.654,0.823,0.49,467.35,6.77,11.06,31.02,5.82,63.0728
3526209,Juquitiba,SP,0,66.2135,4.503,0.709,0.662,0.68,0.791,0.49,550.32,2.62,10.82,33.99,5.93,77.3915
3526308,Lagoinha,SP,0,150.6522,3.6886,0.693,0.609,0.686,0.797,0.48,573.28,2.57,10.56,26.05,6.12,64.8213
3526407,Laranjal Paulista,SP,0,141.0799,4.4631,0.729,0.639,0.732,0.829,0.41,760.58,0.56,4.76,34.54,9.76,89.5489
3526506,Lavínia,SP,0,531.5969,4.0997,0.721,0.655,0.698,0.82,0.38,614.14,1.94,7.88,27.3,3.77,48.8097
3526605,Lavrinhas,SP,0,204.3018,3.8669,0.729,0.707,0.665,0.823,0.55,500.59,8.15,6.33,38.99,6.57,91.7906
3526704,Leme,SP,0,175.0463,5.0223,0.744,0.665,0.729,0.851,0.48,746.15,0.64,7.16,33.35,9.06,97.9358
3526803,Lençóis Paulista,SP,0,252.1586,4.8422,0.764,0.717,0.743,0.837,0.43,816.48,0.41,5.1,40.11,10.5,97.7584
3526902,Limeira,SP,0,140.4643,5.4925,0.775,0.719,0.761,0.852,0.48,910.85,0.85,3.99,41.95,11.76,97.0158
3527009,Lindóia,SP,0,116.7824,3.9139,0.742,0.654,0.722,0.864,0.4,714.18,0.0,5.9,37.46,10.83,100.0
3527108,Lins,SP,0,388.5745,4.8975,0.786,0.733,0.762,0.869,0.45,919.53,0.6,4.6,48.19,17.33,98.8311
3527207,Lorena,SP,0,174.6295,4.952,0.766,0.713,0.736,0.856,0.52,781.28,1.76,3.69,49.47,13.74,97.1358
3527256,Lourdes,SP,0,474.5804,3.3638,0.742,0.717,0.697,0.816,0.37,612.0,2.32,10.58,33.6,6.81,81.9549
3527306,Louveira,SP,0,65.8052,4.7076,0.777,0.697,0.783,0.861,0.5,1047.17,0.52,4.32,41.14,11.15,96.1481
3527405,Lucélia,SP,0,500.3551,4.3429,0.752,0.695,0.728,0.841,0.46,743.2,0.36,6.58,37.44,10.37,86.606
3527504,Lucianópolis,SP,0,327.5482,3.3824,0.733,0.662,0.736,0.809,0.51,779.84,0.0,7.96,29.07,4.85,79.1463
3527603,Luís Antônio,SP,0,252.3795,4.1939,0.731,0.671,0.709,0.822,0.42,661.22,0.99,5.99,38.51,8.72,96.5887
3527702,Luiziânia,SP,0,439.363,3.7722,0.702,0.623,0.682,0.815,0.35,557.06,0.36,12.16,22.64,3.79,91.67
3527801,Lupércio,SP,0,356.5308,3.6635,0.724,0.674,0.679,0.83,0.4,547.3,0.26,10.98,35.24,7.98,88.7893
3527900,Lutécia,SP,0,414.0052,3.4188,0.72,0.659,0.67,0.846,0.42,516.35,1.49,9.25,33.53,5.96,79.5136
3528007,Macatuba,SP,0,248.8704,4.2371,0.77,0.697,0.763,0.859,0.55,920.95,0.74,8.38,34.96,8.23,97.0293
3528106,Macaubal,SP,0,465.4226,3.9124,0.743,0.676,0.72,0.844,0.43,704.61,0.65,7.86,31.31,7.62,88.3857
3528205,Macedônia,SP,0,533.3431,3.5666,0.74,0.675,0.705,0.852,0.42,644.23,0.07,10.05,28.56,8.39,75.7915
3528304,Magda,SP,0,497.5983,3.4894,0.753,0.717,0.724,0.823,0.44,725.51,1.4,10.07,35.06,9.38,82.9688
3528403,Mairinque,SP,0,62.6331,4.6787,0.743,0.684,0.721,0.831,0.44,710.18,1.77,5.41,39.92,7.03,80.2582
3528502,Mairiporã,SP,0,27.3095,5.0155,0.788,0.723,0.767,0.881,0.56,944.03,1.24,5.0,40.96,12.99,87.3932
3528601,Manduri,SP,0,287.564,3.9988,0.739,0.675,0.73,0.818,0.48,750.34,0.75,5.78,34.44,5.65,86.4991
3528700,Marabá Paulista,SP,0,576.3673,3.781,0.677,0.591,0.65,0.809,0.39,457.56,3.04,10.35,22.37,4.91,44.5137
3528809,Maracaí,SP,0,432.5089,4.1483,0.771,0.758,0.711,0.85,0.42,666.65,1.45,8.18,39.05,6.86,90.6466
3528858,Marapoama,SP,0,368.3136,3.4909,0.752,0.679,0.736,0.852,0.4,781.03,1.02,6.88,31.77,3.5,83.5169
3528908,Mariápolis,SP,0,512.6005,3.6126,0.718,0.651,0.684,0.83,0.37,565.58,1.36,8.47,29.88,5.62,80.1073
3529005,Marília,SP,0,377.5893,5.3843,0.798,0.776,0.768,0.854,0.5,953.2,1.05,4.06,51.34,17.13,95.5136
3529104,Marinópolis,SP,0,559.7789,3.3224,0.731,0.694,0.681,0.825,0.43,553.24,0.41,10.32,33.32,6.64,79.0819
3529203,Martinópolis,SP,0,497.0612,4.428,0.721,0.641,0.703,0.832,0.45,636.0,1.42,8.03,32.37,7.86,83.9878
3529302,Matão,SP,0,285.9334,4.9246,0.773,0.713,0.766,0.847,0.52,940.44,0.66,5.74,37.63,10.62,98.165
3529401,Mauá,SP,0,16.0932,5.6828,0.766,0.733,0.721,0.852,0.44,709.25,1.41,3.95,43.75,7.21,100.0
3529500,Mendonça,SP,0,407.8399,3.7511,0.744,0.663,0.72,0.863,0.36,707.36,1.32,7.0,30.12,7.4,81.7457
3529609,Meridiano,SP,0,516.0541,3.5813,0.731,0.667,0.717,0.817,0.4,694.38,1.28,9.06,27.93,7.79,69.3645
3529658,Mesópolis,SP,0,578.999,3.2794,0.724,0.666,0.674,0.847,0.37,530.46,1.28,13.62,30.69,5.0,77.8367
3529708,Miguelópolis,SP,0,405.9173,4.3518,0.741,0.661,0.712,0.863,0.46,670.82,1.69,9.82,32.1,10.37,94.2008
3529807,Mineiros do Tietê,SP,0,231.5208,4.1147,0.73,0.658,0.719,0.823,0.39,700.24,0.79,7.41,30.28,7.19,95.5308
3529906,Miracatu,SP,0,120.2948,4.2903,0.697,0.655,0.645,0.803,0.5,442.77,5.15,10.3,30.05,5.99,51.4083
3530003,Mira Estrela,SP,0,542.9114,3.4949,0.743,0.731,0.697,0.806,0.43,613.14,0.64,10.45,34.65,10.59,66.7021
3530102,Mirandópolis,SP,0,539.2641,4.4749,0.751,0.665,0.732,0.869,0.45,758.64,1.23,7.19,35.39,10.37,88.9823
3530201,Mirante do Paranapanema,SP,0,564.4941,4.2652,0.724,0.674,0.67,0.841,0.5,516.3,6.41,12.5,30.62,6.79,58.8839
3530300,Mirassol,SP,0,430.3907,4.7837,0.762,0.698,0.748,0.846,0.43,841.27,0.86,4.53,40.49,11.98,97.4736
3530409,Mirassolândia,SP,0,443.3771,3.696,0.738,0.69,0.704,0.829,0.39,639.58,1.14,8.95,35.2,5.55,81.3038
3530508,Mococa,SP,0,237.6046,4.8393,0.762,0.709,0.756,0.827,0.53,881.99,0.82,5.85,40.04,11.69,92.2447
3530607,Mogi das Cruzes,SP,0,38.4089,5.6586,0.783,0.74,0.762,0.851,0.54,916.81,1.93,3.95,49.32,16.28,92.1435
3530706,Mogi Guaçu,SP,0,138.9996,5.1879,0.774,0.736,0.74,0.852,0.44,802.19,0.56,4.31,41.07,10.46,94.9361
3530805,Mogi Mirim,SP,0,132.2124,4.9736,0.784,0.715,0.767,0.879,0.49,945.62,1.39,4.41,43.84,14.12,93.5726
3530904,Mombuca,SP,0,124.3044,3.5469,0.719,0.607,0.746,0.82,0.61,832.07,3.94,9.27,19.33,2.52,82.2107
3531001,Monções,SP,0,472.2169,3.3568,0.772,0.773,0.731,0.814,0.43,755.2,0.71,8.9,36.58,8.28,86.1163
3531100,Mongaguá,SP,0,58.7866,4.7677,0.754,0.699,0.719,0.854,0.5,699.73,2.87,4.85,39.52,8.88,99.5636
3531209,Monte Alegre do Sul,SP,0,99.1967,3.9128,0.759,0.678,0.752,0.858,0.48,861.61,0.37,5.84,35.55,9.82,57.2008
3531308,Monte Alto,SP,0,323.7377,4.7079,0.768,0.707,0.746,0.859,0.42,832.6,0.35,5.19,39.03,10.9,95.4998
3531407,Monte Aprazível,SP,0,448.742,4.4091,0.785,0.72,0.781,0.861,0.5,1032.05,0.14,5.74,39.99,13.81,91.065
3531506,Monte Azul Paulista,SP,0,364.9822,4.2771,0.753,0.69,0.733,0.843,0.46,765.11,0.07,8.06,34.54,9.92,93.5661
3531605,Monte Castelo,SP,0,571.9491,3.6197,0.741,0.709,0.706,0.814,0.38,646.15,0.45,11.92,32.96,7.21,79.0303
3531704,Monteiro Lobato,SP,0,100.3999,3.6757,0.71,0.627,0.692,0.826,0.48,593.95,1.43,10.49,32.8,10.41,43.1553
3531803,Monte Mor,SP,0,102.6701,4.7903,0.733,0.639,0.713,0.863,0.44,674.23,1.53,7.06,34.22,7.27,93.9304
3531902,Morro Agudo,SP,0,350.4395,4.5263,0.712,0.604,0.716,0.836,0.45,687.37,1.14,8.43,27.26,6.02,95.8476
3532009,Morungaba,SP,0,79.5891,4.1441,0.715,0.627,0.726,0.802,0.41,733.72,1.59,5.65,30.2,6.01,85.4023
3532058,Motuca,SP,0,280.7032,3.684,0.741,0.691,0.685,0.859,0.45,567.17,11.23,7.5,30.24,5.17,72.4476
3532108,Murutinga do Sul,SP,0,562.4241,3.6556,0.726,0.643,0.703,0.847,0.43,636.47,2.45,8.48,36.56,9.78,61.4668
3532157,Nantes,SP,0,488.9356,3.5072,0.714,0.702,0.655,0.79,0.35,472.28,0.42,13.42,31.49,5.34,89.8042
3532207,Narandiba,SP,0,523.3035,3.6946,0.718,0.67,0.659,0.839,0.36,482.74,1.38,11.17,28.74,3.12,72.4114
3532306,Natividade da Serra,SP,0,116.6024,3.8211,0.655,0.52,0.664,0.814,0.51,496.93,7.96,16.56,19.08,4.39,41.749
3532405,Nazaré Paulista,SP,0,46.4901,4.2757,0.678,0.559,0.681,0.818,0.45,554.18,2.59,11.22,24.12,4.24,84.7508
3532504,Neves Paulista,SP,0,436.9466,3.9502,0.754,0.707,0.737,0.823,0.4,784.55,0.24,7.11,37.92,9.79,90.2417
3532603,Nhandeara,SP,0,479.2914,4.0635,0.751,0.672,0.755,0.835,0.49,878.42,1.4,7.26,33.46,13.39,81.007
3532702,Nipoã,SP,0,442.9557,3.7309,0.713,0.636,0.701,0.814,0.37,628.33,0.67,8.49,30.3,5.87,88.8395
3532801,Nova Aliança,SP,0,414.6061,3.855,0.738,0.684,0.71,0.826,0.38,662.48,1.22,5.73,33.97,8.43,82.8552
3532827,Nova Campina,SP,0,245.4191,3.9983,0.651,0.577,0.598,0.799,0.47,330.03,7.39,9.6,24.76,2.39,67.6688
3532843,Nova Canaã Paulista,SP,0,573.3618,3.261,0.715,0.675,0.673,0.806,0.34,526.58,2.12,11.39,27.19,3.01,41.6272
3532868,Nova Castilho,SP,0,497.9974,3.1106,0.756,0.755,0.694,0.823,0.36,600.13,1.06,8.71,35.65,3.84,66.3111
3532900,Nova Europa,SP,0,285.1399,4.0614,0.765,0.718,0.718,0.869,0.39,697.32,0.19,7.15,34.68,8.16,92.7419
3533007,Nova Granada,SP,0,440.5817,4.3399,0.739,0.68,0.727,0.818,0.44,737.29,1.16,6.9,35.15,7.3,92.6747
3533106,Nova Guataporanga,SP,0,578.198,3.3679,0.726,0.644,0.707,0.842,0.41,652.36,1.17,12.72,31.6,8.48,86.8167
3533205,Nova Independência,SP,0,575.3175,3.6165,0.735,0.711,0.675,0.827,0.36,533.68,1.25,7.67,36.9,3.96,79.7262
3533254,Novais,SP,0,374.6988,3.7823,0.719,0.634,0.712,0.822,0.45,671.15,1.22,11.04,23.06,3.13,91.0497
3533304,Nova Luzitânia,SP,0,485.3137,3.625,0.743,0.719,0.705,0.808,0.35,643.07,0.0,11.77,37.02,4.65,89.7123
3533403,Nova Odessa,SP,0,114.3553,4.7904,0.791,0.762,0.755,0.861,0.41,878.14,0.3,3.6,44.32,9.56,98.3705
3533502,Novo Horizonte,SP,0,358.6439,4.6208,0.753,0.665,0.741,0.865,0.45,806.75,2.13,7.6,32.99,9.37,93.0451
3533601,Nuporanga,SP,0,337.6296,3.8763,0.746,0.656,0.73,0.866,0.45,751.92,0.44,5.41,35.57,8.92,90.7291
3533700,Ocauçu,SP,0,365.7808,3.6329,0.717,0.653,0.679,0.83,0.39,547.66,0.77,9.0,29.81,5.07,79.8463
3533809,Óleo,SP,0,291.3847,3.3886,0.73,0.637,0.713,0.858,0.43,676.94,1.59,5.98,32.34,10.17,65.9559
3533908,Olímpia,SP,0,396.5391,4.7441,0.773,0.724,0.737,0.867,0.43,783.14,0.72,5.56,41.53,13.17,94.4427
3534005,Onda Verde,SP,0,432.3919,3.6495,0.738,0.671,0.693,0.863,0.34,597.67,0.07,8.31,37.56,6.46,78.3471
3534104,Oriente,SP,0,393.9435,3.8175,0.77,0.761,0.717,0.837,0.44,694.16,0.9,6.45,46.13,9.38,93.4066
3534203,Orindiúva,SP,0,473.4938,3.8644,0.767,0.762,0.719,0.824,0.38,699.63,0.14,6.77,44.48,9.46,92.0352
3534302,Orlândia,SP,0,344.3551,4.6501,0.78,0.703,0.765,0.882,0.5,934.54,0.84,5.16,40.98,11.26,97.4234
3534401,Osasco,SP,0,22.5795,5.846,0.776,0.718,0.776,0.84,0.53,1003.4,1.5,3.48,44.74,14.19,100.0
3534500,Oscar Bressane,SP,0,404.8491,3.4155,0.749,0.715,0.713,0.823,0.45,675.35,0.77,9.79,36.16,7.23,82.7355
3534609,Osvaldo Cruz,SP,0,483.3032,4.5201,0.762,0.713,0.74,0.837,0.46,797.55,0.76,6.47,40.38,12.56,89.8599
3534708,Ourinhos,SP,0,343.2249,5.0612,0.778,0.727,0.753,0.859,0.5,868.91,0.68,4.97,42.72,14.41,97.4174
3534757,Ouroeste,SP,0,558.7484,4.0299,0.77,0.736,0.717,0.866,0.43,694.33,0.27,9.22,38.16,13.22,89.7799
3534807,Ouro Verde,SP,0,575.0921,3.9383,0.692,0.612,0.666,0.814,0.39,504.63,1.44,13.32,23.99,5.12,92.0
3534906,Pacaembu,SP,0,531.1918,4.1561,0.725,0.631,0.717,0.843,0.45,694.16,1.54,10.34,27.53,7.52,73.6806
3535002,Palestina,SP,0,460.3487,4.1234,0.732,0.645,0.717,0.848,0.4,692.43,0.42,8.28,28.88,6.11,83.1418
3535101,Palmares Paulista,SP,0,359.1529,4.1364,0.722,0.645,0.698,0.837,0.34,615.01,0.16,10.99,28.67,4.69,97.1191
3535200,Palmeira d'Oeste,SP,0,556.6174,3.9625,0.753,0.714,0.72,0.829,0.42,707.38,0.67,8.79,32.98,9.53,75.8347
3535309,Palmital,SP,0,382.9282,4.3487,0.746,0.702,0.727,0.814,0.44,739.37,2.71,5.62,36.44,11.04,91.6973
3535408,Panorama,SP,0,595.9968,4.2026,0.722,0.639,0.724,0.814,0.51,722.51,0.91,8.55,30.18,8.5,97.1336
3535507,Paraguaçu Paulista,SP,0,429.3691,4.6645,0.762,0.739,0.717,0.836,0.45,694.42,1.54,6.72,39.87,10.27,90.624
3535606,Paraibuna,SP,0,94.7238,4.2625,0.719,0.642,0.709,0.815,0.51,657.59,2.48,9.22,30.26,7.39,30.1472
3535705,Paraíso,SP,0,363.0682,3.8153,0.749,0.668,0.751,0.837,0.45,855.28,1.04,9.09,34.63,8.92,87.962
3535804,Paranapanema,SP,0,220.5273,4.3136,0.717,0.631,0.697,0.839,0.47,613.31,2.53,8.94,30.86,8.83,81.2949
3535903,Paranapuã,SP,0,566.077,3.6141,0.732,0.655,0.712,0.842,0.45,670.18,0.91,10.82,29.45,5.49,88.9646
3536000,Parapuã,SP,0,476.7067,4.0388,0.737,0.696,0.693,0.83,0.42,597.44,0.92,8.76,33.38,9.14,82.0361
3536109,Pardinho,SP,0,191.8507,3.8182,0.727,0.652,0.718,0.821,0.46,696.71,0.35,7.8,33.05,8.47,78.6277
3536208,Pariquera-Açu,SP,0,184.0449,4.2966,0.736,0.678,0.682,0.862,0.47,557.69,2.24,6.79,35.56,8.47,68.6382
3536257,Parisi,SP,0,507.767,3.3379,0.721,0.619,0.72,0.842,0.4,705.62,0.0,10.71,15.97,3.96,80.8563
3536307,Patrocínio Paulista,SP,0,333.5605,4.1744,0.73,0.678,0.696,0.826,0.42,607.51,0.89,6.74,33.68,9.13,80.7615
3536406,Paulicéia,SP,0,597.5587,3.8774,0.711,0.64,0.692,0.811,0.44,592.42,0.88,9.64,30.68,5.65,83.1361
3536505,Paulínia,SP,0,107.8234,5.0588,0.795,0.727,0.8,0.864,0.48,1160.79,0.63,3.46,51.81,16.82,99.9075
3536570,Paulistânia,SP,0,309.7202,3.2636,0.718,0.663,0.683,0.817,0.43,560.94,2.01,10.27,29.16,2.64,68.1282
3536604,Paulo de Faria,SP,0,489.9532,3.9529,0.725,0.662,0.721,0.8,0.51,708.63,1.92,10.18,26.49,8.58,90.2317
3536703,Pederneiras,SP,0,263.289,4.6769,0.739,0.673,0.738,0.812,0.49,788.42,2.24,6.63,33.95,8.0,92.9995
3536802,Pedra Bela,SP,0,87.2792,3.7872,0.677,0.581,0.671,0.796,0.41,521.38,1.15,11.6,23.93,4.46,24.9135
3536901,Pedranópolis,SP,0,519.353,3.3923,0.742,0.684,0.698,0.854,0.38,615.77,1.81,9.47,30.85,5.6,62.197
3537008,Pedregulho,SP,0,379.9256,4.2273,0.715,0.623,0.716,0.82,0.49,690.08,1.79,7.46,29.18,7.85,73.7771
3537107,Pedreira,SP,0,97.5076,4.6901,0.769,0.701,0.75,0.864,0.42,853.76,0.35,4.68,35.13,10.03,99.1602
3537156,Pedrinhas Paulista,SP,0,439.6101,3.4926,0.774,0.739,0.749,0.837,0.56,847.63,0.27,7.1,38.62,11.07,84.3537
3537206,Pedro de Toledo,SP,0,103.1269,4.061,0.696,0.634,0.654,0.812,0.47,467.93,4.96,10.25,30.08,5.8,68.924
3537305,Penápolis,SP,0,431.9296,4.8068,0.759,0.68,0.748,0.859,0.47,840.16,0.43,5.47,40.07,12.89,95.5085
3537404,Pereira Barreto,SP,0,569.6683,4.4097,0.766,0.732,0.728,0.845,0.48,743.94,1.22,8.37,41.26,12.76,93.0815
3537503,Pereiras,SP,0,152.9262,3.9482,0.736,0.637,0.717,0.873,0.44,692.35,0.61,6.57,28.8,6.37,66.7829
3537602,Peruíbe,SP,0,94.216,4.8432,0.749,0.675,0.73,0.854,0.53,753.85,2.68,6.05,36.39,10.29,98.8824
3537701,Piacatu,SP,0,468.1479,3.7848,0.732,0.684,0.681,0.843,0.4,553.99,2.95,10.91,34.45,8.89,88.1975
3537800,Piedade,SP,0,87.8721,4.7461,0.716,0.624,0.694,0.848,0.47,601.32,2.43,8.62,28.5,5.83,45.567
3537909,Pilar do Sul,SP,0,119.7975,4.4715,0.69,0.594,0.674,0.82,0.43,531.06,1.41,7.35,25.32,6.74,78.5731
3538006,Pindamonhangaba,SP,0,133.7826,5.2352,0.773,0.736,0.745,0.843,0.52,826.02,1.32,3.87,50.06,12.03,96.4033
3538105,Pindorama,SP,0,357.4361,4.24,0.737,0.654,0.726,0.842,0.39,732.68,0.39,8.22,30.04,7.5,94.6539
3538204,Pinhalzinho,SP,0,87.4892,4.1921,0.725,0.666,0.707,0.808,0.42,652.43,1.15,7.54,32.16,7.15,49.256
3538303,Piquerobi,SP,0,561.3787,3.5689,0.711,0.644,0.669,0.836,0.42,514.47,3.12,11.35,30.3,5.44,75.4594
3538501,Piquete,SP,0,177.2767,4.1302,0.757,0.74,0.711,0.823,0.49,665.74,3.54,4.8,44.88,9.94,93.6556
3538600,Piracaia,SP,0,61.404,4.4412,0.739,0.625,0.758,0.851,0.57,893.05,2.01,7.58,33.4,8.99,100.0
3538709,Piracicaba,SP,0,144.6166,5.6131,0.785,0.717,0.797,0.848,0.52,1143.2,0.94,3.1,44.98,15.73,97.8528
3538808,Piraju,SP,0,290.1656,4.4761,0.758,0.699,0.74,0.843,0.48,801.23,0.23,5.86,39.61,12.41,89.9175
3538907,Pirajuí,SP,0,343.7691,4.414,0.749,0.672,0.734,0.853,0.47,770.38,0.6,7.86,35.5,8.32,81.4878
3539004,Pirangi,SP,0,349.1615,4.0616,0.756,0.701,0.735,0.837,0.38,774.99,0.45,7.97,34.38,7.02,89.6922
3539103,Pirapora do Bom Jesus,SP,0,47.8033,4.289,0.727,0.698,0.679,0.81,0.47,546.69,2.55,5.92,35.98,5.46,100.0
3539202,Pirapozinho,SP,0,524.7882,4.4468,0.776,0.733,0.74,0.863,0.52,798.0,1.09,7.35,40.11,9.49,95.0109
3539301,Pirassununga,SP,0,195.6666,4.8883,0.801,0.736,0.789,0.884,0.51,1086.22,0.43,4.04,48.65,16.52,91.6311
3539400,Piratininga,SP,0,292.4676,4.1427,0.779,0.723,0.762,0.859,0.48,917.62,1.44,5.71,43.54,13.06,85.7522
3539509,Pitangueiras,SP,0,331.1796,4.6067,0.723,0.651,0.699,0.83,0.41,620.66,2.18,8.04,29.92,6.21,96.1509
3539608,Planalto,SP,0,445.627,3.73,0.719,0.639,0.683,0.853,0.37,560.64,0.56,9.81,27.43,4.84,84.3827
3539707,Platina,SP,0,386.3504,3.557,0.719,0.652,0.691,0.824,0.49,591.1,1.66,10.01,33.54,5.09,78.7281
3539806,Poá,SP,0,23.253,5.0764,0.771,0.754,0.71,0.856,0.43,664.31,2.34,3.3,51.5,9.0,98.42
3539905,Poloni,SP,0,455.1575,3.79,0.766,0.717,0.736,0.853,0.39,778.41,0.0,9.42,38.01,9.65,89.0083
3540002,Pompeia,SP,0,403.6266,4.3488,0.786,0.748,0.75,0.864,0.47,850.38,0.94,5.12,45.08,13.81,93.0375
3540101,Pongaí,SP,0,351.3498,3.5296,0.755,0.701,0.727,0.844,0.45,736.33,0.0,8.96,34.59,9.63,84.0276
3540200,Pontal,SP,0,320.4093,4.7136,0.725,0.633,0.718,0.838,0.44,699.28,1.55,9.63,26.56,4.49,98.1314
3540259,Pontalinda,SP,0,535.7069,3.6738,0.702,0.604,0.677,0.847,0.38,541.56,0.57,13.46,23.77,5.75,82.9897
3540309,Pontes Gestal,SP,0,496.1396,3.4109,0.732,0.69,0.705,0.805,0.38,642.68,0.68,10.63,33.59,7.28,84.3129
3540408,Populina,SP,0,574.4651,3.6166,0.714,0.647,0.699,0.804,0.41,621.48,1.04,13.07,26.64,9.37,80.7956
3540507,Porangaba,SP,0,164.7329,4.0088,0.703,0.578,0.696,0.864,0.48,606.65,3.18,7.07,26.74,5.09,48.2825
3540606,Porto Feliz,SP,0,104.9953,4.73,0.758,0.706,0.737,0.836,0.45,785.76,0.66,5.24,38.49,9.61,84.0529
3540705,Porto Ferreira,SP,0,211.7648,4.7547,0.751,0.696,0.736,0.827,0.45,779.0,0.65,5.25,39.86,10.2,98.2062
3540754,Potim,SP,0,156.7657,4.4083,0.697,0.646,0.651,0.806,0.37,460.22,1.53,4.75,30.05,3.43,75.8313
3540804,Potirendaba,SP,0,402.5825,4.2472,0.747,0.661,0.737,0.857,0.4,785.96,0.08,6.88,32.29,8.05,89.8699
3540853,Pracinha,SP,0,500.9876,3.6362,0.696,0.629,0.658,0.814,0.38,480.62,1.91,11.84,19.93,2.1,47.9006
3540903,Pradópolis,SP,0,289.7487,4.3471,0.733,0.65,0.738,0.822,0.45,788.76,1.74,8.77,33.56,6.24,92.6512
3541000,Praia Grande,SP,0,51.0492,5.5269,0.754,0.692,0.744,0.834,0.49,820.97,1.62,4.16,41.34,10.09,100.0
3541059,Pratânia,SP,0,229.9686,3.7301,0.701,0.633,0.681,0.798,0.4,553.4,0.0,7.4,25.86,3.57,75.7773
3541109,Presidente Alves,SP,0,336.0215,3.6093,0.735,0.689,0.711,0.811,0.47,665.72,2.53,9.86,36.59,6.29,83.2161
3541208,Presidente Bernardes,SP,0,539.7859,4.112,0.757,0.719,0.718,0.839,0.46,695.29,2.14,7.57,41.57,10.86,77.3766
3541307,Presidente Epitácio,SP,0,602.9997,4.6491,0.75,0.7,0.714,0.845,0.47,680.56,2.22,6.79,39.06,9.2,93.2886
3541406,Presidente Prudente,SP,0,518.9909,5.3654,0.806,0.774,0.788,0.858,0.54,1080.22,0.85,3.92,50.38,19.01,97.9601
3541505,Presidente Venceslau,SP,0,572.2398,4.5982,0.763,0.708,0.749,0.837,0.49,846.18,0.89,6.64,40.61,12.65,95.6792
3541604,Promissão,SP,0,405.9764,4.615,0.743,0.666,0.724,0.85,0.43,726.0,0.99,5.6,34.01,9.55,84.2911
3541653,Quadra,SP,0,154.0894,3.5913,0.678,0.541,0.7,0.822,0.49,625.35,1.09,9.25,21.37,4.47,25.5871
3541703,Quatá,SP,0,447.4194,4.1556,0.738,0.7,0.706,0.814,0.41,648.64,1.16,8.04,40.01,8.3,93.8433
3541802,Queiroz,SP,0,424.7903,3.5457,0.715,0.681,0.662,0.811,0.42,491.84,3.79,13.24,26.44,3.07,84.9359
3541901,Queluz,SP,0,215.9043,4.1395,0.722,0.687,0.665,0.823,0.46,500.25,5.69,6.53,38.89,6.97,82.0143
3542008,Quintana,SP,0,417.9233,3.8284,0.732,0.703,0.689,0.811,0.43,581.09,2.11,9.46,33.22,6.31,91.5057
3542107,Rafard,SP,0,115.9698,3.9603,0.745,0.696,0.722,0.823,0.4,717.07,1.47,4.74,32.63,7.9,88.1444
3542206,Rancharia,SP,0,466.8376,4.4734,0.751,0.683,0.72,0.861,0.47,707.37,1.5,7.24,33.65,9.24,89.6681
3542305,Redenção da Serra,SP,0,110.4649,3.5829,0.657,0.56,0.633,0.799,0.45,411.77,7.55,10.4,21.67,2.98,57.1392
3542404,Regente Feijó,SP,0,507.3833,4.3122,0.768,0.752,0.735,0.818,0.46,774.14,0.5,7.34,41.75,10.86,92.1867
3542503,Reginópolis,SP,0,330.6162,4.002,0.728,0.66,0.715,0.817,0.41,685.32,0.56,8.33,32.41,7.38,59.5658
3542602,Registro,SP,0,165.1487,4.7518,0.754,0.702,0.718,0.851,0.52,699.41,1.74,5.58,39.9,13.31,88.7728
3542701,Restinga,SP,0,342.6871,3.89,0.705,0.639,0.664,0.826,0.38,499.24,3.51,8.99,28.01,6.14,78.6246
3542800,Ribeira,SP,0,275.5184,3.5211,0.698,0.673,0.635,0.797,0.47,416.85,2.82,12.48,30.99,5.95,36.8076
3542909,Ribeirão Bonito,SP,0,234.6227,4.1263,0.712,0.625,0.712,0.811,0.46,673.96,0.29,9.52,31.36,9.41,92.4598
3543006,Ribeirão Branco,SP,0,234.6722,4.2037,0.639,0.553,0.592,0.797,0.46,318.44,9.6,12.24,19.47,3.55,50.8676
3543105,Ribeirão Corrente,SP,0,361.1047,3.68,0.711,0.642,0.688,0.814,0.42,579.04,1.18,9.51,27.61,3.95,79.4992
3543204,Ribeirão do Sul,SP,0,354.6532,3.6568,0.747,0.676,0.753,0.818,0.59,866.43,1.01,7.22,35.96,9.75,74.1116
3543238,Ribeirão dos Índios,SP,0,550.5971,3.3467,0.721,0.701,0.661,0.809,0.38,489.94,2.04,13.92,32.18,4.5,84.5908
3543253,Ribeirão Grande,SP,0,192.1408,3.8857,0.705,0.676,0.643,0.807,0.41,436.21,4.05,13.09,31.29,2.69,31.5818
3543303,Ribeirão Pires,SP,0,22.1786,5.0977,0.784,0.76,0.749,0.847,0.44,847.11,0.99,3.47,49.72,10.74,100.0
3543402,Ribeirão Preto,SP,0,293.7872,5.8574,0.8,0.739,0.82,0.844,0.54,1314.04,0.61,2.91,50.86,20.87,99.7162
3543501,Riversul,SP,0,293.3078,3.7295,0.664,0.577,0.634,0.799,0.5,412.42,8.74,13.3,23.7,6.15,72.8866
3543600,Rifaina,SP,0,397.4616,3.5624,0.74,0.69,0.713,0.824,0.45,677.62,1.8,6.81,36.23,11.27,87.5437
3543709,Rincão,SP,0,268.6286,4.0344,0.734,0.682,0.701,0.826,0.44,626.27,2.11,7.79,29.84,5.94,81.2368
3543808,Rinópolis,SP,0,472.8235,3.9974,0.723,0.644,0.696,0.843,0.43,606.9,1.05,10.15,27.74,8.13,86.925
3543907,Rio Claro,SP,0,163.7843,5.3213,0.803,0.766,0.784,0.862,0.5,1049.16,0.37,3.46,49.71,16.25,97.5662
3544004,Rio das Pedras,SP,0,132.8887,4.5591,0.759,0.7,0.741,0.842,0.45,804.0,0.48,6.14,41.87,7.32,96.8171
3544103,Rio Grande da Serra,SP,0,26.6793,4.7161,0.749,0.745,0.684,0.823,0.39,563.57,1.98,5.41,43.16,4.25,100.0
3544202,Riolândia,SP,0,512.3036,4.1091,0.703,0.629,0.677,0.817,0.4,539.22,1.94,13.01,25.54,5.86,79.1111
3544251,Rosana,SP,0,672.6757,4.2022,0.764,0.728,0.749,0.818,0.6,843.59,4.84,7.39,42.02,10.72,80.5343
3544301,Roseira,SP,0,148.8661,4.0369,0.737,0.704,0.691,0.823,0.43,588.39,0.38,5.32,41.86,9.61,94.9682
3544400,Rubiácea,SP,0,495.9775,3.5045,0.721,0.668,0.684,0.82,0.37,565.62,1.21,10.85,28.24,2.06,57.2737
3544509,Rubinéia,SP,0,592.5914,3.5039,0.759,0.726,0.713,0.844,0.39,676.48,0.64,7.03,37.26,10.29,82.2851
3544608,Sabino,SP,0,387.9503,3.7511,0.728,0.671,0.708,0.813,0.41,655.4,0.71,8.5,32.69,7.67,87.6941
3544707,Sagres,SP,0,487.3909,3.3851,0.73,0.677,0.692,0.83,0.47,592.88,1.74,13.47,32.28,5.44,75.9499
3544806,Sales,SP,0,389.4056,3.8116,0.751,0.697,0.708,0.859,0.42,654.79,1.47,10.57,32.25,6.8,90.0202
3544905,Sales Oliveira,SP,0,336.6908,4.0829,0.772,0.739,0.738,0.845,0.43,789.73,0.15,5.02,40.54,10.84,90.5469
3545001,Salesópolis,SP,0,73.8254,4.2396,0.732,0.69,0.687,0.829,0.42,576.55,1.09,9.13,37.09,7.87,63.6649
3545100,Salmourão,SP,0,490.4838,3.7301,0.719,0.649,0.678,0.846,0.39,544.52,1.25,13.9,28.76,4.74,89.6845
3545159,Saltinho,SP,0,138.9295,3.9293,0.791,0.75,0.771,0.857,0.39,967.88,0.04,2.67,41.56,8.18,83.4537
3545209,Salto,SP,0,84.038,5.082,0.78,0.751,0.755,0.837,0.45,876.67,0.43,3.96,45.79,10.9,99.2968
3545308,Salto de Pirapora,SP,0,102.729,4.6654,0.729,0.665,0.699,0.834,0.44,618.93,1.26,7.85,33.02,5.75,78.3988
3545407,Salto Grande,SP,0,356.5322,3.9729,0.704,0.637,0.664,0.825,0.42,499.65,2.53,9.75,29.11,7.27,90.2811
3545506,Sandovalina,SP,0,545.2138,3.6439,0.709,0.659,0.665,0.812,0.43,502.4,3.09,11.17,36.37,5.6,69.7756
3545605,Santa Adélia,SP,0,345.8186,4.1942,0.76,0.702,0.75,0.835,0.43,853.14,0.22,7.65,35.62,8.03,94.6069
3545704,Santa Albertina,SP,0,582.269,3.7807,0.728,0.665,0.716,0.809,0.42,686.89,1.03,9.98,29.09,6.98,85.4622
3545803,Santa Bárbara d'Oeste,SP,0,124.8576,5.2907,0.781,0.731,0.752,0.867,0.41,863.02,0.37,3.67,39.82,8.01,99.215
3546009,Santa Branca,SP,0,72.1977,4.1739,0.735,0.678,0.706,0.828,0.47,645.59,1.36,6.86,35.56,7.48,88.2075
3546108,Santa Clara d'Oeste,SP,0,593.1388,3.3245,0.733,0.687,0.712,0.804,0.45,672.98,0.39,10.78,32.12,7.96,75.3839
3546207,Santa Cruz da Conceição,SP,0,184.0777,3.6612,0.79,0.679,0.83,0.876,0.67,1400.46,1.35,5.42,37.71,11.03,67.6662
3546256,Santa Cruz da Esperança,SP,0,268.2075,3.3357,0.743,0.686,0.719,0.832,0.53,700.57,2.49,5.33,28.91,5.48,67.7419
3546306,Santa Cruz das Palmeiras,SP,0,205.616,4.5453,0.728,0.635,0.746,0.815,0.51,829.66,1.01,8.16,31.27,8.24,96.8863
3546405,Santa Cruz do Rio Pardo,SP,0,320.6137,4.6831,0.762,0.686,0.744,0.867,0.46,818.3,0.33,5.47,38.81,12.89,91.4232
3546504,Santa Ernestina,SP,0,299.7132,3.7464,0.738,0.699,0.716,0.802,0.42,688.24,0.42,7.09,33.2,6.05,92.403
3546603,Santa Fé do Sul,SP,0,584.096,4.5158,0.784,0.751,0.763,0.84,0.49,924.06,0.61,6.43,42.27,16.51,96.0635
3546702,Santa Gertrudes,SP,0,157.9568,4.4448,0.737,0.654,0.723,0.847,0.38,718.03,0.52,4.59,30.56,5.42,98.9369
3546801,Santa Isabel,SP,0,44.671,4.7674,0.738,0.689,0.7,0.834,0.45,623.11,3.21,7.49,35.5,6.84,78.4711
3546900,Santa Lúcia,SP,0,260.5989,3.9489,0.737,0.703,0.696,0.818,0.39,609.37,0.59,8.04,35.1,3.82,94.0107
3547007,Santa Maria da Serra,SP,0,196.7908,3.7992,0.686,0.571,0.688,0.82,0.45,578.55,4.05,8.52,25.88,4.55,88.1581
3547106,Santa Mercedes,SP,0,587.5156,3.4694,0.739,0.699,0.683,0.847,0.4,561.64,0.63,11.76,35.75,5.37,86.8244
3547205,Santana da Ponte Pensa,SP,0,570.9783,3.1608,0.773,0.733,0.751,0.84,0.42,856.78,0.43,9.0,36.48,6.95,66.8495
3547304,Santana de Parnaíba,SP,0,38.1847,5.1616,0.814,0.725,0.876,0.849,0.67,1858.69,1.45,4.5,49.56,23.54,100.0
3547403,Santa Rita d'Oeste,SP,0,581.6645,3.3938,0.761,0.74,0.711,0.839,0.39,666.14,0.52,11.36,36.05,10.98,69.7208
3547502,Santa Rita do Passa Quatro,SP,0,226.8936,4.4416,0.775,0.686,0.764,0.887,0.48,930.59,0.53,4.43,41.75,12.62,89.512
3547601,Santa Rosa de Viterbo,SP,0,245.5603,4.4307,0.77,0.704,0.746,0.868,0.5,829.2,0.92,4.94,39.81,9.82,95.3273
3547650,Santa Salete,SP,0,563.0145,3.1926,0.772,0.748,0.712,0.864,0.35,673.2,0.65,6.01,37.86,6.99,56.5999
3547700,Santo Anastácio,SP,0,550.0961,4.3192,0.753,0.689,0.725,0.854,0.52,726.34,1.13,7.03,37.79,8.2,93.1868
3547809,Santo André,SP,0,10.7995,5.8597,0.815,0.769,0.819,0.861,0.53,1304.31,0.78,2.78,54.35,20.14,100.0
3547908,Santo Antônio da Alegria,SP,0,281.9823,3.8466,0.702,0.604,0.69,0.83,0.42,585.63,1.24,5.63,27.32,8.9,74.0641
3548005,Santo Antônio de Posse,SP,0,112.7194,4.3755,0.702,0.576,0.718,0.838,0.44,695.67,1.24,7.82,24.82,5.82,91.2058
3548054,Santo Antônio do Aracanguá,SP,0,499.0702,3.9315,0.757,0.728,0.71,0.84,0.41,662.71,0.77,9.48,33.09,6.13,78.2979
3548104,Santo Antônio do Jardim,SP,0,161.5139,3.7728,0.714,0.62,0.703,0.835,0.41,635.11,2.09,8.47,24.45,6.23,59.4313
3548203,Santo Antônio do Pinhal,SP,0,122.4562,3.8352,0.706,0.632,0.685,0.812,0.47,569.08,1.17,8.08,27.35,6.54,59.4357
3548302,Santo Expedito,SP,0,530.1481,3.4995,0.732,0.714,0.664,0.828,0.41,497.6,2.85,11.38,34.18,3.35,88.4053
3548401,Santópolis do Aguapeí,SP,0,457.2128,3.6863,0.74,0.719,0.68,0.83,0.35,551.5,0.37,8.5,37.32,5.34,96.6332
3548500,Santos,SP,0,47.4469,5.6375,0.84,0.807,0.861,0.852,0.55,1693.65,0.6,2.22,61.08,27.82,99.9251
3548609,São Bento do Sapucaí,SP,0,129.9256,4.0377,0.72,0.638,0.719,0.812,0.55,701.89,2.21,8.45,30.39,9.53,48.1467
3548708,São Bernardo do Campo,SP,0,16.0234,5.9294,0.805,0.752,0.807,0.861,0.54,1212.65,0.99,3.04,52.19,19.21,98.3272
3548807,São Caetano do Sul,SP,0,5.2628,5.2116,0.862,0.811,0.891,0.887,0.54,2043.74,0.09,1.55,62.46,31.19,100.0
3548906,São Carlos,SP,0,219.1701,5.4098,0.805,0.766,0.788,0.863,0.49,1079.45,0.58,3.64,53.09,17.81,95.995
3549003,São Francisco,SP,0,555.528,3.4492,0.723,0.658,0.705,0.814,0.45,643.37,0.29,11.63,27.24,7.52,77.5868
3549102,São João da Boa Vista,SP,0,178.904,4.9653,0.797,0.749,0.776,0.871,0.51,998.31,0.32,3.84,44.98,16.97,96.0102
3549201,São João das Duas Pontes,SP,0,528.4194,3.4074,0.72,0.686,0.675,0.806,0.36,532.23,0.74,9.94,33.0,6.88,76.4224
3549250,São João de Iracema,SP,0,516.9179,3.2882,0.748,0.738,0.682,0.833,0.37,559.18,2.9,11.05,35.08,7.13,81.573
3549300,São João do Pau d'Alho,SP,0,582.8325,3.3212,0.75,0.692,0.714,0.854,0.33,680.13,0.73,11.27,33.59,9.77,81.0747
3549409,São Joaquim da Barra,SP,0,357.5662,4.7221,0.762,0.706,0.74,0.847,0.42,799.93,0.36,5.0,40.8,11.64,98.2069
3549508,São José da Bela Vista,SP,0,348.4932,3.9538,0.693,0.58,0.679,0.844,0.46,548.31,2.45,11.35,23.19,4.42,89.0435
3549607,São José do Barreiro,SP,0,228.016,3.6171,0.684,0.591,0.666,0.813,0.55,506.16,7.09,10.94,25.08,6.3,70.3704
3549706,São José do Rio Pardo,SP,0,221.6128,4.7427,0.774,0.717,0.744,0.868,0.49,818.61,0.8,4.79,39.39,12.67,88.553
3549805,São José do Rio Preto,SP,0,421.3823,5.6713,0.797,0.748,0.801,0.846,0.5,1169.16,0.46,3.19,47.89,18.88,93.9332
3549904,São José dos Campos,SP,0,81.99,5.8677,0.807,0.764,0.804,0.855,0.55,1190.96,1.01,2.95,52.82,18.04,97.9656
3549953,São Lourenço da Serra,SP,0,49.0987,4.2076,0.728,0.666,0.704,0.823,0.47,640.64,1.61,8.22,34.55,7.1,91.0255
3550001,São Luiz do Paraitinga,SP,0,134.2859,4.0291,0.697,0.593,0.691,0.826,0.48,590.68,0.99,9.92,27.87,8.47,59.4402
3550100,São Manuel,SP,0,224.2305,4.6158,0.744,0.695,0.735,0.805,0.45,773.82,1.3,7.05,37.1,11.19,97.5771
3550209,São Miguel Arcanjo,SP,0,149.1762,4.5194,0.71,0.633,0.708,0.799,0.57,657.07,4.09,7.95,26.37,6.5,68.3688
3550308,São Paulo,SP,1,0.0,7.0933,0.805,0.725,0.843,0.855,0.62,1516.21,0.92,3.18,49.35,20.63,99.1011
3550407,São Pedro,SP,0,178.1102,4.5599,0.755,0.674,0.741,0.863,0.46,803.02,0.49,5.24,36.62,11.09,84.0345
3550506,São Pedro do Turvo,SP,0,336.646,3.8878,0.703,0.636,0.661,0.826,0.39,488.08,1.79,8.33,27.83,5.82,71.5477
3550605,São Roque,SP,0,57.744,4.9688,0.768,0.687,0.765,0.863,0.5,932.62,1.61,4.47,40.15,13.39,90.6966
3550704,São Sebastião,SP,0,121.8444,4.9621,0.772,0.703,0.747,0.875,0.49,837.48,0.68,5.84,39.97,10.84,98.8734
3550803,São Sebastião da Grama,SP,0,208.3412,4.0841,0.701,0.609,0.689,0.82,0.41,581.04,0.82,8.17,29.9,9.05,65.8815
3550902,São Simão,SP,0,253.1399,4.1888,0.766,0.722,0.732,0.852,0.45,761.14,0.71,4.92,43.62,9.15,90.1157
3551009,São Vicente,SP,0,48.3323,5.5692,0.768,0.716,0.738,0.857,0.47,789.32,1.48,4.22,45.36,9.77,99.8111
3551108,Sarapuí,SP,0,128.323,4.0209,0.707,0.621,0.699,0.814,0.52,619.86,1.67,8.76,24.93,6.37,73.6236
3551207,Sarutaiá,SP,0,298.9712,3.5591,0.688,0.603,0.679,0.794,0.44,548.61,0.3,11.03,24.53,5.03,81.64
3551306,Sebastianópolis do Sul,SP,0,473.1082,3.5557,0.773,0.74,0.748,0.835,0.42,840.63,0.16,8.33,36.56,9.16,77.4332
3551405,Serra Azul,SP,0,270.9255,4.1845,0.686,0.572,0.697,0.81,0.45,613.57,1.59,9.13,23.94,5.37,71.2242
3551504,Serrana,SP,0,282.6609,4.6643,0.729,0.65,0.713,0.835,0.37,677.75,0.52,6.41,32.64,4.89,98.9403
3551603,Serra Negra,SP,0,107.0046,4.4723,0.767,0.676,0.764,0.873,0.48,927.39,0.25,6.32,35.37,11.82,86.7586
3551702,Sertãozinho,SP,0,307.2061,5.1087,0.761,0.672,0.768,0.855,0.46,953.23,0.6,5.37,35.81,10.76,98.8172
3551801,Sete Barras,SP,0,165.3518,4.1049,0.673,0.562,0.651,0.832,0.5,459.28,4.12,10.48,23.96,5.88,55.2941
3551900,Severínia,SP,0,383.1519,4.2509,0.715,0.638,0.709,0.807,0.41,657.45,0.28,10.83,27.78,5.06,95.31
3552007,Silveiras,SP,0,202.8257,3.8045,0.678,0.584,0.657,0.812,0.48,475.69,4.87,10.89,28.22,4.45,49.7065
3552106,Socorro,SP,0,108.5364,4.62,0.729,0.634,0.737,0.828,0.44,785.71,0.88,6.84,29.3,9.11,67.9932
3552205,Sorocaba,SP,0,90.7904,5.8422,0.798,0.762,0.792,0.843,0.52,1107.19,0.89,3.1,51.0,16.99,98.9823
3552304,Sud Mennucci,SP,0,550.3246,3.8886,0.747,0.694,0.743,0.809,0.54,813.95,1.49,9.47,37.5,11.05,85.9314
3552403,Sumaré,SP,0,109.173,5.4622,0.762,0.705,0.744,0.845,0.45,820.03,0.88,4.87,40.89,8.03,98.8227
3552502,Suzano,SP,0,26.9794,5.482,0.765,0.723,0.708,0.873,0.47,654.61,1.91,4.85,44.6,8.45,96.4797
3552551,Suzanápolis,SP,0,571.9376,3.6088,0.699,0.631,0.665,0.813,0.41,500.45,3.4,12.35,23.91,7.67,66.7455
3552601,Tabapuã,SP,0,385.2223,4.099,0.735,0.666,0.726,0.82,0.4,731.31,0.49,7.81,31.03,7.59,92.5724
3552700,Tabatinga,SP,0,297.9753,4.225,0.704,0.609,0.7,0.818,0.4,625.39,1.8,9.54,24.74,6.66,85.6462
3552809,Taboão da Serra,SP,0,22.8131,5.4735,0.769,0.71,0.742,0.863,0.47,812.19,1.62,3.97,44.65,11.18,100.0
3552908,Taciba,SP,0,500.0825,3.8042,0.723,0.684,0.682,0.809,0.38,559.1,1.61,11.22,31.57,6.62,84.9142
3553005,Taguaí,SP,0,289.4032,4.1588,0.709,0.631,0.69,0.818,0.37,587.51,0.68,7.37,28.73,7.62,71.6383
3553104,Taiaçu,SP,0,335.1205,3.8025,0.71,0.628,0.701,0.814,0.41,626.12,1.42,10.87,25.87,8.17,90.5836
3553203,Taiúva,SP,0,333.1604,3.7452,0.76,0.718,0.732,0.835,0.42,761.47,0.51,8.25,35.71,9.99,91.1878
3553302,Tambaú,SP,0,219.4417,4.3665,0.731,0.624,0.729,0.858,0.45,747.11,0.72,5.34,31.64,10.18,88.8557
3553401,Tanabi,SP,0,455.6259,4.4188,0.748,0.687,0.735,0.829,0.42,775.79,0.8,7.02,34.4,9.06,90.3554
3553500,Tapiraí,SP,0,105.294,3.8879,0.681,0.578,0.647,0.846,0.44,449.75,3.66,10.95,21.55,4.27,71.4928
3553609,Tapiratiba,SP,0,233.7023,4.1119,0.751,0.692,0.703,0.87,0.4,637.12,0.71,6.28,33.93,9.84,82.4684
3553658,Taquaral,SP,0,335.71,3.4495,0.759,0.716,0.742,0.823,0.51,811.38,1.54,11.01,27.84,4.12,95.8547
3553708,Taquaritinga,SP,0,311.6351,4.76,0.748,0.696,0.727,0.827,0.46,739.25,0.98,7.21,37.58,10.87,94.7766
3553807,Taquarituba,SP,0,272.5656,4.3672,0.701,0.606,0.7,0.811,0.48,624.86,2.48,8.47,28.31,7.51,87.8337
3553856,Taquarivaí,SP,0,219.9921,3.7758,0.679,0.626,0.617,0.811,0.43,373.06,1.77,9.55,25.56,2.6,54.5719
3553906,Tarabai,SP,0,529.9096,3.8813,0.726,0.697,0.666,0.823,0.4,505.51,2.41,10.94,32.9,5.41,92.4625
3553955,Tarumã,SP,0,419.6508,4.1864,0.753,0.68,0.738,0.852,0.54,787.79,1.72,8.6,32.67,5.24,94.1094
3554003,Tatuí,SP,0,132.7212,5.0939,0.752,0.688,0.734,0.842,0.47,771.05,1.18,4.25,38.23,10.18,95.2761
3554102,Taubaté,SP,0,119.7331,5.5063,0.8,0.746,0.778,0.883,0.51,1011.95,0.84,3.04,52.33,16.76,97.8424
3554201,Tejupá,SP,0,287.446,3.6486,0.668,0.563,0.668,0.794,0.48,510.13,2.88,15.05,19.67,3.25,64.8784
3554300,Teodoro Sampaio,SP,0,584.4907,4.3691,0.741,0.679,0.699,0.856,0.47,619.79,5.1,9.17,35.29,6.97,81.198
3554409,Terra Roxa,SP,0,358.8521,3.9778,0.749,0.684,0.732,0.838,0.45,759.32,0.66,7.28,33.15,8.93,95.3204
3554508,Tietê,SP,0,127.668,4.6329,0.778,0.698,0.764,0.884,0.48,927.25,1.04,3.69,37.7,12.37,90.9162
3554607,Timburi,SP,0,312.2113,3.4228,0.71,0.629,0.688,0.826,0.46,580.24,1.45,10.18,25.02,5.97,72.7135
3554656,Torre de Pedra,SP,0,169.9668,3.386,0.714,0.647,0.679,0.829,0.39,548.39,1.11,4.87,30.21,2.8,65.173
3554706,Torrinha,SP,0,207.2312,4.0043,0.744,0.658,0.734,0.852,0.45,770.15,0.2,6.38,30.11,8.07,85.0911
3554755,Trabiju,SP,0,248.6457,3.2435,0.722,0.697,0.666,0.811,0.4,505.36,0.53,10.43,30.53,5.01,91.8394
3554805,Tremembé,SP,0,124.1142,4.6833,0.785,0.72,0.769,0.873,0.53,959.88,1.38,4.0,43.7,14.43,90.123
3554904,Três Fronteiras,SP,0,579.5949,3.7676,0.753,0.726,0.71,0.829,0.41,663.71,0.93,9.32,35.24,7.06,84.7245
3554953,Tuiuti,SP,0,84.6837,3.8487,0.728,0.63,0.702,0.871,0.39,630.49,0.41,8.79,29.9,5.85,50.0675
3555000,Tupã,SP,0,443.2386,4.817,0.771,0.704,0.764,0.852,0.54,926.96,1.07,6.94,41.87,16.66,95.989
3555109,Tupi Paulista,SP,0,568.6284,4.1951,0.769,0.715,0.762,0.835,0.49,914.36,0.69,6.82,38.9,13.47,78.5339
3555208,Turiúba,SP,0,466.1444,3.3062,0.751,0.721,0.713,0.824,0.35,676.92,1.54,11.41,35.16,10.24,81.8653
3555307,Turmalina,SP,0,561.6865,3.2219,0.736,0.675,0.724,0.817,0.39,725.06,1.28,11.36,29.55,12.07,71.1325
3555356,Ubarana,SP,0,419.9502,3.8121,0.7,0.604,0.672,0.844,0.35,522.27,0.71,9.46,26.46,3.44,91.6052
3555406,Ubatuba,SP,0,153.479,4.9676,0.751,0.679,0.741,0.841,0.58,803.5,2.58,5.8,37.92,10.54,97.5965
3555505,Ubirajara,SP,0,337.058,3.6838,0.727,0.674,0.689,0.829,0.42,580.57,1.26,9.31,30.77,6.47,72.9388
3555604,Uchoa,SP,0,395.5473,4.0082,0.721,0.644,0.708,0.823,0.4,655.13,1.21,7.3,31.08,9.65,92.9258
3555703,União Paulista,SP,0,453.8932,3.2755,0.749,0.699,0.697,0.863,0.35,610.77,0.77,12.11,30.05,3.3,76.5478
3555802,Urânia,SP,0,559.2125,3.9602,0.746,0.709,0.727,0.804,0.46,739.08,1.42,9.06,35.11,10.08,84.1557
3555901,Uru,SP,0,341.5837,3.0577,0.712,0.639,0.678,0.832,0.39,544.1,3.91,7.15,34.44,8.18,86.4109
3556008,Urupês,SP,0,384.0353,4.145,0.745,0.683,0.741,0.817,0.43,805.66,0.4,6.76,32.28,6.83,88.9885
3556107,Valentim Gentil,SP,0,503.5232,4.1377,0.735,0.692,0.708,0.81,0.36,654.97,1.07,6.95,33.67,7.13,91.274
3556206,Valinhos,SP,0,79.3089,5.1244,0.819,0.763,0.848,0.85,0.54,1570.91,0.15,3.13,51.4,21.25,95.1617
3556305,Valparaíso,SP,0,512.9156,4.4338,0.725,0.643,0.719,0.825,0.45,701.02,1.47,7.3,33.83,7.35,95.0966
3556354,Vargem,SP,0,77.6062,4.0351,0.699,0.591,0.69,0.839,0.38,587.59,0.83,9.78,24.88,4.49,50.2329
3556404,Vargem Grande do Sul,SP,0,195.405,4.6372,0.737,0.643,0.721,0.863,0.42,711.6,0.83,5.91,29.23,8.29,94.9269
3556453,Vargem Grande Paulista,SP,0,46.0898,4.7349,0.77,0.683,0.755,0.884,0.5,876.61,1.38,4.11,38.51,11.38,100.0
3556503,Várzea Paulista,SP,0,47.3437,5.0944,0.759,0.705,0.72,0.863,0.39,706.02,1.15,5.0,35.17,4.99,100.0
3556602,Vera Cruz,SP,0,364.968,4.0336,0.754,0.715,0.722,0.83,0.45,713.66,0.88,8.03,38.57,9.71,86.944
3556701,Vinhedo,SP,0,72.6875,4.9112,0.817,0.739,0.84,0.878,0.53,1493.32,0.13,3.37,51.02,20.58,96.8575
3556800,Viradouro,SP,0,348.3891,4.2818,0.739,0.683,0.717,0.823,0.4,692.01,0.71,6.64,33.26,9.21,97.0746
3556909,Vista Alegre do Alto,SP,0,340.7102,3.962,0.744,0.676,0.726,0.84,0.35,732.14,0.0,8.08,33.43,5.97,92.2451
3556958,Vitória Brasil,SP,0,550.484,3.2676,0.725,0.685,0.686,0.811,0.35,572.68,0.28,13.16,32.62,5.77,82.6137
3557006,Votorantim,SP,0,89.6775,5.0951,0.767,0.747,0.72,0.838,0.4,703.99,0.8,3.48,45.41,8.41,96.186
3557105,Votuporanga,SP,0,495.6479,4.9828,0.79,0.744,0.772,0.857,0.49,977.39,0.74,5.19,44.89,15.73,97.1981
3557154,Zacarias,SP,0,454.8266,3.4447,0.729,0.674,0.695,0.826,0.39,605.79,0.36,8.84,35.34,7.43,78.6296
3557204,Chavantes,SP,0,326.506,4.0941,0.729,0.655,0.713,0.828,0.47,677.3,0.47,8.8,31.45,7.97,91.9515
3557303,Estiva Gerbi,SP,0,149.0136,4.061,0.74,0.695,0.716,0.815,0.41,686.89,0.82,5.4,40.34,7.62,79.7591
4100103,Abatiá,PR,0,259.4892,3.8669,0.687,0.596,0.676,0.804,0.44,535.86,3.57,16.76,26.17,5.44,73.8279
4100202,Adrianópolis,PR,0,90.2832,3.7632,0.667,0.563,0.644,0.817,0.53,440.79,8.22,16.82,22.32,3.02,32.3087
4100301,Agudos do Sul,PR,0,62.3699,3.9808,0.66,0.543,0.671,0.79,0.48,519.63,3.85,8.84,24.44,4.35,34.1233
4100400,Almirante Tamandaré,PR,0,13.6007,5.0843,0.699,0.575,0.706,0.84,0.43,646.02,1.01,6.06,29.45,5.54,95.8219
4100459,Altamira do Paraná,PR,0,353.185,3.155,0.667,0.571,0.667,0.78,0.58,506.31,10.21,17.57,24.96,5.87,49.582
4100509,Altônia,PR,0,498.1306,4.3482,0.721,0.641,0.69,0.848,0.38,585.49,0.86,10.18,28.08,5.43,73.5718
4100608,Alto Paraná,PR,0,401.5916,4.1745,0.696,0.587,0.679,0.846,0.43,548.25,2.24,10.38,23.96,6.46,82.1269
4100707,Alto Piquiri,PR,0,449.4724,3.9878,0.676,0.578,0.669,0.798,0.44,515.07,2.01,13.86,20.76,5.91,82.2871
4100806,Alvorada do Sul,PR,0,355.604,4.0644,0.708,0.617,0.695,0.826,0.48,605.41,6.08,10.21,30.76,7.83,71.3605
4100905,Amaporã,PR,0,440.8756,3.8065,0.669,0.591,0.644,0.785,0.39,441.01,4.94,13.01,26.0,3.7,79.5517
4101002,Ampére,PR,0,424.4568,4.2893,0.709,0.62,0.699,0.824,0.48,618.76,3.59,7.5,28.42,6.94,76.5946
4101051,Anahy,PR,0,398.6831,3.4431,0.695,0.593,0.671,0.844,0.42,520.88,1.71,11.82,26.58,4.57,73.3473
4101101,Andirá,PR,0,281.9076,4.2972,0.725,0.66,0.69,0.838,0.42,587.51,2.87,10.11,31.72,7.79,93.8913
4101150,Ângulo,PR,0,365.9114,3.467,0.721,0.644,0.705,0.827,0.44,641.37,0.31,11.29,30.93,5.48,78.8038
4101200,Antonina,PR,0,56.1304,4.2769,0.687,0.564,0.686,0.838,0.55,572.38,6.13,8.62,26.89,5.92,85.0299
4101309,Antônio Olinto,PR,0,111.3549,3.8705,0.656,0.547,0.626,0.825,0.49,393.68,13.2,6.83,16.1,3.41,9.3457
4101408,Apucarana,PR,0,304.5993,5.1381,0.748,0.668,0.741,0.845,0.45,804.81,0.45,5.9,36.83,11.53,94.359
4101507,Arapongas,PR,0,313.8858,5.1022,0.748,0.669,0.751,0.834,0.46,855.02,0.49,5.0,37.14,10.85,97.7926
4101606,Arapoti,PR,0,153.5458,4.4545,0.723,0.643,0.715,0.823,0.57,684.8,4.58,7.68,34.42,7.9,84.2313
4101655,Arapuã,PR,0,283.2405,3.47,0.676,0.584,0.638,0.828,0.5,424.27,12.03,16.59,22.37,4.49,37.4614
4101705,Araruna,PR,0,366.5228,4.147,0.704,0.648,0.685,0.785,0.4,566.78,1.32,9.84,29.54,5.67,78.061
4101804,Araucária,PR,0,21.9498,5.1718,0.74,0.639,0.743,0.852,0.46,814.39,0.83,3.57,34.28,5.73,92.5136
4101853,Ariranha do Ivaí,PR,0,261.1111,3.3066,0.67,0.594,0.637,0.794,0.41,420.24,3.67,15.14,23.51,2.59,36.8528
4101903,Assaí,PR,0,278.8262,4.17,0.728,0.641,0.724,0.833,0.55,723.56,1.65,10.0,36.45,8.78,83.0806
4102000,Assis Chateaubriand,PR,0,443.3717,4.5225,0.729,0.633,0.713,0.857,0.47,676.1,1.73,8.14,30.26,9.31,87.8516
4102109,Astorga,PR,0,344.4484,4.42,0.747,0.675,0.754,0.818,0.5,875.14,0.67,8.06,32.1,9.62,91.3394
4102208,Atalaia,PR,0,379.3897,3.5878,0.736,0.66,0.707,0.854,0.41,649.55,0.82,9.29,35.25,8.43,85.5354
4102307,Balsa Nova,PR,0,39.5795,4.1218,0.696,0.579,0.707,0.823,0.44,652.54,3.05,4.55,29.86,5.27,60.7965
4102406,Bandeirantes,PR,0,283.1287,4.4922,0.727,0.658,0.714,0.819,0.49,679.72,1.13,9.07,36.44,10.58,88.1929
4102505,Barbosa Ferraz,PR,0,317.369,4.0526,0.696,0.625,0.667,0.808,0.48,507.7,5.07,15.79,27.37,6.41,75.7032
4102604,Barracão,PR,0,446.0259,4.0148,0.706,0.59,0.716,0.833,0.54,688.92,3.13,8.34,24.81,8.61,71.9877
4102703,Barra do Jacaré,PR,0,273.3659,3.4442,0.744,0.747,0.678,0.813,0.42,543.58,3.25,11.81,41.52,7.22,67.8768
4102752,Bela Vista da Caroba,PR,0,443.2069,3.532,0.681,0.572,0.667,0.828,0.51,507.41,4.07,14.22,17.5,1.87,26.3878
4102802,Bela Vista do Paraíso,PR,0,334.1538,4.1875,0.716,0.604,0.721,0.844,0.47,710.14,1.17,11.93,28.07,9.42,94.1442
4102901,Bituruna,PR,0,242.6181,4.2151,0.667,0.556,0.645,0.829,0.49,443.43,7.64,8.07,20.15,5.24,62.3363
4103008,Boa Esperança,PR,0,379.2551,3.6011,0.72,0.673,0.687,0.808,0.47,575.77,3.36,13.31,30.93,8.26,57.7933
4103024,Boa Esperança do Iguaçu,PR,0,396.4771,3.3869,0.7,0.602,0.673,0.848,0.44,527.03,7.04,8.39,25.1,5.5,34.479
4103040,Boa Ventura de São Roque,PR,0,236.3999,3.8023,0.655,0.553,0.635,0.802,0.51,415.44,8.1,11.78,21.93,5.2,23.5581
4103057,Boa Vista da Aparecida,PR,0,415.7107,3.8764,0.67,0.563,0.668,0.801,0.48,510.39,5.94,15.53,21.53,5.09,61.9391
4103107,Bocaiúva do Sul,PR,0,29.4359,4.1241,0.64,0.473,0.679,0.816,0.46,547.26,2.09,9.05,20.27,4.49,46.6733
4103156,Bom Jesus do Sul,PR,0,441.3474,3.5406,0.697,0.656,0.64,0.805,0.46,430.51,7.72,10.1,21.73,5.04,24.5785
4103206,Bom Sucesso,PR,0,316.7701,3.8514,0.686,0.57,0.692,0.82,0.43,592.27,0.51,13.7,27.09,6.74,81.2224
4103222,Bom Sucesso do Sul,PR,0,363.6,3.5111,0.742,0.695,0.704,0.836,0.53,639.33,7.29,1.86,28.91,6.45,48.0109
4103305,Borrazópolis,PR,0,286.7443,3.7987,0.717,0.633,0.695,0.838,0.43,604.08,2.03,11.75,31.07,6.58,73.737
4103354,Braganey,PR,0,393.5515,3.7274,0.701,0.627,0.689,0.797,0.5,580.75,3.11,13.27,28.21,8.47,59.5815
4103370,Brasilândia do Sul,PR,0,450.7164,3.4016,0.681,0.572,0.68,0.813,0.45,550.58,1.28,15.44,21.72,4.37,67.9339
4103404,Cafeara,PR,0,384.6439,3.4732,0.693,0.602,0.683,0.811,0.4,560.67,2.77,15.58,31.13,6.0,81.4471
4103453,Cafelândia,PR,0,418.3438,4.2738,0.748,0.692,0.723,0.835,0.41,721.38,0.4,4.42,36.02,12.24,84.2177
4103479,Cafezal do Sul,PR,0,460.8001,3.5993,0.692,0.611,0.686,0.792,0.41,569.82,1.03,15.32,25.47,4.84,77.5058
4103503,Califórnia,PR,0,288.2964,3.9366,0.722,0.638,0.718,0.821,0.5,698.38,1.73,8.68,31.46,8.27,74.7057
4103602,Cambará,PR,0,278.206,4.4077,0.721,0.645,0.711,0.818,0.47,666.89,2.34,8.59,35.4,10.63,93.6323
4103701,Cambé,PR,0,313.851,5.0339,0.734,0.651,0.724,0.84,0.42,723.34,0.77,6.38,33.48,8.84,96.0913
4103800,Cambira,PR,0,310.0167,3.9013,0.725,0.651,0.702,0.835,0.42,630.19,1.03,8.9,33.21,6.91,75.6633
4103909,Campina da Lagoa,PR,0,368.8316,4.1426,0.704,0.623,0.677,0.829,0.46,540.04,2.9,13.03,28.89,6.42,81.5707
4103958,Campina do Simão,PR,0,258.329,3.5833,0.63,0.527,0.598,0.792,0.5,330.48,13.61,11.93,16.06,3.21,34.053
4104006,Campina Grande do Sul,PR,0,26.2573,4.6442,0.718,0.605,0.712,0.86,0.44,671.29,1.17,5.98,32.17,4.98,82.4396
4104055,Campo Bonito,PR,0,377.2016,3.5675,0.681,0.562,0.69,0.813,0.48,585.04,2.98,13.07,20.64,5.47,58.5432
4104105,Campo do Tenente,PR,0,73.973,3.9094,0.686,0.606,0.661,0.806,0.49,488.06,2.73,9.11,24.62,4.87,58.8632
4104204,Campo Largo,PR,0,25.9723,5.1325,0.745,0.664,0.73,0.854,0.45,749.21,1.47,4.48,33.74,9.1,83.7992
4104253,Campo Magro,PR,0,17.2394,4.4793,0.701,0.607,0.685,0.828,0.38,567.04,1.7,6.17,26.71,3.74,78.6821
4104303,Campo Mourão,PR,0,350.0547,4.9827,0.757,0.689,0.749,0.841,0.5,843.42,1.23,7.29,40.73,13.87,94.8185
4104402,Cândido de Abreu,PR,0,229.0172,4.1645,0.629,0.494,0.643,0.783,0.57,438.62,10.96,16.19,17.78,3.97,28.532
4104428,Candói,PR,0,279.7667,4.2075,0.635,0.503,0.655,0.778,0.54,472.4,9.92,9.31,17.21,5.66,46.8931
4104451,Cantagalo,PR,0,286.8181,4.1252,0.635,0.522,0.638,0.768,0.51,424.57,5.75,8.79,18.04,4.42,65.6964
4104501,Capanema,PR,0,455.0842,4.2827,0.706,0.611,0.719,0.801,0.45,701.11,2.39,7.33,24.72,6.06,60.1857
4104600,Capitão Leônidas Marques,PR,0,436.2834,4.201,0.716,0.623,0.712,0.829,0.46,670.16,1.03,9.59,30.2,5.97,76.7535
4104659,Carambeí,PR,0,100.1908,4.3843,0.728,0.64,0.721,0.836,0.53,711.5,2.07,5.0,32.72,6.4,72.6295
4104709,Carlópolis,PR,0,227.5144,4.1581,0.713,0.625,0.696,0.832,0.47,608.82,1.1,8.07,29.4,6.55,68.2402
4104808,Cascavel,PR,0,424.7103,5.5264,0.782,0.728,0.776,0.846,0.51,1003.38,0.8,4.47,44.52,15.2,94.3551
4104907,Castro,PR,0,102.1848,4.8581,0.703,0.6,0.704,0.823,0.53,639.54,3.91,7.63,29.57,8.26,73.4393
4105003,Catanduvas,PR,0,391.0643,4.0062,0.678,0.573,0.677,0.805,0.53,539.43,6.65,13.6,20.84,4.95,52.3623
4105102,Centenário do Sul,PR,0,374.4848,4.0295,0.668,0.549,0.686,0.791,0.41,571.32,1.46,13.56,23.56,5.56,83.4138
4105201,Cerro Azul,PR,0,68.2845,4.2525,0.573,0.391,0.604,0.797,0.48,342.88,11.26,17.73,11.05,2.26,28.3859
4105300,Céu Azul,PR,0,462.0535,4.0745,0.732,0.659,0.732,0.812,0.47,759.41,0.8,6.25,31.34,9.14,76.0243
4105409,Chopinzinho,PR,0,330.338,4.2806,0.74,0.671,0.74,0.817,0.55,802.23,3.07,8.13,30.47,9.38,63.5601
4105508,Cianorte,PR,0,391.2352,4.9293,0.755,0.685,0.747,0.841,0.41,837.13,0.58,5.58,37.72,11.03,89.0277
4105607,Cidade Gaúcha,PR,0,436.326,4.1119,0.718,0.645,0.712,0.805,0.42,671.1,1.54,11.33,31.96,7.9,82.9506
4105706,Clevelândia,PR,0,326.5465,4.2134,0.694,0.573,0.718,0.813,0.58,696.71,3.91,11.39,26.61,8.64,85.6032
4105805,Colombo,PR,0,16.0463,5.3967,0.733,0.632,0.715,0.87,0.41,682.85,0.77,4.65,32.36,5.47,95.4153
4105904,Colorado,PR,0,398.0589,4.3851,0.73,0.649,0.747,0.804,0.43,833.7,0.18,8.82,36.2,7.84,94.0031
4106001,Congonhinhas,PR,0,246.6254,3.9492,0.668,0.562,0.655,0.809,0.5,471.57,6.61,16.91,22.13,4.78,58.3887
4106100,Conselheiro Mairinck,PR,0,221.0335,3.5901,0.707,0.65,0.675,0.806,0.47,534.5,2.41,10.11,31.17,8.22,69.1694
4106209,Contenda,PR,0,37.9253,4.2806,0.681,0.555,0.697,0.816,0.47,612.8,2.17,5.06,25.56,4.44,58.0895
4106308,Corbélia,PR,0,411.2651,4.2346,0.738,0.683,0.728,0.807,0.48,743.65,0.97,7.66,32.5,8.47,85.6793
4106407,Cornélio Procópio,PR,0,286.5653,4.6798,0.759,0.692,0.746,0.848,0.48,828.19,1.37,6.72,42.94,16.26,94.417
4106456,Coronel Domingos Soares,PR,0,290.237,3.8773,0.6,0.447,0.609,0.792,0.54,353.16,15.41,10.2,16.72,4.28,24.2194
4106506,Coronel Vivida,PR,0,335.6609,4.3103,0.723,0.653,0.714,0.81,0.47,679.98,2.65,8.19,30.4,7.93,71.0148
4106555,Corumbataí do Sul,PR,0,324.0165,3.4826,0.638,0.52,0.632,0.79,0.42,409.02,4.5,19.22,16.96,2.88,53.1484
4106571,Cruzeiro do Iguaçu,PR,0,387.3413,3.6262,0.709,0.641,0.703,0.792,0.51,636.1,4.0,12.77,26.49,5.72,61.3137
4106605,Cruzeiro do Oeste,PR,0,426.9056,4.3214,0.717,0.64,0.698,0.825,0.43,617.44,0.77,12.56,30.31,6.23,86.5351
4106704,Cruzeiro do Sul,PR,0,401.6423,3.6464,0.713,0.641,0.682,0.828,0.42,558.9,1.91,12.11,30.14,5.96,74.6
4106803,Cruz Machado,PR,0,217.8579,4.2735,0.664,0.545,0.635,0.845,0.54,414.98,14.54,5.88,18.89,3.89,33.5754
4106852,Cruzmaltina,PR,0,271.6106,3.4612,0.666,0.593,0.65,0.768,0.38,456.21,0.65,17.14,26.47,4.39,47.5332
4106902,Curitiba,PR,1,0.0,6.2931,0.823,0.768,0.85,0.855,0.55,1581.04,0.48,2.13,57.35,25.95,100.0
4107009,Curiúva,PR,0,196.2604,4.1844,0.656,0.546,0.649,0.795,0.45,455.24,3.3,13.6,18.33,4.47,68.7567
4107108,Diamante do Norte,PR,0,477.7866,3.6968,0.723,0.657,0.699,0.824,0.44,619.39,1.13,11.15,34.57,5.86,82.5054
4107124,Diamante do Sul,PR,0,346.4539,3.5326,0.608,0.479,0.605,0.777,0.45,344.73,11.14,19.12,15.77,4.02,40.0285
4107157,Diamante d'Oeste,PR,0,489.2104,3.7226,0.644,0.532,0.647,0.776,0.5,447.57,9.89,16.77,19.3,5.91,50.9449
4107207,Dois Vizinhos,PR,0,380.9684,4.6173,0.767,0.711,0.747,0.85,0.47,836.1,1.52,6.59,37.81,9.79,77.6555
4107256,Douradina,PR,0,466.9551,3.9537,0.724,0.644,0.721,0.818,0.43,708.51,0.3,9.54,31.82,8.4,70.3291
4107306,Doutor Camargo,PR,0,364.286,3.7772,0.746,0.702,0.704,0.839,0.39,639.19,3.28,8.78,33.91,7.69,87.663
4107405,Enéas Marques,PR,0,394.2847,3.7713,0.752,0.664,0.767,0.835,0.6,948.7,2.85,8.77,27.22,5.36,34.8353
4107504,Engenheiro Beltrão,PR,0,352.36,4.1449,0.73,0.677,0.701,0.82,0.43,629.05,2.62,9.72,34.43,7.5,88.2928
4107520,Esperança Nova,PR,0,496.6585,3.213,0.689,0.594,0.69,0.799,0.39,584.46,2.31,11.46,26.74,4.37,38.1726
4107538,Entre Rios do Oeste,PR,0,507.2891,3.6675,0.761,0.686,0.778,0.826,0.5,1013.75,0.41,3.19,34.14,7.26,67.295
4107546,Espigão Alto do Iguaçu,PR,0,358.1297,3.5999,0.636,0.521,0.632,0.781,0.57,409.12,18.67,14.05,18.18,2.64,35.1935
4107553,Farol,PR,0,369.7169,3.4764,0.715,0.665,0.671,0.818,0.49,521.09,4.42,14.87,26.22,3.79,58.1221
4107603,Faxinal,PR,0,260.8591,4.24,0.687,0.584,0.697,0.796,0.48,612.79,1.5,13.39,29.93,8.1,78.0863
4107652,Fazenda Rio Grande,PR,0,23.7457,5.016,0.72,0.617,0.713,0.847,0.46,677.31,1.62,4.47,28.69,3.86,92.9636
4107702,Fênix,PR,0,321.541,3.6752,0.716,0.665,0.669,0.825,0.43,514.41,4.83,13.31,29.62,5.74,83.1945
4107736,Fernandes Pinheiro,PR,0,128.1221,3.7452,0.645,0.525,0.647,0.791,0.54,446.98,9.55,9.92,17.48,2.25,35.3001
4107751,Figueira,PR,0,210.8396,3.8822,0.677,0.569,0.68,0.801,0.44,551.93,1.82,14.1,25.14,7.12,85.5058
4107801,Floraí,PR,0,386.5719,3.6887,0.745,0.656,0.739,0.853,0.43,792.48,0.73,8.18,30.96,8.56,88.5545
4107850,Flor da Serra do Sul,PR,0,414.1704,3.6611,0.682,0.56,0.68,0.833,0.46,549.7,3.24,11.08,19.12,3.35,34.7863
4107900,Floresta,PR,0,349.2084,3.8405,0.736,0.691,0.707,0.816,0.36,649.71,0.88,7.07,37.64,9.12,92.2273
4108007,Florestópolis,PR,0,357.5172,4.0154,0.701,0.625,0.682,0.807,0.34,555.82,0.95,12.94,28.08,4.79,93.9583
4108106,Flórida,PR,0,376.8473,3.4328,0.732,0.679,0.707,0.816,0.39,652.52,0.63,9.11,34.37,8.56,91.3095
4108205,Formosa do Oeste,PR,0,427.1959,3.8024,0.723,0.652,0.692,0.836,0.41,593.44,1.18,10.31,31.34,6.93,65.9064
4108304,Foz do Iguaçu,PR,0,533.6123,5.4116,0.751,0.661,0.748,0.858,0.53,842.26,1.75,5.64,40.32,13.38,99.1698
4108320,Francisco Alves,PR,0,485.9851,3.7739,0.669,0.57,0.669,0.786,0.41,512.87,3.9,15.78,21.51,4.52,65.9707
4108403,Francisco Beltrão,PR,0,385.7105,4.9699,0.774,0.726,0.758,0.844,0.47,895.36,1.2,5.68,42.18,12.25,85.4401
4108452,Foz do Jordão,PR,0,288.1526,3.6499,0.645,0.496,0.654,0.828,0.54,467.65,7.59,10.77,19.41,3.69,72.4539
4108502,General Carneiro,PR,0,232.3946,4.1355,0.652,0.532,0.638,0.816,0.48,423.27,4.83,9.87,21.99,3.95,70.0051
4108551,Godoy Moreira,PR,0,301.132,3.4548,0.675,0.578,0.642,0.828,0.44,434.45,5.76,15.38,18.63,2.48,46.359
4108601,Goioerê,PR,0,403.4642,4.4584,0.731,0.639,0.72,0.85,0.48,707.58,1.85,10.64,32.68,9.75,86.9874
4108650,Goioxim,PR,0,275.9793,3.8449,0.641,0.547,0.593,0.813,0.49,320.16,15.18,12.8,15.95,3.11,23.404
4108700,Grandes Rios,PR,0,267.3173,3.7307,0.658,0.55,0.649,0.799,0.45,455.19,4.3,17.93,22.9,5.19,53.7358
4108809,Guaíra,PR,0,524.1653,4.525,0.724,0.615,0.739,0.836,0.57,795.84,3.47,9.5,34.13,11.88,91.8643
4108908,Guairaçá,PR,0,444.0732,3.8218,0.693,0.574,0.698,0.829,0.45,614.06,1.01,14.08,24.68,5.49,80.0226
4108957,Guamiranga,PR,0,156.9458,3.9485,0.669,0.568,0.657,0.804,0.46,478.34,2.49,7.35,19.5,2.68,28.3038
4109005,Guapirama,PR,0,226.9113,3.576,0.702,0.645,0.666,0.805,0.46,505.91,3.04,12.54,29.02,5.24,74.531
4109104,Guaporema,PR,0,424.3538,3.3501,0.719,0.671,0.686,0.808,0.37,572.72,0.06,12.19,31.2,7.06,57.7287
4109203,Guaraci,PR,0,364.57,3.7448,0.698,0.598,0.693,0.821,0.37,595.93,0.42,11.2,26.72,5.09,80.352
4109302,Guaraniaçu,PR,0,363.6782,4.0781,0.677,0.528,0.698,0.841,0.54,614.94,5.53,10.74,20.92,7.2,53.518
4109401,Guarapuava,PR,0,220.1532,5.2642,0.731,0.628,0.73,0.853,0.55,750.09,2.24,6.0,34.85,11.31,91.433
4109500,Guaraqueçaba,PR,0,96.1637,3.8782,0.587,0.434,0.587,0.792,0.49,307.8,14.46,14.71,16.83,3.37,34.0872
4109609,Guaratuba,PR,0,85.3011,4.5795,0.717,0.604,0.737,0.828,0.56,782.92,3.08,5.4,33.85,9.45,89.7492
4109658,Honório Serpa,PR,0,321.3337,3.7016,0.683,0.612,0.645,0.807,0.46,443.83,6.87,9.39,22.65,5.16,33.3837
4109708,Ibaiti,PR,0,199.0268,4.5032,0.71,0.596,0.738,0.813,0.62,787.74,5.15,11.59,28.74,6.75,80.4007
4109757,Ibema,PR,0,378.86,3.8053,0.685,0.615,0.664,0.786,0.44,499.24,3.09,11.92,24.86,5.11,81.454
4109807,Ibiporã,PR,0,301.0234,4.7458,0.726,0.647,0.72,0.821,0.45,706.25,1.46,7.44,33.57,9.89,95.2218
4109906,Icaraíma,PR,0,495.52,3.8849,0.666,0.554,0.673,0.792,0.42,525.92,3.16,11.98,24.07,5.55,70.5962
4110003,Iguaraçu,PR,0,358.95,3.6508,0.758,0.732,0.714,0.833,0.42,678.32,1.07,9.6,41.78,8.58,89.3772
4110052,Iguatu,PR,0,392.4286,3.3524,0.703,0.637,0.672,0.812,0.46,523.94,2.36,12.02,26.73,5.76,64.3688
4110078,Imbaú,PR,0,185.2371,4.1287,0.622,0.481,0.636,0.785,0.43,418.52,4.91,16.35,13.54,2.76,62.622
4110102,Imbituva,PR,0,135.1151,4.5225,0.66,0.509,0.681,0.828,0.51,553.65,2.53,5.84,19.68,3.98,62.8642
4110201,Inácio Martins,PR,0,181.6196,4.046,0.6,0.454,0.623,0.765,0.51,385.92,8.58,10.89,18.9,4.96,57.4614
4110300,Inajá,PR,0,421.333,3.4944,0.705,0.641,0.676,0.807,0.43,538.69,2.38,14.32,26.78,5.4,92.4029
4110409,Indianópolis,PR,0,409.4192,3.6505,0.724,0.642,0.707,0.835,0.35,652.36,0.3,10.23,29.81,7.29,73.2031
4110508,Ipiranga,PR,0,139.7469,4.1855,0.652,0.489,0.684,0.828,0.53,564.83,6.27,7.62,17.34,3.86,34.5512
4110607,Iporã,PR,0,476.3986,4.1349,0.706,0.611,0.696,0.829,0.45,608.93,1.96,12.11,26.23,5.91,78.6129
4110656,Iracema do Oeste,PR,0,426.8626,3.3456,0.707,0.63,0.672,0.836,0.4,524.51,1.94,16.11,24.24,4.8,77.6571
4110706,Irati,PR,0,139.2503,4.7884,0.726,0.64,0.715,0.835,0.49,685.81,1.89,4.56,31.0,8.75,79.9402
4110805,Iretama,PR,0,306.7096,4.0013,0.665,0.521,0.696,0.811,0.58,608.11,3.38,16.79,19.97,5.88,58.247
4110904,Itaguajé,PR,0,416.2077,3.646,0.707,0.664,0.672,0.791,0.41,523.98,0.57,11.42,31.94,5.99,79.5972
4110953,Itaipulândia,PR,0,507.0671,4.064,0.738,0.608,0.779,0.848,0.63,1019.87,1.47,7.69,30.0,10.83,52.526
4111001,Itambaracá,PR,0,292.5707,3.814,0.694,0.639,0.664,0.789,0.42,499.63,2.77,15.46,30.05,6.11,75.159
4111100,Itambé,PR,0,338.2829,3.786,0.746,0.703,0.691,0.854,0.36,588.49,0.04,11.74,37.68,6.12,94.8988
4111209,Itapejara d'Oeste,PR,0,359.8865,4.0871,0.731,0.661,0.713,0.828,0.49,674.12,2.18,7.32,28.67,5.49,66.347
4111258,Itaperuçu,PR,0,25.3214,4.4697,0.637,0.507,0.654,0.779,0.4,468.04,2.99,10.78,18.94,2.25,83.5433
4111308,Itaúna do Sul,PR,0,474.3838,3.4314,0.656,0.543,0.651,0.798,0.37,460.51,1.19,19.28,21.46,4.68,71.1415
4111407,Ivaí,PR,0,166.7298,4.1476,0.651,0.534,0.654,0.791,0.5,469.13,7.66,8.31,20.01,4.02,36.1217
4111506,Ivaiporã,PR,0,276.2586,4.5036,0.73,0.661,0.711,0.827,0.48,666.73,2.01,11.54,32.02,9.99,86.2396
4111555,Ivaté,PR,0,472.2978,3.9188,0.706,0.641,0.684,0.803,0.37,563.82,1.3,10.23,31.58,4.41,69.6433
4111605,Ivatuba,PR,0,359.8736,3.5184,0.766,0.748,0.718,0.837,0.43,699.09,0.0,7.02,37.34,12.15,76.2126
4111704,Jaboti,PR,0,205.3896,3.7269,0.718,0.64,0.699,0.827,0.48,618.6,0.75,11.49,26.46,5.13,61.7503
4111803,Jacarezinho,PR,0,262.6793,4.594,0.743,0.663,0.734,0.844,0.53,770.55,1.14,9.04,41.01,13.53,88.8883
4111902,Jaguapitã,PR,0,345.1756,4.1418,0.715,0.615,0.714,0.834,0.4,681.75,0.47,10.81,26.4,7.16,84.908
4112009,Jaguariaíva,PR,0,138.5181,4.5464,0.743,0.684,0.698,0.859,0.51,616.79,2.39,6.9,33.97,7.95,85.9995
4112108,Jandaia do Sul,PR,0,314.7115,4.328,0.747,0.703,0.741,0.801,0.46,803.28,0.65,7.33,37.83,15.11,90.4386
4112207,Janiópolis,PR,0,382.3779,3.6944,0.696,0.593,0.688,0.826,0.5,577.55,2.8,17.66,24.57,4.9,61.8187
4112306,Japira,PR,0,200.859,3.6928,0.696,0.603,0.675,0.827,0.47,534.19,2.7,10.99,27.57,5.72,55.7414
4112405,Japurá,PR,0,397.7943,3.981,0.712,0.623,0.698,0.829,0.35,615.19,0.36,8.84,24.06,5.89,89.1215
4112504,Jardim Alegre,PR,0,281.3475,4.044,0.689,0.569,0.696,0.827,0.66,608.16,14.29,15.12,19.15,5.49,58.1873
4112603,Jardim Olinda,PR,0,426.0528,3.1169,0.682,0.6,0.669,0.791,0.44,515.05,2.43,12.41,22.12,5.56,71.0433
4112702,Jataizinho,PR,0,297.0852,4.1034,0.687,0.574,0.669,0.845,0.44,514.94,3.83,10.34,26.71,5.71,93.0779
4112751,Jesuítas,PR,0,431.3974,3.9165,0.705,0.615,0.68,0.839,0.42,551.65,2.06,10.22,24.62,6.19,67.437
4112801,Joaquim Távora,PR,0,224.8013,4.0831,0.7,0.613,0.699,0.801,0.43,618.36,0.45,8.08,30.82,8.98,76.5648
4112900,Jundiaí do Sul,PR,0,242.9065,3.5116,0.688,0.605,0.66,0.817,0.5,485.95,7.45,14.51,26.93,5.18,57.559
4112959,Juranda,PR,0,377.5596,3.86,0.708,0.639,0.678,0.818,0.44,544.87,1.47,12.24,27.61,4.95,76.4167
4113007,Jussara,PR,0,381.6534,3.8494,0.718,0.619,0.716,0.835,0.46,688.1,1.28,7.05,26.71,5.6,89.6218
4113106,Kaloré,PR,0,300.9063,3.6016,0.721,0.657,0.673,0.848,0.4,528.02,1.15,11.45,29.99,8.86,71.4159
4113205,Lapa,PR,0,58.0609,4.6871,0.706,0.595,0.696,0.848,0.49,608.6,3.68,5.67,29.35,6.53,60.5849
4113254,Laranjal,PR,0,327.6805,3.7573,0.585,0.436,0.581,0.79,0.49,297.34,14.62,17.81,12.72,2.98,31.934
4113304,Laranjeiras do Sul,PR,0,315.0667,4.5074,0.706,0.594,0.709,0.835,0.54,659.33,4.6,8.47,27.68,10.02,81.3302
4113403,Leópolis,PR,0,301.7693,3.5906,0.707,0.663,0.657,0.812,0.39,477.23,2.14,11.52,34.48,5.47,57.9252
4113429,Lidianópolis,PR,0,282.1248,3.499,0.68,0.598,0.657,0.802,0.4,477.52,0.77,17.81,19.66,4.33,51.4976
4113452,Lindoeste,PR,0,433.0764,3.6521,0.666,0.588,0.652,0.769,0.5,462.44,8.05,13.65,17.08,4.37,44.4693
4113502,Loanda,PR,0,480.5374,4.3691,0.725,0.645,0.724,0.815,0.47,725.67,1.23,8.24,33.03,9.81,90.9108
4113601,Lobato,PR,0,383.2544,3.6857,0.744,0.692,0.708,0.841,0.38,653.7,0.42,11.01,40.66,9.09,93.2743
4113700,Londrina,PR,0,303.7859,5.7641,0.778,0.712,0.789,0.837,0.51,1083.35,0.74,4.52,47.81,19.07,97.3987
4113734,Luiziana,PR,0,329.6314,3.8584,0.668,0.58,0.659,0.781,0.48,482.03,2.54,14.63,25.01,4.15,65.0171
4113759,Lunardelli,PR,0,291.606,3.6716,0.69,0.607,0.655,0.826,0.46,471.99,5.35,16.23,25.22,5.87,69.6512
4113809,Lupionópolis,PR,0,384.0094,3.6963,0.71,0.595,0.703,0.856,0.48,636.69,2.39,11.02,31.06,7.25,88.8284
4113908,Mallet,PR,0,163.4582,4.1366,0.708,0.645,0.681,0.809,0.46,552.86,5.11,3.27,29.73,4.89,58.352
4114005,Mamborê,PR,0,351.0281,4.1106,0.719,0.649,0.698,0.821,0.49,616.46,2.61,11.0,29.79,8.34,64.3507
4114104,Mandaguaçu,PR,0,368.3757,4.3687,0.718,0.625,0.717,0.825,0.41,693.16,0.38,8.83,31.23,8.86,88.8984
4114203,Mandaguari,PR,0,323.7492,4.5394,0.751,0.689,0.732,0.84,0.45,762.54,0.61,7.32,35.6,11.73,94.721
4114302,Mandirituba,PR,0,36.6808,4.4433,0.655,0.515,0.677,0.807,0.46,539.68,2.72,6.63,20.31,3.77,33.3663
4114351,Manfrinópolis,PR,0,412.1901,3.3877,0.645,0.52,0.642,0.805,0.47,435.85,9.23,14.6,16.7,3.23,20.8507
4114401,Mangueirinha,PR,0,296.5107,4.2194,0.688,0.579,0.695,0.811,0.57,605.97,6.13,9.47,26.75,7.57,49.2374
4114500,Manoel Ribas,PR,0,262.0074,4.1309,0.716,0.628,0.725,0.806,0.6,729.51,4.28,13.66,29.53,7.05,51.6744
4114609,Marechal Cândido Rondon,PR,0,492.2012,4.7326,0.774,0.704,0.782,0.842,0.53,1036.38,0.58,3.84,39.58,11.16,83.6135
4114708,Maria Helena,PR,0,446.1107,3.7476,0.703,0.607,0.68,0.842,0.41,552.13,1.9,14.34,20.46,5.09,67.0584
4114807,Marialva,PR,0,335.105,4.5575,0.735,0.666,0.733,0.814,0.44,765.58,1.47,6.83,33.68,10.29,80.7034
4114906,Marilândia do Sul,PR,0,278.6204,3.9441,0.691,0.599,0.664,0.831,0.44,497.15,1.93,10.47,24.51,4.9,71.24
4115002,Marilena,PR,0,486.0758,3.8508,0.681,0.585,0.651,0.828,0.36,461.09,1.34,12.77,20.91,3.9,72.6742
4115101,Mariluz,PR,0,422.8447,4.014,0.639,0.504,0.653,0.794,0.46,466.87,4.1,17.46,22.2,4.2,82.8149
4115200,Maringá,PR,0,350.6201,5.64,0.808,0.768,0.806,0.852,0.49,1202.63,0.29,3.27,53.46,20.01,98.2009
4115309,Mariópolis,PR,0,344.3249,3.8231,0.698,0.591,0.717,0.804,0.48,694.06,1.14,7.57,25.86,6.3,71.2987
4115358,Maripá,PR,0,473.6194,3.7452,0.758,0.684,0.736,0.866,0.42,781.94,0.29,3.32,34.78,8.72,57.3892
4115408,Marmeleiro,PR,0,384.1957,4.1586,0.722,0.613,0.73,0.842,0.51,751.42,2.48,8.37,26.73,6.61,63.482
4115457,Marquinho,PR,0,302.2663,3.6317,0.614,0.463,0.615,0.814,0.5,366.3,10.15,13.97,13.38,2.77,10.52
4115507,Marumbi,PR,0,307.0109,3.6699,0.721,0.643,0.705,0.826,0.46,642.72,1.15,12.98,31.72,6.88,68.2381
4115606,Matelândia,PR,0,473.0778,4.2616,0.725,0.642,0.715,0.831,0.46,683.91,1.7,6.73,32.62,8.31,72.2291
4115705,Matinhos,PR,0,85.4033,4.5527,0.743,0.662,0.743,0.834,0.48,814.03,1.28,4.23,37.37,10.58,99.4937
4115739,Mato Rico,PR,0,300.5338,3.4972,0.632,0.536,0.58,0.812,0.45,296.21,15.14,18.09,18.05,1.91,25.0655
4115754,Mauá da Serra,PR,0,260.7917,4.0412,0.652,0.529,0.661,0.793,0.47,487.69,3.51,13.03,19.24,4.42,81.9755
4115804,Medianeira,PR,0,484.5194,4.6715,0.763,0.686,0.762,0.849,0.49,914.67,0.87,5.42,37.11,12.7,89.4134
4115853,Mercedes,PR,0,505.2509,3.7495,0.74,0.68,0.708,0.843,0.41,657.38,2.33,4.28,30.16,5.64,48.3353
4115903,Mirador,PR,0,429.6264,3.3385,0.68,0.599,0.656,0.8,0.4,474.75,1.93,14.32,26.41,3.47,67.8556
4116000,Miraselva,PR,0,354.465,3.2519,0.748,0.707,0.694,0.854,0.39,600.03,1.54,9.86,37.46,9.42,76.7991
4116059,Missal,PR,0,501.3337,4.0296,0.711,0.608,0.714,0.828,0.45,678.96,5.39,5.6,27.61,8.77,51.7472
4116109,Moreira Sales,PR,0,408.1519,4.0779,0.675,0.57,0.673,0.802,0.44,528.33,3.61,15.79,23.08,4.67,78.7958
4116208,Morretes,PR,0,44.4958,4.2171,0.686,0.544,0.71,0.837,0.53,665.51,2.74,6.77,30.1,6.57,45.6674
4116307,Munhoz de Melo,PR,0,359.2654,3.6057,0.726,0.634,0.704,0.856,0.39,637.77,0.0,10.71,28.32,6.39,80.9913
4116406,Nossa Senhora das Graças,PR,0,379.7016,3.603,0.709,0.631,0.679,0.832,0.33,547.55,0.87,12.45,32.61,5.45,82.951
4116505,Nova Aliança do Ivaí,PR,0,420.4234,3.1931,0.717,0.691,0.673,0.794,0.34,528.26,0.36,11.42,33.37,8.16,72.7463
4116604,Nova América da Colina,PR,0,275.4675,3.5345,0.698,0.643,0.655,0.809,0.36,472.29,0.82,13.84,29.65,4.56,72.5704
4116703,Nova Aurora,PR,0,414.1041,4.0057,0.733,0.642,0.726,0.844,0.55,734.83,2.19,5.01,31.14,7.61,76.1841
4116802,Nova Cantu,PR,0,342.9609,3.6837,0.658,0.558,0.646,0.792,0.48,446.81,4.4,17.2,22.67,4.04,55.2727
4116901,Nova Esperança,PR,0,388.3833,4.4481,0.722,0.628,0.723,0.829,0.46,719.26,0.78,8.81,33.97,10.42,91.3883
4116950,Nova Esperança do Sudoeste,PR,0,403.4516,3.7002,0.714,0.633,0.714,0.805,0.5,678.29,5.39,9.16,22.36,3.86,34.2095
4117008,Nova Fátima,PR,0,257.9758,3.9096,0.688,0.584,0.681,0.819,0.45,555.2,1.66,13.62,26.1,7.96,81.1219
4117057,Nova Laranjeiras,PR,0,328.5841,4.0593,0.642,0.517,0.614,0.833,0.56,366.26,17.71,12.37,18.81,4.29,21.1013
4117107,Nova Londrina,PR,0,479.7787,4.1202,0.758,0.691,0.735,0.856,0.5,777.47,1.35,8.53,35.68,10.25,91.9415
4117206,Nova Olímpia,PR,0,443.8677,3.7669,0.71,0.631,0.699,0.813,0.4,619.47,1.12,13.25,29.91,6.96,85.1354
4117214,Nova Santa Bárbara,PR,0,254.9449,3.6339,0.68,0.588,0.668,0.799,0.49,511.42,7.02,16.41,28.75,5.39,83.9048
4117222,Nova Santa Rosa,PR,0,484.2474,3.9197,0.731,0.66,0.732,0.809,0.41,758.84,0.13,3.2,29.95,6.51,69.6958
4117255,Nova Prata do Iguaçu,PR,0,409.5611,4.0228,0.716,0.646,0.711,0.798,0.46,668.06,3.68,10.19,27.9,6.76,58.4658
4117271,Nova Tebas,PR,0,291.8356,3.7203,0.651,0.553,0.632,0.788,0.5,408.22,10.29,18.18,20.21,4.67,39.0781
4117297,Novo Itacolomi,PR,0,292.3081,3.4527,0.71,0.633,0.681,0.831,0.38,553.56,0.27,10.35,32.92,3.79,56.1726
4117305,Ortigueira,PR,0,215.2437,4.3381,0.609,0.441,0.632,0.811,0.49,408.86,6.92,18.33,12.84,3.76,41.0051
4117404,Ourizona,PR,0,372.0892,3.5344,0.72,0.644,0.721,0.803,0.44,709.99,0.0,9.02,32.18,5.64,90.0592
4117453,Ouro Verde do Oeste,PR,0,471.731,3.7807,0.709,0.634,0.688,0.817,0.41,578.86,1.39,10.07,25.73,4.57,70.9592
4117503,Paiçandu,PR,0,357.0015,4.6258,0.716,0.632,0.697,0.833,0.36,610.64,0.62,7.6,27.33,4.04,98.6337
4117602,Palmas,PR,0,295.5858,4.7202,0.66,0.505,0.687,0.827,0.54,575.55,4.71,9.31,24.7,10.53,92.7882
4117701,Palmeira,PR,0,73.468,4.5329,0.718,0.618,0.725,0.826,0.59,729.05,5.91,4.23,30.64,8.54,60.315
4117800,Palmital,PR,0,302.2783,4.1057,0.639,0.511,0.647,0.791,0.52,447.15,8.69,14.36,21.61,5.42,49.7746
4117909,Palotina,PR,0,478.2645,4.5104,0.768,0.689,0.76,0.864,0.47,904.85,0.98,5.82,42.1,15.28,85.9255
4118006,Paraíso do Norte,PR,0,413.2797,4.1526,0.746,0.668,0.752,0.825,0.48,864.18,0.18,9.16,34.45,7.55,94.283
4118105,Paranacity,PR,0,404.0131,4.0676,0.717,0.638,0.689,0.839,0.4,582.06,0.49,10.85,29.89,7.87,92.3805
4118204,Paranaguá,PR,0,75.4499,5.1969,0.75,0.676,0.733,0.852,0.52,765.85,2.13,3.88,39.42,9.57,96.3814
4118303,Paranapoema,PR,0,420.3597,3.5155,0.709,0.629,0.68,0.834,0.43,549.69,1.94,13.18,33.1,7.38,89.5736
4118402,Paranavaí,PR,0,415.856,4.9516,0.763,0.703,0.75,0.844,0.48,852.66,0.97,7.0,41.24,13.31,95.2666
4118451,Pato Bragado,PR,0,507.6535,3.76,0.747,0.694,0.745,0.807,0.43,824.97,0.0,3.8,33.99,7.1,62.0697
4118501,Pato Branco,PR,0,352.1579,4.9283,0.782,0.728,0.778,0.845,0.51,1013.22,1.57,4.33,44.24,15.92,94.0873
4118600,Paula Freitas,PR,0,188.0445,3.7739,0.717,0.622,0.699,0.847,0.58,621.46,7.01,5.25,22.94,3.75,50.5705
4118709,Paulo Frontin,PR,0,170.5795,3.8703,0.708,0.639,0.688,0.806,0.51,579.76,5.7,3.69,26.66,4.78,31.4335
4118808,Peabiru,PR,0,353.7145,4.1467,0.723,0.629,0.727,0.826,0.54,737.63,2.65,10.42,32.33,8.06,80.8059
4118857,Perobal,PR,0,451.9065,3.792,0.713,0.638,0.684,0.83,0.41,565.43,1.8,12.26,24.89,4.48,54.4843
4118907,Pérola,PR,0,480.6282,4.0571,0.7,0.607,0.704,0.804,0.37,637.59,0.18,8.68,24.85,6.24,79.0556
4119004,Pérola d'Oeste,PR,0,450.0877,3.7946,0.726,0.679,0.697,0.809,0.44,613.32,2.77,9.73,29.18,7.91,47.138
4119103,Piên,PR,0,75.4762,4.1144,0.694,0.616,0.677,0.802,0.42,541.67,2.63,4.21,25.0,6.34,40.2545
4119152,Pinhais,PR,0,7.3672,5.1297,0.751,0.666,0.761,0.836,0.48,911.51,0.65,3.35,38.86,9.52,100.0
4119202,Pinhalão,PR,0,199.6807,3.8009,0.697,0.601,0.679,0.828,0.49,545.95,1.08,11.64,27.98,5.35,63.1376
4119251,Pinhal de São Bento,PR,0,427.0483,3.4381,0.695,0.626,0.669,0.801,0.37,514.89,0.99,8.85,21.84,5.56,44.419
4119301,Pinhão,PR,0,240.1644,4.5148,0.654,0.534,0.649,0.806,0.53,454.31,10.89,12.28,22.47,5.25,50.7051
4119400,Piraí do Sul,PR,0,120.754,4.4113,0.708,0.619,0.702,0.816,0.56,631.84,2.82,6.69,30.63,6.74,68.7415
4119509,Piraquara,PR,0,20.7946,5.0676,0.7,0.574,0.689,0.869,0.41,581.74,2.03,5.0,28.13,4.67,49.0714
4119608,Pitanga,PR,0,262.0238,4.4726,0.702,0.621,0.696,0.802,0.52,609.77,4.85,10.49,29.8,8.79,63.086
4119657,Pitangueiras,PR,0,339.0259,3.5183,0.71,0.634,0.67,0.842,0.33,518.34,0.61,12.24,28.78,5.89,72.4947
4119707,Planaltina do Paraná,PR,0,456.8455,3.6315,0.705,0.646,0.682,0.795,0.43,556.04,4.15,13.12,27.96,7.01,67.7167
4119806,Planalto,PR,0,452.3046,4.1266,0.706,0.636,0.704,0.786,0.47,641.16,2.5,9.4,22.6,5.17,44.4412
4119905,Ponta Grossa,PR,0,97.1359,5.5549,0.763,0.703,0.755,0.837,0.54,877.1,1.63,3.67,42.88,13.25,97.7928
4119954,Pontal do Paraná,PR,0,84.5629,4.4553,0.738,0.655,0.737,0.831,0.51,782.87,1.46,4.83,34.83,9.38,99.1539
4120002,Porecatu,PR,0,366.4206,4.0999,0.738,0.661,0.728,0.834,0.44,742.25,0.47,9.42,35.83,9.4,80.6399
4120101,Porto Amazonas,PR,0,63.1831,3.6901,0.7,0.595,0.708,0.815,0.51,655.76,2.14,6.47,31.19,7.35,65.3079
4120150,Porto Barreiro,PR,0,314.6996,3.496,0.688,0.588,0.676,0.821,0.52,535.4,4.95,10.39,19.66,3.68,18.8643
4120200,Porto Rico,PR,0,501.5797,3.4072,0.735,0.68,0.691,0.846,0.48,590.58,2.68,12.61,30.21,8.31,69.7233
4120309,Porto Vitória,PR,0,212.8139,3.6082,0.685,0.6,0.674,0.796,0.44,531.11,1.49,6.04,23.2,3.75,55.597
4120333,Prado Ferreira,PR,0,345.8672,3.5805,0.71,0.593,0.707,0.852,0.49,652.38,1.14,12.52,22.95,6.01,87.7985
4120358,Pranchita,PR,0,452.497,3.702,0.752,0.696,0.743,0.821,0.52,815.6,3.73,9.45,31.7,6.53,64.0547
4120408,Presidente Castelo Branco,PR,0,377.7141,3.732,0.713,0.608,0.695,0.857,0.37,603.83,1.33,12.43,29.0,5.23,87.7299
4120507,Primeiro de Maio,PR,0,337.7337,4.0468,0.701,0.599,0.695,0.826,0.45,604.96,1.83,10.48,27.07,7.01,93.0853
4120606,Prudentópolis,PR,0,173.7256,4.7224,0.676,0.577,0.664,0.807,0.47,497.84,6.5,7.9,25.03,6.14,46.0383
4120655,Quarto Centenário,PR,0,404.6081,3.6454,0.71,0.603,0.724,0.819,0.61,723.41,4.02,12.76,23.85,6.15,59.9671
4120705,Quatiguá,PR,0,217.7589,3.8753,0.714,0.655,0.691,0.803,0.41,590.85,1.01,8.46,31.28,6.49,90.4471
4120804,Quatro Barras,PR,0,19.8711,4.3848,0.742,0.665,0.74,0.831,0.47,800.4,1.57,4.7,42.34,9.26,90.3783
4120853,Quatro Pontes,PR,0,483.2444,3.6067,0.791,0.748,0.79,0.838,0.47,1093.43,0.0,1.24,30.96,7.42,64.081
4120903,Quedas do Iguaçu,PR,0,365.2844,4.5404,0.681,0.576,0.69,0.794,0.58,586.88,12.23,11.14,25.08,6.09,68.5738
4121000,Querência do Norte,PR,0,500.6193,4.0884,0.688,0.604,0.667,0.808,0.5,509.13,4.09,15.36,25.23,5.8,64.9842
4121109,Quinta do Sol,PR,0,339.057,3.6478,0.715,0.631,0.689,0.842,0.44,583.64,1.83,16.45,24.87,8.08,74.9017
4121208,Quitandinha,PR,0,53.3978,4.2875,0.68,0.603,0.648,0.806,0.47,452.08,6.88,7.11,21.34,3.86,28.5973
4121257,Ramilândia,PR,0,479.398,3.6532,0.63,0.489,0.639,0.802,0.48,426.7,9.37,15.37,18.58,3.63,49.4194
4121307,Rancho Alegre,PR,0,310.634,3.5752,0.707,0.633,0.691,0.808,0.49,590.51,2.68,11.08,25.6,4.62,87.737
4121356,Rancho Alegre d'Oeste,PR,0,391.63,3.4153,0.704,0.625,0.673,0.831,0.44,528.21,1.67,13.83,24.74,4.98,80.8922
4121406,Realeza,PR,0,428.8201,4.2298,0.722,0.63,0.72,0.83,0.43,704.94,1.16,7.82,29.03,7.48,72.1998
4121505,Rebouças,PR,0,143.0428,4.1758,0.672,0.576,0.647,0.814,0.51,449.27,10.54,6.85,24.21,5.74,52.9416
4121604,Renascença,PR,0,379.0717,3.8307,0.733,0.63,0.746,0.838,0.58,831.49,4.74,9.74,27.84,6.25,51.1597
4121703,Reserva,PR,0,181.225,4.4303,0.618,0.461,0.65,0.786,0.5,457.88,4.87,14.76,16.51,4.03,48.4904
4121752,Reserva do Iguaçu,PR,0,279.9022,3.9099,0.648,0.521,0.636,0.82,0.57,419.62,13.61,11.96,16.76,7.0,53.4419
4121802,Ribeirão Claro,PR,0,253.5049,4.0262,0.716,0.627,0.704,0.832,0.52,639.91,5.29,7.45,29.82,7.53,66.3514
4121901,Ribeirão do Pinhal,PR,0,250.5571,4.1095,0.701,0.611,0.684,0.824,0.5,563.87,2.39,15.38,28.0,6.86,81.9136
4122008,Rio Azul,PR,0,155.2139,4.1885,0.687,0.544,0.728,0.819,0.63,740.31,7.08,4.17,19.6,4.09,35.5638
4122107,Rio Bom,PR,0,285.4453,3.5,0.729,0.681,0.672,0.848,0.43,524.89,3.93,8.46,29.71,5.83,60.198
4122156,Rio Bonito do Iguaçu,PR,0,326.8413,4.1219,0.629,0.498,0.631,0.792,0.5,405.76,9.67,10.86,14.61,3.61,24.3174
4122172,Rio Branco do Ivaí,PR,0,240.1323,3.615,0.64,0.537,0.624,0.783,0.49,387.85,8.81,14.99,22.52,4.32,23.5762
4122206,Rio Branco do Sul,PR,0,27.3712,4.5137,0.679,0.545,0.679,0.847,0.47,548.8,3.8,10.47,23.46,4.88,71.925
4122305,Rio Negro,PR,0,90.9994,4.5396,0.76,0.705,0.721,0.863,0.48,709.13,1.97,3.54,38.42,9.76,82.2089
4122404,Rolândia,PR,0,316.8254,4.8336,0.739,0.661,0.744,0.821,0.45,819.52,0.49,6.17,35.45,11.76,94.62
4122503,Roncador,PR,0,316.7213,3.9753,0.681,0.595,0.665,0.797,0.53,500.36,6.64,15.55,21.08,4.83,61.7145
4122602,Rondon,PR,0,418.7334,3.9852,0.713,0.61,0.724,0.82,0.41,724.58,0.2,10.67,28.86,9.6,79.9911
4122651,Rosário do Ivaí,PR,0,238.8216,3.6623,0.662,0.577,0.638,0.788,0.47,422.97,7.67,19.53,23.33,7.76,48.6936
4122701,Sabáudia,PR,0,329.8909,3.8422,0.74,0.676,0.71,0.843,0.41,663.2,1.35,9.74,32.99,6.1,83.6122
4122800,Salgado Filho,PR,0,417.5847,3.5301,0.7,0.604,0.682,0.831,0.46,557.15,3.35,10.86,25.47,5.07,51.1924
4122909,Salto do Itararé,PR,0,206.3937,3.6868,0.704,0.631,0.661,0.836,0.42,490.56,4.11,14.92,27.87,5.21,71.9003
4123006,Salto do Lontra,PR,0,407.2029,4.1748,0.718,0.625,0.707,0.839,0.46,650.57,1.64,9.73,26.97,6.42,54.2845
4123105,Santa Amélia,PR,0,267.4898,3.5062,0.653,0.526,0.655,0.809,0.41,470.75,2.04,11.19,13.33,4.9,75.8875
4123204,Santa Cecília do Pavão,PR,0,262.6102,3.5123,0.723,0.661,0.681,0.838,0.47,553.12,3.35,17.83,32.09,6.61,83.8453
4123303,Santa Cruz de Monte Castelo,PR,0,492.2875,3.8868,0.71,0.633,0.681,0.831,0.38,552.67,1.6,12.91,32.26,6.53,71.0949
4123402,Santa Fé,PR,0,370.2078,4.091,0.705,0.601,0.721,0.808,0.41,709.44,0.33,8.7,29.02,7.98,88.4969
4123501,Santa Helena,PR,0,513.7632,4.4319,0.744,0.678,0.738,0.823,0.52,791.53,1.08,7.7,33.45,10.55,53.7565
4123600,Santa Inês,PR,0,409.7539,3.1953,0.717,0.659,0.675,0.827,0.38,533.95,2.14,13.0,31.03,5.6,65.5666
4123709,Santa Isabel do Ivaí,PR,0,481.0727,3.9286,0.72,0.656,0.697,0.817,0.41,610.69,1.43,12.08,32.47,6.99,80.6164
4123808,Santa Izabel do Oeste,PR,0,424.3749,4.1739,0.696,0.603,0.677,0.826,0.45,540.49,4.1,9.78,28.42,5.83,56.5108
4123824,Santa Lúcia,PR,0,431.7571,3.5792,0.687,0.592,0.688,0.795,0.44,578.04,3.5,12.92,23.54,5.19,64.6115
4123857,Santa Maria do Oeste,PR,0,267.0282,3.9643,0.609,0.477,0.6,0.79,0.48,334.84,13.56,14.44,19.42,4.84,27.9217
4123907,Santa Mariana,PR,0,284.0247,4.0616,0.7,0.624,0.684,0.804,0.43,564.1,1.72,13.7,32.24,8.44,66.9079
4123956,Santa Mônica,PR,0,467.3457,3.6077,0.704,0.63,0.698,0.792,0.48,614.27,0.27,12.87,26.08,5.31,41.305
4124004,Santana do Itararé,PR,0,190.327,3.6916,0.687,0.585,0.654,0.848,0.5,467.18,6.95,16.1,22.68,3.7,65.8411
4124020,Santa Tereza do Oeste,PR,0,439.9917,4.0024,0.705,0.632,0.686,0.808,0.44,573.27,2.73,7.45,27.27,5.33,77.7681
4124053,Santa Terezinha de Itaipu,PR,0,514.8644,4.3789,0.738,0.689,0.716,0.814,0.44,688.34,2.05,7.26,33.54,9.17,90.3843
4124103,Santo Antônio da Platina,PR,0,251.1233,4.6675,0.718,0.617,0.733,0.817,0.54,765.04,1.4,9.75,36.96,10.44,86.5057
4124202,Santo Antônio do Caiuá,PR,0,432.8286,3.4168,0.696,0.632,0.65,0.82,0.35,455.52,2.73,12.98,28.15,7.51,77.8511
4124301,Santo Antônio do Paraíso,PR,0,256.5413,3.3079,0.716,0.662,0.683,0.813,0.48,561.33,0.91,13.07,34.6,6.17,75.6645
4124400,Santo Antônio do Sudoeste,PR,0,451.4452,4.3086,0.671,0.543,0.69,0.807,0.52,585.95,5.74,11.66,20.45,5.8,72.5719
4124509,Santo Inácio,PR,0,397.4464,3.7342,0.739,0.641,0.746,0.843,0.53,829.4,0.82,9.37,37.27,7.66,79.7115
4124608,São Carlos do Ivaí,PR,0,401.4471,3.8427,0.682,0.547,0.703,0.825,0.4,635.85,0.71,10.77,19.44,5.43,89.3768
4124707,São Jerônimo da Serra,PR,0,241.0962,4.0449,0.637,0.503,0.626,0.822,0.53,393.81,12.78,17.23,18.92,5.82,49.9338
4124806,São João,PR,0,349.3591,4.0053,0.727,0.66,0.695,0.838,0.43,605.55,2.17,7.66,30.4,9.05,63.5437
4124905,São João do Caiuá,PR,0,423.1821,3.7648,0.664,0.551,0.678,0.785,0.44,545.41,1.92,13.19,25.43,6.44,85.2478
4125001,São João do Ivaí,PR,0,303.1353,3.9955,0.693,0.611,0.677,0.803,0.43,540.31,2.35,16.21,26.41,6.52,76.9978
4125100,São João do Triunfo,PR,0,107.8567,4.1864,0.629,0.475,0.655,0.801,0.49,471.43,7.08,7.84,15.35,3.37,29.5388
4125209,São Jorge d'Oeste,PR,0,367.2527,3.9545,0.722,0.656,0.705,0.813,0.47,641.7,3.63,7.28,27.92,7.34,57.3913
4125308,São Jorge do Ivaí,PR,0,378.0759,3.7431,0.743,0.696,0.727,0.81,0.43,738.42,1.01,9.06,34.27,8.35,86.6594
4125357,São Jorge do Patrocínio,PR,0,502.0156,3.7429,0.676,0.543,0.702,0.81,0.4,630.8,0.34,14.47,14.36,5.29,58.583
4125407,São José da Boa Vista,PR,0,173.0346,3.7864,0.671,0.594,0.651,0.781,0.43,458.85,2.6,11.44,23.3,4.23,59.3457
4125456,São José das Palmeiras,PR,0,486.5505,3.5564,0.713,0.627,0.686,0.844,0.45,570.26,1.55,13.84,28.0,6.23,62.9504
4125506,São José dos Pinhais,PR,0,13.6948,5.5246,0.758,0.678,0.749,0.859,0.45,846.93,0.66,3.4,41.64,10.37,89.6616
4125555,São Manoel do Paraná,PR,0,409.9478,3.3355,0.725,0.64,0.721,0.825,0.44,710.62,0.38,13.5,27.16,5.56,55.2431
4125605,São Mateus do Sul,PR,0,122.2005,4.6734,0.719,0.623,0.711,0.838,0.49,669.78,3.64,3.84,30.14,7.91,62.307
4125704,São Miguel do Iguaçu,PR,0,499.3417,4.4424,0.704,0.588,0.726,0.818,0.54,734.88,4.05,8.04,25.38,8.25,63.9722
4125753,São Pedro do Iguaçu,PR,0,465.0164,3.7593,0.683,0.581,0.687,0.798,0.46,573.84,2.61,11.64,24.13,4.45,62.4711
4125803,São Pedro do Ivaí,PR,0,313.9017,4.0457,0.717,0.627,0.702,0.836,0.4,632.22,0.44,10.7,30.92,6.97,79.1187
4125902,São Pedro do Paraná,PR,0,494.7688,3.3551,0.704,0.616,0.678,0.836,0.4,544.76,0.55,12.57,26.02,5.87,65.4757
4126009,São Sebastião da Amoreira,PR,0,266.1934,3.9477,0.715,0.651,0.689,0.814,0.44,582.81,1.08,14.46,33.42,8.67,88.0246
4126108,São Tomé,PR,0,396.7519,3.7618,0.725,0.66,0.707,0.816,0.38,651.78,0.16,9.12,31.02,8.09,83.1183
4126207,Sapopema,PR,0,215.0374,3.8266,0.655,0.509,0.695,0.795,0.58,603.35,5.73,16.97,19.24,7.37,52.7316
4126256,Sarandi,PR,0,343.9692,4.9951,0.695,0.579,0.681,0.85,0.35,554.48,0.95,7.09,22.25,2.65,99.1539
4126272,Saudade do Iguaçu,PR,0,336.5267,3.7465,0.699,0.611,0.695,0.803,0.47,604.56,4.08,8.26,23.92,7.46,49.7812
4126306,Sengés,PR,0,147.7513,4.2887,0.663,0.546,0.658,0.811,0.51,479.7,5.54,8.43,19.39,4.4,82.0408
4126355,Serranópolis do Iguaçu,PR,0,480.774,3.6493,0.762,0.662,0.778,0.859,0.5,1012.88,0.15,4.07,30.07,7.58,50.8319
4126405,Sertaneja,PR,0,309.0719,3.7117,0.725,0.651,0.724,0.809,0.53,725.23,1.36,9.56,34.07,9.86,87.76
4126504,Sertanópolis,PR,0,319.2523,4.2163,0.723,0.655,0.719,0.804,0.43,701.27,0.85,6.78,32.68,9.13,87.6775
4126603,Siqueira Campos,PR,0,202.1471,4.332,0.704,0.588,0.708,0.839,0.49,655.16,0.76,8.8,26.34,6.49,72.743
4126652,Sulina,PR,0,346.7938,3.4594,0.693,0.57,0.684,0.854,0.47,563.32,3.94,8.41,20.06,4.69,40.9546
4126678,Tamarana,PR,0,265.7108,4.184,0.621,0.46,0.628,0.829,0.47,398.24,9.76,15.25,18.81,4.28,47.7736
4126702,Tamboara,PR,0,410.5646,3.7157,0.731,0.674,0.679,0.852,0.34,546.32,0.11,10.94,35.84,4.58,85.6775
4126801,Tapejara,PR,0,409.4762,4.217,0.703,0.612,0.694,0.819,0.39,599.13,0.59,11.77,26.86,5.03,90.1904
4126900,Tapira,PR,0,451.3509,3.7366,0.697,0.619,0.689,0.794,0.42,583.51,0.87,13.9,24.81,5.16,58.8588
4127007,Teixeira Soares,PR,0,120.0501,4.1059,0.671,0.544,0.676,0.822,0.51,536.39,5.19,5.5,24.12,4.95,46.6401
4127106,Telêmaco Borba,PR,0,183.4564,4.9063,0.734,0.657,0.726,0.828,0.49,732.78,2.53,7.35,36.74,8.32,97.9505
4127205,Terra Boa,PR,0,371.9445,4.2381,0.728,0.68,0.708,0.803,0.4,653.34,0.26,8.67,31.81,5.28,82.7269
4127304,Terra Rica,PR,0,454.452,4.2318,0.71,0.613,0.698,0.837,0.39,614.23,1.42,10.74,28.18,5.34,81.2693
4127403,Terra Roxa,PR,0,507.0776,4.2446,0.714,0.639,0.697,0.818,0.42,611.85,1.98,10.05,32.52,7.22,76.3828
4127502,Tibagi,PR,0,153.7946,4.3157,0.664,0.519,0.678,0.832,0.55,543.05,4.69,12.12,20.73,4.58,60.3184
4127601,Tijucas do Sul,PR,0,54.916,4.2379,0.636,0.479,0.679,0.792,0.47,547.62,3.89,8.59,18.67,4.09,15.7185
4127700,Toledo,PR,0,456.7976,5.1602,0.768,0.702,0.755,0.855,0.46,876.72,0.78,4.6,40.44,13.48,90.7353
4127809,Tomazina,PR,0,196.4514,3.8864,0.699,0.622,0.661,0.829,0.45,489.45,4.15,13.23,25.35,5.67,46.8547
4127858,Três Barras do Paraná,PR,0,393.216,4.0805,0.681,0.557,0.683,0.831,0.5,562.22,7.37,12.48,21.73,4.07,51.5477
4127882,Tunas do Paraná,PR,0,54.5181,3.967,0.611,0.444,0.641,0.801,0.52,431.27,5.09,18.25,14.83,3.15,44.6292
4127908,Tuneiras do Oeste,PR,0,403.7135,3.9295,0.695,0.629,0.662,0.805,0.38,493.46,1.22,9.49,25.54,5.45,68.6947
4127957,Tupãssi,PR,0,437.9131,3.9088,0.73,0.649,0.721,0.83,0.47,711.31,1.04,6.82,27.67,6.84,78.6045
4127965,Turvo,PR,0,231.5612,4.1132,0.672,0.549,0.668,0.828,0.52,512.21,6.15,12.3,22.37,4.34,36.5506
4128005,Ubiratã,PR,0,388.0665,4.3183,0.739,0.669,0.706,0.854,0.46,648.36,1.81,9.63,32.28,10.07,85.3372
4128104,Umuarama,PR,0,448.2964,5.0547,0.761,0.698,0.755,0.836,0.48,880.6,0.59,6.15,40.11,13.15,92.8275
4128203,União da Vitória,PR,0,202.3801,4.7657,0.74,0.68,0.713,0.837,0.48,674.29,2.04,4.04,36.64,12.54,94.7815
4128302,Uniflor,PR,0,392.1807,3.4188,0.72,0.655,0.69,0.826,0.37,586.3,0.58,10.27,34.32,6.05,80.5758
4128401,Uraí,PR,0,292.4568,4.0505,0.721,0.655,0.698,0.821,0.48,617.75,1.27,11.07,30.83,10.21,81.5725
4128500,Wenceslau Braz,PR,0,181.8475,4.2869,0.687,0.594,0.692,0.79,0.52,594.42,3.76,10.96,29.87,6.41,80.3658
4128534,Ventania,PR,0,164.8272,4.0887,0.65,0.543,0.633,0.798,0.42,411.92,3.95,14.88,21.33,3.55,65.3912
4128559,Vera Cruz do Oeste,PR,0,465.2525,3.9237,0.699,0.601,0.702,0.811,0.54,632.91,6.32,11.11,26.78,5.49,76.485
4128609,Verê,PR,0,367.8869,3.8509,0.72,0.626,0.709,0.84,0.47,661.18,3.64,10.79,20.57,5.81,41.6476
4128625,Alto Paraíso,PR,0,499.6017,3.42,0.678,0.556,0.677,0.829,0.52,540.24,6.99,14.66,19.77,5.28,55.2714
4128633,Doutor Ulysses,PR,0,97.3451,3.7423,0.546,0.362,0.57,0.791,0.49,277.33,18.88,17.34,5.68,1.97,16.2214
4128658,Virmond,PR,0,294.419,3.6076,0.722,0.628,0.708,0.848,0.53,655.2,7.74,7.2,23.17,5.2,47.5949
4128708,Vitorino,PR,0,362.7305,3.8375,0.702,0.582,0.728,0.818,0.48,742.97,2.71,5.7,28.18,8.42,61.2314
4128807,Xambrê,PR,0,465.9608,3.7469,0.706,0.606,0.703,0.825,0.48,633.91,2.11,12.86,25.44,3.99,33.1005
4200051,Abdon Batista,SC,0,244.1603,3.4038,0.694,0.625,0.66,0.812,0.45,485.35,5.96,9.73,27.81,6.22,27.2899
4200101,Abelardo Luz,SC,0,392.0318,4.2556,0.696,0.578,0.684,0.852,0.53,562.88,10.6,11.05,24.07,7.23,55.9649
4200200,Agrolândia,SC,0,127.7667,4.0477,0.725,0.633,0.727,0.827,0.36,739.1,1.06,5.11,27.93,4.88,63.9172
4200309,Agronômica,SC,0,120.8366,3.7459,0.741,0.595,0.774,0.884,0.47,985.65,0.51,5.58,22.41,3.02,37.8874
4200408,Água Doce,SC,0,304.5592,3.8549,0.698,0.574,0.724,0.82,0.54,722.21,2.16,7.2,26.2,9.52,49.3176
4200507,Águas de Chapecó,SC,0,442.1989,3.8158,0.713,0.629,0.712,0.811,0.44,673.13,2.34,6.4,23.43,4.53,52.9624
4200556,Águas Frias,SC,0,433.4731,3.3694,0.745,0.661,0.728,0.86,0.38,743.13,3.26,9.09,29.85,6.32,40.4703
4200606,Águas Mornas,SC,0,31.731,3.8226,0.723,0.606,0.731,0.853,0.34,754.54,0.73,5.84,23.51,4.82,41.943
4200705,Alfredo Wagner,SC,0,79.5054,4.0059,0.668,0.481,0.702,0.882,0.46,630.54,7.02,9.4,18.82,6.36,30.4782
4200754,Alto Bela Vista,SC,0,332.154,3.2822,0.755,0.664,0.734,0.882,0.46,770.49,3.47,4.04,27.49,6.85,30.1746
4200804,Anchieta,SC,0,488.0662,3.7385,0.699,0.608,0.703,0.8,0.44,636.15,2.74,7.21,26.29,5.81,40.5329
4200903,Angelina,SC,0,42.9584,3.6708,0.687,0.581,0.699,0.797,0.47,618.55,2.83,10.49,20.66,4.85,21.3905
4201000,Anita Garibaldi,SC,0,254.7229,3.8314,0.688,0.592,0.667,0.826,0.5,506.94,7.09,13.29,27.8,8.69,52.7775
4201109,Anitápolis,SC,0,67.7129,3.5083,0.674,0.524,0.699,0.836,0.44,620.8,1.13,10.7,19.05,5.35,40.9147
4201208,Antônio Carlos,SC,0,22.9676,3.9401,0.749,0.615,0.768,0.89,0.43,952.53,0.13,4.11,24.01,5.68,31.3891
4201257,Apiúna,SC,0,103.1435,4.0395,0.708,0.584,0.735,0.827,0.39,776.69,1.38,5.93,24.89,6.07,44.6667
4201273,Arabutã,SC,0,358.7694,3.6302,0.733,0.614,0.744,0.863,0.45,820.78,4.95,4.04,22.27,5.39,31.171
4201307,Araquari,SC,0,135.5155,4.6116,0.703,0.602,0.696,0.83,0.4,609.76,1.22,5.68,25.22,4.47,94.1274
4201406,Araranguá,SC,0,175.5586,4.8419,0.76,0.691,0.745,0.853,0.45,827.2,0.79,4.45,38.96,9.72,82.4107
4201505,Armazém,SC,0,87.493,3.9466,0.77,0.698,0.743,0.882,0.44,814.95,0.31,5.8,31.45,6.71,62.995
4201604,Arroio Trinta,SC,0,284.8961,3.5499,0.764,0.653,0.781,0.873,0.45,1029.14,0.42,5.54,31.04,7.51,68.4466
4201653,Arvoredo,SC,0,390.4462,3.3479,0.715,0.61,0.713,0.842,0.36,675.6,2.28,9.87,23.73,4.39,22.1681
4201703,Ascurra,SC,0,108.7479,3.9042,0.742,0.636,0.739,0.868,0.35,793.09,0.0,4.1,25.72,5.89,87.1155
4201802,Atalanta,SC,0,122.9058,3.5023,0.733,0.668,0.736,0.802,0.44,781.32,1.42,3.96,30.73,5.39,41.4545
4201901,Aurora,SC,0,112.8195,3.7549,0.733,0.606,0.748,0.87,0.4,841.85,3.14,4.61,21.31,4.29,34.7991
4201950,Balneário Arroio do Silva,SC,0,176.175,4.1393,0.746,0.642,0.753,0.858,0.53,866.42,1.68,4.94,35.36,9.9,97.9658
4202008,Balneário Camboriú,SC,0,66.8247,5.1738,0.845,0.789,0.854,0.894,0.52,1625.59,0.21,1.5,58.67,25.66,100.0
4202057,Balneário Barra do Sul,SC,0,125.9379,4.052,0.716,0.611,0.713,0.844,0.41,676.33,0.26,3.71,29.18,7.56,95.3144
4202073,Balneário Gaivota,SC,0,202.8663,4.0621,0.728,0.622,0.734,0.844,0.47,768.73,0.46,6.3,29.46,7.16,77.2771
4202081,Bandeirante,SC,0,511.9489,3.418,0.672,0.565,0.675,0.795,0.4,534.25,4.19,8.92,18.2,1.8,32.0372
4202099,Barra Bonita,SC,0,495.329,3.2109,0.701,0.599,0.692,0.83,0.4,594.28,2.32,13.57,19.15,3.61,14.8562
4202107,Barra Velha,SC,0,106.871,4.4849,0.738,0.639,0.735,0.857,0.44,773.05,1.06,4.63,33.4,9.58,95.2381
4202131,Bela Vista do Toldo,SC,0,239.5568,3.8052,0.675,0.598,0.624,0.826,0.46,389.28,11.67,5.47,18.3,3.16,14.1073
4202156,Belmonte,SC,0,504.4929,3.4333,0.705,0.611,0.699,0.82,0.45,620.67,1.89,9.39,21.48,5.71,48.3112
4202206,Benedito Novo,SC,0,121.0154,4.0754,0.74,0.645,0.723,0.868,0.36,717.89,0.76,4.09,26.16,6.08,56.1533
4202305,Biguaçu,SC,0,14.7991,4.848,0.739,0.659,0.733,0.836,0.39,764.37,0.5,4.61,36.56,7.21,90.6401
4202404,Blumenau,SC,0,90.1103,5.564,0.806,0.722,0.812,0.894,0.46,1253.17,0.12,1.77,44.12,15.49,95.3924
4202438,Bocaina do Sul,SC,0,138.7832,3.5442,0.647,0.549,0.642,0.768,0.41,434.87,2.46,11.26,21.8,4.65,29.3921
4202453,Bombinhas,SC,0,49.3878,4.3199,0.781,0.732,0.753,0.864,0.44,865.15,0.3,3.46,42.98,11.21,100.0
4202503,Bom Jardim da Serra,SC,0,134.7327,3.6813,0.696,0.568,0.71,0.835,0.57,665.6,2.44,8.39,23.36,7.29,54.5392
4202537,Bom Jesus,SC,0,392.0273,3.4919,0.718,0.606,0.74,0.827,0.55,798.97,3.67,10.55,31.4,8.18,59.1845
4202578,Bom Jesus do Oeste,SC,0,460.8697,3.3296,0.712,0.601,0.725,0.83,0.39,728.09,0.56,7.16,22.52,4.85,30.3471
4202602,Bom Retiro,SC,0,95.6835,4.0066,0.699,0.559,0.704,0.869,0.46,638.85,1.22,10.2,25.37,6.29,71.7625
4202701,Botuverá,SC,0,67.7187,3.7321,0.724,0.604,0.741,0.848,0.28,805.77,0.07,5.85,23.75,3.45,29.3196
4202800,Braço do Norte,SC,0,97.9686,4.5352,0.778,0.716,0.746,0.881,0.41,831.77,0.21,3.54,39.95,9.58,80.581
4202859,Braço do Trombudo,SC,0,134.8275,3.5791,0.78,0.702,0.766,0.883,0.36,941.12,0.29,3.37,32.54,6.48,54.9031
4202875,Brunópolis,SC,0,227.7675,3.3651,0.661,0.545,0.646,0.819,0.47,446.48,9.79,13.63,21.05,3.81,24.7368
4202909,Brusque,SC,0,65.4231,5.148,0.795,0.707,0.794,0.894,0.4,1116.93,0.29,2.68,38.8,10.94,96.7034
4203006,Caçador,SC,0,260.6096,4.9032,0.735,0.62,0.728,0.878,0.48,744.28,1.6,5.93,32.89,9.82,91.0899
4203105,Caibi,SC,0,468.0464,3.7862,0.728,0.631,0.737,0.83,0.44,783.57,1.68,8.39,30.08,6.93,57.5334
4203154,Calmon,SC,0,274.9801,3.5218,0.622,0.5,0.618,0.779,0.42,373.86,2.75,10.84,13.53,2.8,62.4446
4203204,Camboriú,SC,0,63.2321,4.9404,0.726,0.6,0.736,0.866,0.4,781.76,0.12,4.04,24.63,5.62,94.9808
4203253,Capão Alto,SC,0,197.1915,3.3922,0.654,0.516,0.68,0.796,0.51,550.84,3.7,9.89,19.09,4.53,34.9437
4203303,Campo Alegre,SC,0,170.7997,4.0786,0.714,0.636,0.677,0.845,0.41,539.9,3.3,4.4,32.19,5.72,61.602
4203402,Campo Belo do Sul,SC,0,220.6081,3.8382,0.641,0.528,0.648,0.768,0.46,450.29,3.98,14.43,21.78,3.63,58.8801
4203501,Campo Erê,SC,0,469.1996,3.9197,0.69,0.595,0.702,0.787,0.51,631.08,4.59,12.94,25.25,7.51,66.7236
4203600,Campos Novos,SC,0,264.7838,4.5666,0.742,0.658,0.721,0.861,0.46,708.77,1.9,6.64,33.86,10.43,82.4519
4203709,Canelinha,SC,0,42.4092,4.0987,0.697,0.542,0.723,0.865,0.44,721.27,5.2,7.89,14.83,4.39,63.4349
4203808,Canoinhas,SC,0,241.2778,4.7369,0.757,0.692,0.717,0.874,0.49,692.87,2.43,4.34,40.25,10.68,74.43
4203907,Capinzal,SC,0,303.4742,4.3658,0.752,0.659,0.742,0.869,0.45,811.66,0.5,5.59,34.61,8.88,85.4832
4203956,Capivari de Baixo,SC,0,103.9917,4.4061,0.767,0.716,0.724,0.87,0.36,723.04,0.79,4.22,39.45,7.95,91.4275
4204004,Catanduvas,SC,0,312.6401,4.0456,0.714,0.625,0.723,0.806,0.47,717.59,0.06,6.17,30.33,9.53,84.7096
4204103,Caxambu do Sul,SC,0,430.436,3.5393,0.691,0.523,0.725,0.87,0.5,730.36,2.29,10.77,21.63,7.3,48.8551
4204152,Celso Ramos,SC,0,274.7839,3.4328,0.719,0.692,0.651,0.826,0.39,458.62,4.57,8.69,29.2,6.48,31.4688
4204178,Cerro Negro,SC,0,229.8263,3.479,0.621,0.455,0.634,0.829,0.55,414.6,12.96,17.02,16.84,2.46,21.3348
4204194,Chapadão do Lageado,SC,0,98.2272,3.4807,0.704,0.616,0.68,0.833,0.43,549.08,6.84,7.41,23.91,6.51,18.5735
4204202,Chapecó,SC,0,405.4468,5.3571,0.79,0.727,0.779,0.871,0.48,1017.34,0.65,4.45,43.12,13.67,91.5997
4204251,Cocal do Sul,SC,0,136.3447,4.2293,0.78,0.74,0.747,0.859,0.37,833.24,0.88,2.81,41.42,8.09,83.7522
4204301,Concórdia,SC,0,345.3923,4.879,0.8,0.756,0.777,0.872,0.46,1009.49,0.9,4.2,43.13,12.59,79.9537
4204350,Cordilheira Alta,SC,0,406.3272,3.6613,0.747,0.662,0.735,0.855,0.39,773.44,0.49,4.86,29.82,5.5,38.4391
4204400,Coronel Freitas,SC,0,418.3592,3.9956,0.744,0.653,0.732,0.86,0.4,759.01,0.92,8.3,27.29,5.96,59.4047
4204459,Coronel Martins,SC,0,425.364,3.4082,0.696,0.609,0.678,0.816,0.44,543.22,4.99,11.43,24.83,4.58,27.8682
4204509,Corupá,SC,0,145.0648,4.2122,0.78,0.707,0.768,0.873,0.46,951.63,0.17,3.09,32.27,7.75,77.0214
4204558,Correia Pinto,SC,0,178.9843,4.0904,0.702,0.614,0.701,0.804,0.49,628.18,2.87,9.4,28.88,5.97,81.3121
4204608,Criciúma,SC,0,144.9653,5.3412,0.788,0.737,0.786,0.846,0.48,1062.53,0.51,3.0,44.58,15.46,98.6074
4204707,Cunha Porã,SC,0,463.8344,4.0473,0.742,0.682,0.744,0.804,0.38,821.86,0.0,4.88,31.1,5.8,61.4247
4204756,Cunhataí,SC,0,454.3748,3.2949,0.754,0.623,0.777,0.886,0.46,1009.05,0.12,3.95,20.87,3.7,30.2338
4204806,Curitibanos,SC,0,203.6658,4.6025,0.721,0.62,0.716,0.846,0.51,687.47,1.72,7.95,32.72,10.35,92.1082
4204905,Descanso,SC,0,497.6083,3.9104,0.743,0.647,0.741,0.854,0.43,804.31,2.15,5.41,29.19,4.83,49.7684
4205001,Dionísio Cerqueira,SC,0,524.928,4.1929,0.706,0.61,0.703,0.82,0.53,636.41,5.21,10.18,25.47,7.52,68.807
4205100,Dona Emma,SC,0,133.5078,3.6257,0.742,0.622,0.762,0.862,0.46,918.49,0.97,4.17,24.74,4.91,50.2016
4205159,Doutor Pedrinho,SC,0,133.4077,3.6195,0.716,0.609,0.714,0.843,0.34,679.44,1.07,3.88,17.55,4.36,56.0211
4205175,Entre Rios,SC,0,408.6597,3.5095,0.657,0.55,0.638,0.808,0.44,423.63,3.75,14.93,21.84,3.67,30.7488
4205191,Ermo,SC,0,188.8151,3.3137,0.726,0.67,0.708,0.808,0.4,655.45,1.04,6.09,26.28,4.89,30.1951
4205209,Erval Velho,SC,0,287.9112,3.6457,0.723,0.592,0.736,0.868,0.47,780.33,0.0,7.53,24.86,6.82,65.3033
4205308,Faxinal dos Guedes,SC,0,376.974,4.0265,0.758,0.676,0.746,0.863,0.49,828.49,0.52,6.97,33.07,7.57,72.3947
4205357,Flor do Sertão,SC,0,482.9144,3.1973,0.708,0.608,0.736,0.792,0.48,778.06,3.7,11.97,22.31,7.46,20.6549
4205407,Florianópolis,SC,1,0.0,5.7131,0.847,0.8,0.87,0.873,0.54,1798.12,0.27,2.07,66.21,31.47,96.2126
4205431,Formosa do Sul,SC,0,432.97,3.3946,0.715,0.593,0.728,0.845,0.42,744.5,2.16,7.72,21.45,6.06,41.6763
4205456,Forquilhinha,SC,0,156.9652,4.4412,0.753,0.657,0.754,0.861,0.46,870.85,0.12,3.87,30.25,4.88,81.719
4205506,Fraiburgo,SC,0,243.135,4.5649,0.731,0.637,0.712,0.86,0.48,673.84,3.0,6.6,29.03,9.78,87.6653
4205555,Frei Rogério,SC,0,227.7011,3.2828,0.682,0.588,0.664,0.812,0.51,498.33,3.26,8.27,26.14,7.63,28.5368
4205605,Galvão,SC,0,428.4239,3.4331,0.708,0.618,0.704,0.815,0.45,638.12,3.63,14.28,24.5,6.94,67.5979
4205704,Garopaba,SC,0,48.58,4.3815,0.753,0.668,0.737,0.868,0.45,784.88,0.79,8.25,39.62,11.69,84.4636
4205803,Garuva,SC,0,176.6644,4.2745,0.725,0.64,0.717,0.83,0.44,691.98,0.67,5.6,31.1,4.69,77.576
4205902,Gaspar,SC,0,85.2355,4.8569,0.765,0.655,0.77,0.889,0.37,964.36,0.61,2.45,32.04,8.92,81.2783
4206009,Governador Celso Ramos,SC,0,30.0793,4.1685,0.747,0.651,0.737,0.87,0.43,784.5,0.14,7.77,30.77,4.88,94.2534
4206108,Grão Pará,SC,0,93.6029,3.8209,0.736,0.63,0.749,0.846,0.43,845.01,0.61,4.86,27.58,6.82,48.5136
4206207,Gravatal,SC,0,95.5437,4.0664,0.757,0.681,0.726,0.877,0.4,730.8,0.5,5.39,34.14,9.09,41.7772
4206306,Guabiruba,SC,0,72.7637,4.3966,0.754,0.653,0.75,0.876,0.34,851.75,0.93,2.77,29.79,4.26,92.599
4206405,Guaraciaba,SC,0,504.4836,3.9984,0.751,0.646,0.754,0.871,0.47,873.67,1.0,6.59,26.07,4.58,46.9042
4206504,Guaramirim,SC,0,131.3931,4.6698,0.751,0.641,0.748,0.885,0.38,842.24,1.16,2.83,29.93,7.23,79.7396
4206603,Guarujá do Sul,SC,0,511.0053,3.7157,0.73,0.639,0.732,0.833,0.4,759.66,1.16,6.33,27.99,5.43,54.0954
4206652,Guatambú,SC,0,421.3143,3.6714,0.717,0.626,0.716,0.823,0.45,687.32,1.75,10.21,26.87,4.85,37.3798
4206702,Herval d'Oeste,SC,0,294.8105,4.3583,0.758,0.684,0.74,0.859,0.42,799.29,0.67,4.81,36.96,9.73,88.7565
4206751,Ibiam,SC,0,269.5966,3.2905,0.725,0.631,0.737,0.82,0.46,786.22,1.9,6.22,23.04,7.0,35.7326
4206801,Ibicaré,SC,0,284.0282,3.4989,0.708,0.586,0.734,0.826,0.43,768.67,1.12,6.73,24.11,5.68,46.1607
4206900,Ibirama,SC,0,113.1158,4.2842,0.737,0.63,0.749,0.848,0.37,844.25,0.09,3.72,28.28,8.37,85.4761
4207007,Içara,SC,0,144.7168,4.7638,0.741,0.645,0.732,0.861,0.4,759.54,1.23,4.2,29.91,6.18,91.6373
4207106,Ilhota,SC,0,80.7625,4.1623,0.738,0.607,0.75,0.883,0.38,853.29,0.29,5.28,25.01,4.82,63.9255
4207205,Imaruí,SC,0,88.0649,3.9896,0.667,0.53,0.67,0.834,0.45,516.73,6.51,12.08,17.75,4.01,34.3129
4207304,Imbituba,SC,0,73.4948,4.66,0.765,0.703,0.734,0.868,0.45,768.81,0.88,5.88,38.37,10.38,100.0
4207403,Imbuia,SC,0,87.3883,3.7982,0.713,0.602,0.716,0.84,0.47,688.57,2.74,6.51,22.55,5.73,44.0687
4207502,Indaial,SC,0,102.1257,4.8594,0.777,0.701,0.767,0.873,0.39,945.33,0.36,2.91,35.74,8.61,96.487
4207577,Iomerê,SC,0,273.9797,3.4741,0.795,0.749,0.754,0.891,0.33,873.9,0.3,2.96,32.83,6.76,33.1143
4207601,Ipira,SC,0,318.52,3.6402,0.736,0.657,0.724,0.838,0.45,725.68,3.46,5.02,25.53,5.49,53.0513
4207650,Iporã do Oeste,SC,0,497.6149,3.9587,0.759,0.695,0.743,0.847,0.43,815.06,1.63,3.34,30.83,6.04,49.0189
4207684,Ipuaçu,SC,0,400.9746,3.8833,0.66,0.54,0.674,0.79,0.61,530.81,14.87,11.07,23.71,6.44,20.256
4207700,Ipumirim,SC,0,359.5793,3.8835,0.738,0.631,0.747,0.853,0.42,837.81,0.23,5.09,27.91,4.28,43.6011
4207759,Iraceminha,SC,0,475.2247,3.5912,0.722,0.628,0.71,0.845,0.43,663.24,2.32,7.1,23.79,5.07,34.5168
4207809,Irani,SC,0,337.6695,4.0243,0.742,0.675,0.715,0.847,0.42,686.25,1.15,7.37,33.8,6.38,68.4084
4207858,Irati,SC,0,442.4864,3.2758,0.707,0.609,0.694,0.836,0.45,601.25,2.41,11.56,24.05,4.1,21.4218
4207908,Irineópolis,SC,0,269.4738,4.0551,0.699,0.567,0.72,0.836,0.54,708.34,2.6,7.05,22.73,6.39,33.6811
4208005,Itá,SC,0,374.7317,3.7847,0.771,0.698,0.747,0.879,0.45,836.69,0.31,6.08,37.71,8.25,63.1341
4208104,Itaiópolis,SC,0,193.7422,4.3402,0.708,0.606,0.7,0.836,0.49,625.36,3.88,4.7,25.91,7.72,52.889
4208203,Itajaí,SC,0,76.4225,5.3553,0.795,0.73,0.778,0.884,0.45,1014.0,0.43,2.97,43.99,13.77,94.5897
4208302,Itapema,SC,0,55.1244,4.8409,0.796,0.727,0.788,0.881,0.49,1078.48,0.66,2.8,43.94,15.16,97.5151
4208401,Itapiranga,SC,0,512.2089,4.234,0.775,0.723,0.766,0.842,0.45,942.44,1.05,3.28,39.66,10.32,49.4257
4208450,Itapoá,SC,0,175.9718,4.3378,0.761,0.682,0.739,0.874,0.47,793.24,1.1,3.88,38.77,10.57,95.9967
4208500,Ituporanga,SC,0,105.8915,4.4086,0.748,0.638,0.749,0.876,0.43,844.05,0.46,4.62,27.6,9.9,66.6607
4208609,Jaborá,SC,0,318.8848,3.591,0.732,0.657,0.746,0.801,0.45,831.84,2.55,7.29,26.91,6.46,39.7179
4208708,Jacinto Machado,SC,0,197.0731,4.0144,0.716,0.633,0.708,0.818,0.43,655.7,2.1,7.61,28.41,7.07,48.3834
4208807,Jaguaruna,SC,0,125.3786,4.3127,0.721,0.628,0.719,0.83,0.39,701.05,0.45,6.49,26.6,6.17,76.3331
4208906,Jaraguá do Sul,SC,0,132.7746,5.2662,0.803,0.755,0.793,0.865,0.42,1111.85,0.25,1.77,48.33,14.8,92.7873
4208955,Jardinópolis,SC,0,437.2896,3.1818,0.709,0.611,0.708,0.823,0.4,654.02,3.09,8.99,26.42,5.16,45.2435
4209003,Joaçaba,SC,0,295.7638,4.4869,0.827,0.771,0.823,0.891,0.54,1338.5,0.43,3.17,51.56,20.13,92.2428
4209102,Joinville,SC,0,145.7953,5.7815,0.809,0.749,0.795,0.889,0.49,1126.74,0.29,2.26,51.41,15.98,96.6159
4209151,José Boiteux,SC,0,127.5497,3.7006,0.694,0.578,0.689,0.841,0.44,580.97,7.24,6.27,20.86,4.43,34.1241
4209177,Jupiá,SC,0,435.5375,3.3187,0.719,0.61,0.708,0.862,0.55,654.0,5.56,10.18,22.49,3.37,48.6034
4209201,Lacerdópolis,SC,0,299.7487,3.3518,0.781,0.708,0.763,0.883,0.39,925.08,0.19,5.41,31.9,6.74,52.7513
4209300,Lages,SC,0,177.3371,5.1963,0.77,0.697,0.755,0.867,0.54,878.34,1.57,5.02,41.8,13.94,98.2198
4209409,Laguna,SC,0,102.2151,4.6667,0.752,0.682,0.715,0.871,0.44,684.42,1.61,5.55,37.02,7.85,78.8468
4209458,Lajeado Grande,SC,0,405.4425,3.1486,0.771,0.712,0.75,0.858,0.44,850.34,2.49,7.39,29.42,6.88,43.4899
4209508,Laurentino,SC,0,126.3135,3.8545,0.749,0.662,0.742,0.855,0.36,810.58,0.09,3.9,33.52,8.07,72.8514
4209607,Lauro Müller,SC,0,122.2248,4.187,0.735,0.677,0.714,0.822,0.37,678.67,0.55,4.86,35.61,6.61,77.3022
4209706,Lebon Régis,SC,0,224.24,4.0836,0.649,0.537,0.632,0.806,0.45,409.05,5.76,12.05,20.69,3.54,63.5411
4209805,Leoberto Leal,SC,0,73.6877,3.4713,0.686,0.533,0.74,0.818,0.49,800.32,4.95,10.42,17.11,3.57,24.3685
4209854,Lindóia do Sul,SC,0,354.1867,3.6561,0.743,0.636,0.747,0.865,0.43,836.32,0.62,5.44,29.35,4.33,41.5769
4209904,Lontras,SC,0,109.477,4.0968,0.704,0.579,0.735,0.82,0.37,773.05,0.73,5.08,21.59,5.01,68.4693
4210001,Luiz Alves,SC,0,103.3877,4.1254,0.737,0.6,0.766,0.87,0.44,937.32,0.68,4.39,26.68,5.84,31.1937
4210035,Luzerna,SC,0,292.854,3.7546,0.789,0.718,0.781,0.877,0.43,1030.37,0.18,2.16,39.4,12.38,76.0536
4210050,Macieira,SC,0,291.2917,3.2448,0.662,0.533,0.675,0.806,0.39,533.9,1.93,9.63,17.45,3.65,27.437
4210100,Mafra,SC,0,205.6001,4.7545,0.777,0.723,0.738,0.88,0.49,789.53,1.46,3.45,37.17,9.65,78.0881
4210209,Major Gercino,SC,0,44.2143,3.5397,0.698,0.563,0.738,0.818,0.52,789.61,4.51,7.52,20.28,3.91,38.0909
4210308,Major Vieira,SC,0,223.6397,3.9143,0.69,0.617,0.653,0.817,0.46,465.76,7.17,6.08,24.71,4.73,39.5909
4210407,Maracajá,SC,0,166.1334,3.8728,0.768,0.699,0.752,0.861,0.5,861.85,0.28,5.53,34.61,6.33,66.4585
4210506,Maravilha,SC,0,466.8209,4.4226,0.781,0.708,0.758,0.886,0.45,896.02,0.39,4.98,37.75,11.25,81.8379
4210555,Marema,SC,0,412.8448,3.2312,0.743,0.636,0.748,0.862,0.41,840.58,0.23,8.42,25.88,4.71,34.4984
4210605,Massaranduba,SC,0,118.6688,4.2388,0.774,0.714,0.749,0.867,0.34,847.63,0.0,3.44,33.24,6.34,51.8332
4210704,Matos Costa,SC,0,286.618,3.3877,0.657,0.541,0.63,0.831,0.45,402.83,7.11,10.81,17.05,3.92,51.6027
4210803,Meleiro,SC,0,174.3514,3.8444,0.738,0.679,0.734,0.808,0.41,768.23,0.57,5.37,32.76,8.89,52.1286
4210852,Mirim Doce,SC,0,156.1849,3.3535,0.708,0.633,0.683,0.821,0.39,560.66,3.33,7.74,23.88,5.22,47.8313
4210902,Modelo,SC,0,454.666,3.626,0.76,0.659,0.751,0.886,0.43,858.23,0.4,6.67,31.03,6.9,66.5513
4211009,Mondaí,SC,0,482.1159,4.0804,0.748,0.657,0.728,0.875,0.4,741.84,1.48,4.55,34.23,6.63,61.6264
4211058,Monte Carlo,SC,0,243.0416,3.9976,0.643,0.511,0.648,0.804,0.45,449.82,1.83,12.5,16.88,5.25,86.7268
4211108,Monte Castelo,SC,0,208.5058,3.9171,0.675,0.581,0.641,0.826,0.44,432.84,5.22,7.38,20.67,4.42,58.0997
4211207,Morro da Fumaça,SC,0,135.4149,4.2576,0.738,0.665,0.732,0.825,0.36,759.25,0.0,5.37,28.08,6.05,85.9668
4211256,Morro Grande,SC,0,177.0108,3.46,0.701,0.548,0.742,0.847,0.51,809.37,2.99,6.06,16.28,5.27,26.1592
4211306,Navegantes,SC,0,77.4178,4.9332,0.736,0.624,0.731,0.873,0.41,756.39,1.47,4.2,32.71,7.59,94.7916
4211405,Nova Erechim,SC,0,438.0624,3.7129,0.765,0.686,0.767,0.851,0.44,944.83,0.25,5.77,32.91,7.48,75.1111
4211454,Nova Itaberaba,SC,0,427.4509,3.6362,0.736,0.605,0.753,0.876,0.55,868.83,0.83,9.14,22.93,4.18,35.8566
4211504,Nova Trento,SC,0,50.0568,4.1764,0.748,0.628,0.749,0.891,0.35,847.77,2.06,3.65,29.0,6.81,74.8893
4211603,Nova Veneza,SC,0,149.7469,4.1908,0.768,0.703,0.741,0.869,0.39,805.79,0.15,3.33,34.43,8.68,67.0749
4211652,Novo Horizonte,SC,0,443.1502,3.374,0.706,0.594,0.7,0.846,0.39,623.51,1.35,12.99,22.9,6.08,33.4909
4211702,Orleans,SC,0,112.7687,4.3648,0.755,0.657,0.749,0.873,0.45,844.35,1.24,4.46,32.06,7.35,75.1835
4211751,Otacílio Costa,SC,0,154.5427,4.2833,0.74,0.681,0.713,0.835,0.4,677.67,1.48,6.63,33.8,7.83,91.1489
4211801,Ouro,SC,0,304.3983,3.8604,0.774,0.677,0.774,0.884,0.45,987.45,0.53,4.27,32.1,7.38,65.7081
4211850,Ouro Verde,SC,0,385.2485,3.3418,0.695,0.611,0.696,0.79,0.53,607.09,7.88,11.69,25.43,6.96,31.4839
4211876,Paial,SC,0,391.9428,3.1596,0.718,0.62,0.705,0.847,0.44,644.16,1.41,9.23,24.34,4.8,19.0584
4211892,Painel,SC,0,158.2654,3.3714,0.664,0.543,0.668,0.808,0.49,511.7,2.38,10.06,19.45,5.87,40.1615
4211900,Palhoça,SC,0,13.7634,5.2521,0.757,0.672,0.752,0.859,0.4,862.74,0.61,3.9,39.8,8.16,98.5269
4212007,Palma Sola,SC,0,488.842,3.8646,0.704,0.622,0.7,0.8,0.5,623.64,4.07,8.97,23.64,7.56,57.5402
4212056,Palmeira,SC,0,158.8077,3.427,0.671,0.557,0.655,0.827,0.43,471.82,5.41,11.29,20.24,4.79,38.9802
4212106,Palmitos,SC,0,459.4407,4.208,0.737,0.632,0.757,0.836,0.46,887.5,1.59,6.89,27.88,7.6,61.6167
4212205,Papanduva,SC,0,207.9514,4.2905,0.704,0.603,0.691,0.836,0.47,589.35,3.58,6.77,24.94,5.33,51.2271
4212239,Paraíso,SC,0,518.9143,3.5164,0.7,0.565,0.728,0.833,0.5,743.76,2.74,11.07,19.5,3.63,35.5637
4212254,Passo de Torres,SC,0,224.7158,3.967,0.72,0.618,0.695,0.869,0.42,602.85,2.42,6.87,32.43,5.82,88.6223
4212270,Passos Maia,SC,0,358.9646,3.6098,0.659,0.547,0.648,0.808,0.47,450.78,8.12,9.75,23.03,5.35,24.8362
4212304,Paulo Lopes,SC,0,42.3545,3.8832,0.716,0.6,0.707,0.865,0.4,650.58,1.5,11.08,24.3,5.26,72.0263
4212403,Pedras Grandes,SC,0,113.3757,3.5945,0.728,0.621,0.715,0.87,0.33,683.36,0.05,5.04,23.76,4.66,30.7037
4212502,Penha,SC,0,91.5963,4.5318,0.743,0.64,0.739,0.867,0.42,793.53,1.02,3.54,27.33,6.3,91.7386
4212601,Peritiba,SC,0,332.4822,3.4366,0.766,0.669,0.762,0.882,0.47,918.86,1.47,2.12,30.24,5.63,49.5649
4212650,Pescaria Brava,SC,0,95.9396,4.0097,,,,,,,,,,,
4212700,Petrolândia,SC,0,113.2871,3.7689,0.716,0.618,0.74,0.802,0.47,799.56,1.81,7.54,21.16,5.17,36.291
4212809,Balneário Piçarras,SC,0,91.8953,4.3871,0.756,0.668,0.745,0.869,0.44,826.13,0.8,4.54,38.16,11.1,90.76
4212908,Pinhalzinho,SC,0,446.1099,4.3243,0.783,0.716,0.758,0.886,0.43,893.85,0.77,4.95,39.63,10.15,83.3639
4213005,Pinheiro Preto,SC,0,271.8322,3.5605,0.777,0.712,0.762,0.866,0.45,917.64,0.16,4.64,33.91,9.5,54.0197
4213104,Piratuba,SC,0,317.2672,3.5607,0.758,0.714,0.736,0.829,0.43,779.57,0.71,5.4,36.34,8.44,59.6532
4213153,Planalto Alegre,SC,0,430.5708,3.4634,0.751,0.659,0.731,0.881,0.42,754.11,2.41,11.98,27.64,7.06,40.2035
4213203,Pomerode,SC,0,112.3744,4.5386,0.78,0.687,0.78,0.886,0.38,1022.91,0.19,1.68,34.38,10.84,85.8208
4213302,Ponte Alta,SC,0,180.8876,3.6645,0.673,0.568,0.666,0.804,0.45,503.47,2.2,11.28,22.22,5.1,73.1099
4213351,Ponte Alta do Norte,SC,0,194.9987,3.5348,0.689,0.605,0.661,0.819,0.47,490.45,1.97,9.61,25.17,6.5,91.0384
4213401,Ponte Serrada,SC,0,351.8069,4.0672,0.693,0.61,0.69,0.79,0.44,586.05,1.24,9.66,27.11,7.66,69.1143
4213500,Porto Belo,SC,0,49.043,4.3515,0.76,0.66,0.75,0.886,0.42,850.99,0.53,4.62,36.66,8.97,94.3045
4213609,Porto União,SC,0,293.1168,4.5525,0.786,0.724,0.752,0.891,0.53,864.41,1.05,3.44,42.66,15.47,84.3938
4213708,Pouso Redondo,SC,0,143.9294,4.2544,0.72,0.598,0.728,0.857,0.43,742.15,0.46,5.85,23.9,5.76,60.9318
4213807,Praia Grande,SC,0,225.9869,3.8636,0.718,0.636,0.692,0.84,0.42,591.62,2.35,9.58,27.9,7.06,59.1303
4213906,Presidente Castello Branco,SC,0,324.7627,3.1836,0.77,0.637,0.813,0.883,0.47,1255.85,0.57,4.7,22.51,4.52,32.058
4214003,Presidente Getúlio,SC,0,122.3081,4.2546,0.759,0.654,0.764,0.874,0.41,928.86,0.39,3.06,28.07,7.29,70.7664
4214102,Presidente Nereu,SC,0,90.8111,3.3577,0.737,0.609,0.765,0.861,0.5,934.37,0.26,11.29,22.93,4.75,35.3765
4214151,Princesa,SC,0,516.1627,3.4698,0.706,0.611,0.701,0.82,0.42,626.1,2.43,10.36,23.19,2.15,36.4032
4214201,Quilombo,SC,0,424.1096,3.99,0.73,0.656,0.712,0.832,0.39,672.58,1.73,8.22,31.74,7.36,56.0695
4214300,Rancho Queimado,SC,0,46.4699,3.4619,0.753,0.644,0.743,0.893,0.42,813.8,1.13,6.98,27.9,6.76,46.9432
4214409,Rio das Antas,SC,0,261.4856,3.7923,0.697,0.569,0.727,0.82,0.44,737.53,1.45,6.0,20.12,5.18,44.6036
4214508,Rio do Campo,SC,0,172.9445,3.7682,0.729,0.65,0.741,0.803,0.5,803.46,1.63,5.79,27.42,5.24,42.5065
4214607,Rio do Oeste,SC,0,131.5411,3.8781,0.754,0.625,0.769,0.892,0.47,957.34,1.47,4.08,24.28,5.08,47.8138
4214706,Rio dos Cedros,SC,0,117.6297,4.0769,0.729,0.634,0.739,0.827,0.37,795.95,0.0,3.03,23.49,5.53,49.6888
4214805,Rio do Sul,SC,0,115.7115,4.8629,0.802,0.727,0.793,0.894,0.45,1114.31,0.61,2.81,43.7,14.77,92.789
4214904,Rio Fortuna,SC,0,81.6879,3.6656,0.806,0.727,0.848,0.85,0.56,1570.51,0.0,2.89,34.89,7.05,34.2555
4215000,Rio Negrinho,SC,0,176.618,4.6303,0.738,0.668,0.71,0.848,0.44,664.58,0.31,3.84,32.98,7.69,91.2212
4215059,Rio Rufino,SC,0,124.8757,3.3952,0.653,0.53,0.652,0.806,0.42,463.38,4.16,9.51,20.13,5.84,28.243
4215075,Riqueza,SC,0,475.4603,3.6556,0.714,0.624,0.702,0.83,0.44,629.81,1.94,8.43,21.43,3.63,44.5225
4215109,Rodeio,SC,0,103.5947,4.0662,0.754,0.626,0.769,0.889,0.42,958.15,0.0,3.75,24.36,5.38,86.2846
4215208,Romelândia,SC,0,482.9193,3.6612,0.692,0.561,0.738,0.8,0.47,791.78,2.36,11.36,18.02,4.18,36.1737
4215307,Salete,SC,0,159.0256,3.885,0.744,0.695,0.737,0.803,0.43,784.32,0.7,4.53,31.96,5.44,67.6662
4215356,Saltinho,SC,0,459.589,3.5714,0.654,0.551,0.639,0.795,0.5,427.12,14.27,13.98,17.54,3.45,31.6839
4215406,Salto Veloso,SC,0,292.5633,3.6805,0.784,0.705,0.778,0.88,0.55,1011.21,1.01,7.55,35.16,9.99,79.0979
4215455,Sangão,SC,0,129.6946,4.1182,0.7,0.554,0.725,0.853,0.4,730.38,0.18,7.28,17.08,2.66,46.6923
4215505,Santa Cecília,SC,0,198.1696,4.2306,0.698,0.597,0.697,0.819,0.52,610.94,3.24,9.66,24.89,6.83,86.7107
4215554,Santa Helena,SC,0,506.4725,3.3381,0.727,0.653,0.705,0.833,0.38,644.48,1.44,9.82,26.92,3.2,37.0277
4215604,Santa Rosa de Lima,SC,0,75.5304,3.3326,0.757,0.71,0.726,0.843,0.32,731.43,0.73,4.83,32.86,5.77,25.0847
4215653,Santa Rosa do Sul,SC,0,206.6725,3.9241,0.705,0.618,0.702,0.806,0.39,630.29,1.87,6.62,22.94,4.79,46.5111
4215679,Santa Terezinha,SC,0,169.8304,3.9425,0.669,0.575,0.637,0.817,0.48,421.9,12.63,5.66,18.45,2.81,17.2579
4215687,Santa Terezinha do Progresso,SC,0,472.8711,3.3649,0.682,0.585,0.686,0.791,0.56,572.73,19.89,13.18,17.56,4.95,18.6119
4215695,Santiago do Sul,SC,0,422.0997,3.0831,0.728,0.652,0.731,0.811,0.46,756.0,5.01,11.41,23.46,6.91,44.3686
4215703,Santo Amaro da Imperatriz,SC,0,25.564,4.3785,0.781,0.71,0.753,0.89,0.38,867.13,0.09,5.13,39.25,9.12,75.5183
4215752,São Bernardino,SC,0,454.7635,3.3501,0.677,0.577,0.653,0.822,0.45,465.1,8.26,11.57,20.98,4.75,26.8584
4215802,São Bento do Sul,SC,0,170.4995,4.9361,0.782,0.719,0.763,0.871,0.49,923.29,0.71,2.42,42.76,12.26,95.2313
4215901,São Bonifácio,SC,0,50.8838,3.4458,0.731,0.622,0.729,0.86,0.47,745.72,3.88,3.71,21.82,5.65,22.7726
4216008,São Carlos,SC,0,445.1123,4.059,0.769,0.688,0.763,0.867,0.46,924.02,0.5,4.71,35.43,10.09,67.0683
4216057,São Cristóvão do Sul,SC,0,189.283,3.7517,0.665,0.543,0.667,0.812,0.44,507.73,1.38,12.62,18.31,5.03,75.818
4216107,São Domingos,SC,0,411.2565,3.9741,0.765,0.675,0.769,0.861,0.58,956.19,1.27,9.27,29.15,7.42,66.5156
4216206,São Francisco do Sul,SC,0,149.6871,4.7384,0.762,0.699,0.74,0.856,0.45,801.49,0.75,3.64,42.09,9.56,92.8739
4216255,São João do Oeste,SC,0,501.5675,3.8077,0.761,0.668,0.756,0.873,0.4,881.09,0.0,1.05,27.8,5.27,35.106
4216305,São João Batista,SC,0,44.5606,4.599,0.74,0.634,0.739,0.865,0.33,794.12,0.31,3.41,28.93,4.82,89.6839
4216354,São João do Itaperiú,SC,0,110.0751,3.578,0.738,0.645,0.714,0.873,0.34,680.25,0.09,6.57,27.28,2.47,56.0408
4216404,São João do Sul,SC,0,219.6358,3.8652,0.695,0.587,0.682,0.84,0.42,558.4,2.25,7.66,23.27,4.81,22.4507
4216503,São Joaquim,SC,0,157.4748,4.4365,0.687,0.562,0.705,0.817,0.48,641.75,0.85,5.84,28.83,7.58,70.8246
4216602,São José,SC,0,6.7453,5.4043,0.809,0.752,0.799,0.88,0.44,1157.43,0.19,2.62,54.09,15.73,98.8122
4216701,São José do Cedro,SC,0,506.4133,4.1402,0.731,0.625,0.753,0.83,0.48,866.73,3.22,6.0,28.32,7.29,61.729
4216800,São José do Cerrito,SC,0,200.5558,3.906,0.636,0.503,0.618,0.827,0.46,375.44,10.87,12.92,16.27,3.41,26.8737
4216909,São Lourenço do Oeste,SC,0,447.9466,4.3892,0.749,0.695,0.748,0.807,0.46,841.27,1.62,6.7,36.48,9.59,77.4596
4217006,São Ludgero,SC,0,102.7582,4.1426,0.755,0.683,0.756,0.834,0.44,884.18,0.1,3.8,36.57,9.22,89.7207
4217105,São Martinho,SC,0,76.8097,3.5,0.742,0.654,0.754,0.83,0.38,870.77,0.82,4.27,26.26,5.52,38.3609
4217154,São Miguel da Boa Vista,SC,0,476.193,3.2538,0.71,0.615,0.733,0.795,0.5,767.85,1.69,11.08,21.41,3.06,23.0567
4217204,São Miguel do Oeste,SC,0,501.0335,4.6154,0.801,0.739,0.787,0.884,0.5,1072.6,0.59,4.64,45.72,13.95,88.3187
4217253,São Pedro de Alcântara,SC,0,23.7689,3.7815,0.734,0.618,0.757,0.846,0.41,887.7,0.97,5.79,22.17,5.09,79.273
4217303,Saudades,SC,0,445.8853,3.9945,0.755,0.7,0.723,0.85,0.33,719.94,0.43,4.42,32.37,7.18,56.8212
4217402,Schroeder,SC,0,139.804,4.3542,0.769,0.71,0.75,0.855,0.34,852.5,0.0,2.05,37.18,7.0,89.4685
4217501,Seara,SC,0,374.0573,4.2458,0.779,0.674,0.804,0.872,0.51,1188.18,0.67,5.2,34.97,8.57,68.4105
4217550,Serra Alta,SC,0,455.2805,3.5117,0.773,0.694,0.758,0.879,0.41,893.35,0.0,6.14,29.62,7.53,55.86
4217600,Siderópolis,SC,0,140.9875,4.1516,0.774,0.701,0.751,0.88,0.4,855.02,0.81,4.34,36.68,7.46,77.3273
4217709,Sombrio,SC,0,199.8048,4.4925,0.728,0.617,0.729,0.858,0.4,746.69,0.28,5.39,29.22,7.39,73.791
4217758,Sul Brasil,SC,0,447.0364,3.3777,0.707,0.595,0.713,0.832,0.45,674.87,1.45,13.49,20.17,4.0,36.551
4217808,Taió,SC,0,153.1294,4.269,0.761,0.67,0.749,0.879,0.43,848.34,0.36,4.47,32.31,8.59,57.7289
4217907,Tangará,SC,0,271.9439,3.9369,0.737,0.617,0.748,0.867,0.46,840.87,0.6,6.58,24.18,7.43,57.4591
4217956,Tigrinhos,SC,0,466.9391,3.2057,0.717,0.633,0.688,0.846,0.41,579.87,3.86,10.26,21.89,4.05,19.5219
4218004,Tijucas,SC,0,39.6203,4.6009,0.76,0.672,0.747,0.873,0.41,835.48,1.22,5.85,38.05,7.93,83.9858
4218103,Timbé do Sul,SC,0,187.8666,3.7274,0.72,0.606,0.721,0.856,0.47,709.63,1.7,8.22,24.33,5.17,34.7589
4218202,Timbó,SC,0,111.5641,4.6599,0.784,0.697,0.807,0.856,0.47,1214.03,0.0,1.82,39.42,13.32,93.2615
4218251,Timbó Grande,SC,0,236.5558,3.9033,0.659,0.565,0.634,0.798,0.47,412.31,7.41,9.6,24.11,4.71,56.9694
4218301,Três Barras,SC,0,239.288,4.289,0.706,0.639,0.677,0.814,0.47,539.69,2.59,6.5,36.76,7.13,84.7537
4218350,Treviso,SC,0,136.5792,3.6023,0.774,0.714,0.737,0.882,0.34,784.39,0.09,2.27,33.03,4.8,51.9705
4218400,Treze de Maio,SC,0,122.7785,3.8515,0.729,0.602,0.729,0.881,0.36,746.89,0.3,5.78,23.71,6.02,49.4619
4218509,Treze Tílias,SC,0,290.7786,3.9105,0.795,0.685,0.838,0.874,0.62,1471.95,0.32,4.48,37.87,11.14,74.3574
4218608,Trombudo Central,SC,0,126.8559,3.8754,0.775,0.696,0.76,0.88,0.44,905.3,0.81,4.33,35.36,6.96,62.582
4218707,Tubarão,SC,0,108.9056,5.03,0.796,0.74,0.788,0.866,0.47,1077.62,0.73,3.33,44.71,14.65,90.5991
4218756,Tunápolis,SC,0,508.0031,3.6539,0.752,0.704,0.728,0.83,0.41,742.67,0.94,3.89,29.89,5.49,30.6065
4218806,Turvo,SC,0,185.5237,4.1166,0.74,0.631,0.742,0.867,0.4,810.85,0.0,4.7,31.08,9.66,66.7707
4218855,União do Oeste,SC,0,435.511,3.3736,0.705,0.606,0.703,0.823,0.37,634.81,1.52,9.81,23.68,3.47,38.0412
4218905,Urubici,SC,0,112.3562,4.0535,0.694,0.562,0.722,0.823,0.52,713.25,1.31,6.56,25.49,8.99,66.0436
4218954,Urupema,SC,0,136.5849,3.3897,0.699,0.622,0.667,0.823,0.42,508.79,1.85,6.97,29.63,6.96,49.6374
4219002,Urussanga,SC,0,128.3542,4.3308,0.772,0.695,0.756,0.876,0.4,883.42,0.51,3.24,37.21,9.74,56.3962
4219101,Vargeão,SC,0,365.5456,3.5525,0.686,0.551,0.708,0.827,0.45,655.53,2.43,8.49,22.07,7.11,51.5289
4219150,Vargem,SC,0,239.8823,3.3779,0.629,0.495,0.636,0.79,0.5,419.74,11.21,13.86,13.21,4.33,31.9088
4219176,Vargem Bonita,SC,0,322.5242,3.6445,0.718,0.656,0.705,0.801,0.43,642.6,1.08,6.93,33.11,6.1,55.8523
4219200,Vidal Ramos,SC,0,83.7095,3.8008,0.7,0.588,0.728,0.802,0.41,744.1,0.87,8.48,22.54,4.16,28.4897
4219309,Videira,SC,0,265.3121,4.7336,0.764,0.675,0.772,0.857,0.47,978.07,0.35,3.55,37.93,12.22,90.8197
4219358,Vitor Meireles,SC,0,149.1953,3.6908,0.673,0.522,0.694,0.841,0.52,599.02,10.76,7.91,17.08,4.02,27.7511
4219408,Witmarsum,SC,0,144.3276,3.6055,0.71,0.557,0.739,0.87,0.43,796.45,2.42,4.85,20.75,3.37,23.4722
4219507,Xanxerê,SC,0,389.4879,4.7184,0.775,0.711,0.76,0.861,0.48,906.11,1.77,5.62,40.0,12.88,88.7033
4219606,Xavantina,SC,0,379.2805,3.588,0.749,0.632,0.772,0.861,0.47,973.81,0.4,6.47,23.88,2.97,26.9918
4219705,Xaxim,SC,0,400.113,4.4662,0.752,0.662,0.737,0.871,0.43,783.29,1.23,5.7,34.39,10.14,81.5424
4219853,Zortéa,SC,0,296.4198,3.5355,0.761,0.661,0.752,0.885,0.42,861.63,0.27,7.17,35.43,6.9,78.101
4220000,Balneário Rincão,SC,0,154.1636,4.1182,,,,,,,,,,,
4300034,Aceguá,RS,0,346.3649,3.6973,0.687,0.541,0.703,0.852,0.53,633.63,2.34,6.4,19.07,4.85,24.101
4300059,Água Santa,RS,0,220.6259,3.5726,0.75,0.59,0.84,0.85,0.68,1491.17,0.48,5.42,26.56,6.89,38.8769
4300109,Agudo,RS,0,200.413,4.2134,0.694,0.524,0.752,0.847,0.52,861.06,3.91,6.78,20.94,5.42,41.1972
4300208,Ajuricaba,RS,0,317.4403,3.842,0.753,0.658,0.763,0.85,0.47,925.7,0.84,5.14,28.26,7.11,56.623
4300307,Alecrim,RS,0,433.7305,3.7566,0.672,0.522,0.683,0.852,0.49,561.62,9.48,7.86,16.09,3.56,30.731
4300406,Alegrete,RS,0,441.0605,4.8603,0.74,0.664,0.72,0.849,0.52,705.29,2.74,5.92,37.31,10.93,89.6218
4300455,Alegria,RS,0,367.7024,3.5168,0.695,0.572,0.717,0.818,0.53,692.76,6.0,10.02,16.96,3.6,36.8519
4300471,Almirante Tamandaré do Sul,RS,0,268.7337,3.2867,0.74,0.669,0.732,0.828,0.44,760.16,1.19,4.27,24.8,4.7,40.5902
4300505,Alpestre,RS,0,356.0731,3.7697,0.671,0.543,0.7,0.795,0.49,625.11,6.06,12.73,15.44,4.43,27.5445
4300554,Alto Alegre,RS,0,220.4953,3.2014,0.747,0.642,0.756,0.859,0.48,880.85,2.38,7.36,23.92,9.58,40.2056
4300570,Alto Feliz,RS,0,71.6495,3.4833,0.734,0.603,0.74,0.886,0.29,802.2,0.72,2.69,20.55,4.08,27.9739
4300604,Alvorada,RS,0,14.9761,5.3271,0.699,0.564,0.694,0.874,0.43,600.48,2.15,3.93,31.95,2.9,100.0
4300638,Amaral Ferrador,RS,0,135.7895,3.8535,0.624,0.457,0.664,0.802,0.44,499.77,3.71,12.05,16.25,3.45,29.372
4300646,Ametista do Sul,RS,0,353.624,3.869,0.682,0.562,0.697,0.809,0.58,611.2,5.58,11.41,19.5,4.8,52.0415
4300661,André da Rocha,RS,0,159.0152,3.1307,0.72,0.605,0.738,0.837,0.5,792.19,0.83,6.67,24.41,5.58,40.7895
4300703,Anta Gorda,RS,0,140.2622,3.7739,0.74,0.63,0.742,0.868,0.34,810.41,0.5,5.62,24.14,3.89,38.383
4300802,Antônio Prado,RS,0,130.7177,4.1153,0.758,0.671,0.777,0.835,0.41,1004.85,0.35,4.82,32.28,8.69,71.9629
4300851,Arambaré,RS,0,101.2062,3.5495,0.691,0.57,0.694,0.833,0.48,599.72,2.91,7.38,21.99,5.19,78.879
4300877,Araricá,RS,0,54.4164,3.7664,0.679,0.547,0.696,0.824,0.35,609.69,0.05,4.94,16.86,2.22,82.1546
4300901,Aratiba,RS,0,311.2513,3.7885,0.772,0.67,0.801,0.856,0.54,1171.7,0.48,4.38,26.26,4.76,50.5103
4301008,Arroio do Meio,RS,0,98.7103,4.3247,0.769,0.706,0.75,0.86,0.36,850.06,0.02,1.88,32.72,6.22,78.0653
4301057,Arroio do Sal,RS,0,134.1233,4.0205,0.74,0.649,0.74,0.844,0.47,800.4,1.77,3.88,32.84,6.45,97.0155
4301073,Arroio do Padre,RS,0,194.5693,3.4722,0.669,0.461,0.756,0.86,0.53,883.18,3.09,4.6,13.02,2.42,16.63
4301107,Arroio dos Ratos,RS,0,49.0702,4.1523,0.698,0.583,0.7,0.833,0.46,623.54,1.2,7.11,28.44,4.39,95.2227
4301206,Arroio do Tigre,RS,0,195.3563,4.1288,0.707,0.589,0.708,0.848,0.47,654.51,3.28,7.07,21.22,4.36,47.1379
4301305,Arroio Grande,RS,0,302.1643,4.2597,0.657,0.522,0.673,0.807,0.5,528.13,4.53,8.15,25.21,6.82,87.0872
4301404,Arvorezinha,RS,0,158.1985,4.018,0.694,0.575,0.713,0.817,0.41,675.18,1.42,8.27,22.2,5.05,61.3496
4301503,Augusto Pestana,RS,0,316.4515,3.8159,0.743,0.621,0.779,0.847,0.49,1016.34,0.74,4.03,25.09,6.08,51.5361
4301552,Áurea,RS,0,271.9305,3.5462,0.707,0.588,0.715,0.841,0.42,686.1,1.88,5.44,21.29,5.36,41.9372
4301602,Bagé,RS,0,310.9197,5.0846,0.74,0.647,0.739,0.848,0.56,795.56,3.14,4.93,38.57,11.81,83.7072
4301636,Balneário Pinhal,RS,0,98.2017,4.1657,0.696,0.567,0.71,0.836,0.5,662.85,4.78,5.19,24.52,5.54,98.9591
4301651,Barão,RS,0,76.7137,3.7946,0.748,0.652,0.767,0.836,0.4,947.28,0.67,3.06,26.56,4.78,51.7331
4301701,Barão de Cotegipe,RS,0,290.7169,3.8206,0.719,0.593,0.745,0.842,0.42,823.2,1.25,3.83,27.54,5.92,60.7444
4301750,Barão do Triunfo,RS,0,63.2359,3.8779,0.61,0.428,0.645,0.821,0.53,441.81,12.38,9.75,10.72,1.35,9.9316
4301800,Barracão,RS,0,262.2572,3.7191,0.71,0.568,0.711,0.885,0.57,667.95,7.37,8.72,22.54,4.93,56.6922
4301859,Barra do Guarita,RS,0,398.3979,3.514,0.734,0.672,0.696,0.845,0.48,609.31,5.03,9.92,25.28,5.22,44.3833
4301875,Barra do Quaraí,RS,0,608.9226,3.6272,0.662,0.548,0.659,0.802,0.48,483.29,11.29,7.4,24.65,5.05,70.7876
4301909,Barra do Ribeiro,RS,0,30.018,4.1341,0.67,0.529,0.691,0.822,0.48,589.16,4.56,7.03,27.84,5.04,73.9023
4301925,Barra do Rio Azul,RS,0,313.5527,3.2098,0.723,0.638,0.703,0.842,0.4,634.55,2.39,7.96,22.36,3.27,20.1198
4301958,Barra Funda,RS,0,292.8502,3.4087,0.763,0.71,0.731,0.856,0.39,757.01,0.38,5.17,34.64,7.07,64.3008
4302006,Barros Cassal,RS,0,168.1038,4.0479,0.65,0.5,0.69,0.795,0.51,587.45,5.28,15.14,18.32,3.84,31.7165
4302055,Benjamin Constant do Sul,RS,0,310.6883,3.2842,0.619,0.492,0.601,0.801,0.48,336.44,16.33,13.81,14.84,2.77,14.7811
4302105,Bento Gonçalves,RS,0,99.8508,5.0902,0.778,0.695,0.805,0.842,0.44,1196.56,0.34,2.23,42.97,13.36,92.3479
4302154,Boa Vista das Missões,RS,0,332.0891,3.3195,0.676,0.561,0.666,0.825,0.44,505.89,6.67,9.0,21.84,6.01,41.9111
4302204,Boa Vista do Buricá,RS,0,384.0195,3.8269,0.762,0.697,0.761,0.834,0.43,909.95,0.7,1.88,30.59,8.1,66.4131
4302220,Boa Vista do Cadeado,RS,0,298.1829,3.392,0.703,0.59,0.692,0.851,0.4,594.94,3.97,5.57,17.18,2.68,19.3363
4302238,Boa Vista do Incra,RS,0,248.8184,3.4196,0.731,0.641,0.703,0.867,0.45,633.52,5.38,5.01,26.43,5.0,29.8557
4302253,Boa Vista do Sul,RS,0,87.1418,3.4429,0.728,0.587,0.77,0.852,0.45,964.35,0.43,7.36,14.51,1.77,14.085
4302303,Bom Jesus,RS,0,169.6823,4.0519,0.666,0.51,0.697,0.832,0.52,611.26,2.62,7.91,22.03,7.74,74.5985
4302352,Bom Princípio,RS,0,60.7966,4.1597,0.746,0.661,0.751,0.836,0.37,855.42,0.24,1.72,33.81,6.67,78.0219
4302378,Bom Progresso,RS,0,377.2515,3.269,0.723,0.643,0.7,0.84,0.52,623.82,5.89,10.21,27.09,4.09,49.2268
4302402,Bom Retiro do Sul,RS,0,83.4788,4.0951,0.739,0.649,0.725,0.857,0.38,728.62,0.56,3.42,27.43,4.51,79.864
4302451,Boqueirão do Leão,RS,0,141.157,3.886,0.7,0.562,0.725,0.843,0.47,726.61,2.26,10.77,20.87,4.84,21.7907
4302501,Bossoroca,RS,0,384.8013,3.7878,0.692,0.608,0.665,0.821,0.49,502.18,4.93,7.96,20.05,5.57,53.4863
4302584,Bozano,RS,0,308.512,3.322,0.745,0.628,0.773,0.853,0.42,982.06,0.5,5.16,20.62,3.56,28.5909
4302600,Braga,RS,0,363.1861,3.5147,0.674,0.563,0.656,0.83,0.47,475.39,10.21,13.78,22.58,4.2,61.6424
4302659,Brochier,RS,0,63.1858,3.7103,0.699,0.554,0.723,0.851,0.36,720.21,0.0,3.33,19.39,2.94,49.1123
4302709,Butiá,RS,0,71.164,4.3215,0.689,0.558,0.691,0.848,0.47,590.45,3.46,8.46,24.92,5.94,94.727
4302808,Caçapava do Sul,RS,0,223.5185,4.5247,0.704,0.585,0.699,0.855,0.48,618.98,3.42,8.24,28.86,8.56,75.423
4302907,Cacequi,RS,0,347.1233,4.0896,0.7,0.626,0.68,0.807,0.52,550.88,3.98,7.51,30.87,5.95,87.394
4303004,Cachoeira do Sul,RS,0,160.2586,4.9114,0.742,0.648,0.739,0.854,0.54,793.67,2.93,7.49,35.64,11.12,85.5333
4303103,Cachoeirinha,RS,0,15.715,5.121,0.757,0.675,0.749,0.857,0.44,844.04,1.39,2.94,45.08,6.77,100.0
4303202,Cacique Doble,RS,0,255.0477,3.7061,0.662,0.528,0.677,0.81,0.51,539.67,12.04,10.13,20.31,5.36,33.4429
4303301,Caibaté,RS,0,383.3464,3.6814,0.719,0.611,0.709,0.857,0.48,659.58,3.76,6.95,27.41,7.32,55.4098
4303400,Caiçara,RS,0,373.6881,3.6683,0.699,0.58,0.721,0.817,0.47,712.77,2.57,7.59,19.8,5.94,31.4336
4303509,Camaquã,RS,0,107.1567,4.824,0.697,0.578,0.715,0.819,0.48,686.36,2.13,7.05,26.06,7.84,78.6374
4303558,Camargo,RS,0,186.0264,3.4393,0.736,0.612,0.762,0.854,0.39,916.32,0.0,8.57,26.8,7.14,42.2454
4303608,Cambará do Sul,RS,0,151.4421,3.805,0.697,0.574,0.705,0.838,0.45,643.45,0.76,6.89,28.42,6.68,46.4843
4303673,Campestre da Serra,RS,0,137.7653,3.5317,0.706,0.557,0.713,0.886,0.31,675.91,0.82,6.42,19.03,2.29,37.9119
4303707,Campina das Missões,RS,0,418.3625,3.7263,0.738,0.677,0.698,0.849,0.41,615.85,2.69,4.06,26.07,4.33,35.7692
4303806,Campinas do Sul,RS,0,291.8173,3.7342,0.76,0.691,0.753,0.842,0.46,869.1,1.08,4.72,34.94,8.25,76.5892
4303905,Campo Bom,RS,0,42.6691,4.845,0.745,0.643,0.755,0.852,0.43,879.65,0.2,3.18,30.66,5.35,95.4456
4304002,Campo Novo,RS,0,362.5417,3.6307,0.703,0.593,0.677,0.866,0.48,539.04,4.18,13.04,27.36,6.28,75.2702
4304101,Campos Borges,RS,0,213.0295,3.5148,0.708,0.616,0.704,0.819,0.46,637.46,3.62,9.44,23.8,7.02,57.4127
4304200,Candelária,RS,0,155.741,4.498,0.674,0.521,0.699,0.842,0.46,620.92,4.91,9.5,20.35,4.56,52.0864
4304309,Cândido Godói,RS,0,413.3809,3.7858,0.728,0.627,0.72,0.853,0.45,706.19,2.53,3.38,26.33,5.31,28.2479
4304358,Candiota,RS,0,289.3033,3.9871,0.698,0.562,0.704,0.86,0.51,638.77,6.91,5.48,24.36,4.25,29.6203
4304408,Canela,RS,0,84.7475,4.6624,0.748,0.667,0.738,0.849,0.48,787.78,1.34,4.2,33.97,8.83,91.338
4304507,Canguçu,RS,0,205.2998,4.751,0.65,0.491,0.683,0.819,0.49,562.54,9.14,9.17,15.85,4.18,36.9778
4304606,Canoas,RS,0,13.2032,5.5437,0.75,0.636,0.768,0.864,0.51,952.13,0.93,2.61,43.63,10.35,100.0
4304614,Canudos do Vale,RS,0,124.7979,3.2287,0.713,0.574,0.751,0.84,0.49,854.58,6.9,10.66,12.64,1.16,22.7449
4304622,Capão Bonito do Sul,RS,0,212.3392,3.2117,0.637,0.507,0.654,0.779,0.52,468.49,10.65,10.12,11.21,3.44,28.4493
4304630,Capão da Canoa,RS,0,120.2767,4.7404,0.743,0.637,0.756,0.852,0.51,884.47,1.49,3.74,36.09,10.06,99.3982
4304655,Capão do Cipó,RS,0,344.3217,3.5735,0.672,0.552,0.639,0.86,0.51,426.09,9.81,6.42,18.65,3.56,16.7204
4304663,Capão do Leão,RS,0,227.3975,4.4059,0.637,0.48,0.662,0.814,0.43,493.36,2.37,7.37,21.72,3.31,92.1146
4304671,Capivari do Sul,RS,0,70.5229,3.6806,0.766,0.668,0.805,0.836,0.68,1196.47,1.0,7.9,34.96,7.43,83.0334
4304689,Capela de Santana,RS,0,37.5707,4.0858,0.661,0.525,0.675,0.816,0.39,533.88,2.2,5.77,19.52,3.0,59.5505
4304697,Capitão,RS,0,111.8361,3.4425,0.746,0.661,0.747,0.842,0.38,835.57,0.19,5.32,23.11,3.22,43.5129
4304705,Carazinho,RS,0,246.2204,4.7953,0.766,0.707,0.756,0.84,0.51,881.73,1.56,4.1,42.52,11.15,98.2062
4304713,Caraá,RS,0,81.3799,3.9256,0.652,0.505,0.661,0.83,0.39,490.65,2.36,11.98,12.58,2.57,14.4694
4304804,Carlos Barbosa,RS,0,85.599,4.4861,0.796,0.724,0.835,0.835,0.51,1446.56,0.0,2.54,40.13,8.91,79.3585
4304853,Carlos Gomes,RS,0,266.0267,3.1229,0.739,0.622,0.732,0.886,0.43,761.35,1.17,4.74,19.0,3.95,23.5221
4304903,Casca,RS,0,179.1029,3.9576,0.785,0.733,0.778,0.847,0.41,1011.38,0.36,3.88,37.42,12.68,58.8371
4304952,Caseiros,RS,0,200.4407,3.5089,0.703,0.6,0.696,0.833,0.47,606.99,6.14,10.19,21.19,4.81,49.4845
4305009,Catuípe,RS,0,334.7638,3.9361,0.739,0.627,0.763,0.842,0.56,920.96,2.23,6.07,25.25,8.73,64.3355
4305108,Caxias do Sul,RS,0,96.0972,5.7191,0.782,0.686,0.812,0.86,0.48,1253.93,0.36,2.34,46.95,13.51,96.2903
4305116,Centenário,RS,0,263.1,3.4571,0.701,0.569,0.707,0.856,0.46,651.77,5.2,4.08,16.32,2.53,32.0067
4305124,Cerrito,RS,0,252.8867,3.7785,0.649,0.504,0.657,0.824,0.48,476.66,6.18,12.08,19.0,4.28,58.5286
4305132,Cerro Branco,RS,0,170.3923,3.6739,0.661,0.527,0.671,0.816,0.41,519.95,3.02,13.08,17.92,3.13,28.6035
4305157,Cerro Grande,RS,0,328.8507,3.3581,0.674,0.563,0.676,0.803,0.49,538.45,4.85,14.04,19.33,7.45,34.3401
4305173,Cerro Grande do Sul,RS,0,81.1139,4.0996,0.66,0.499,0.673,0.855,0.5,527.88,5.13,9.85,16.43,3.25,24.1917
4305207,Cerro Largo,RS,0,400.2345,4.1536,0.764,0.698,0.752,0.849,0.47,862.05,0.37,4.43,34.49,9.23,79.547
4305306,Chapada,RS,0,282.8452,3.9643,0.757,0.679,0.752,0.849,0.46,860.15,1.34,4.28,28.84,5.09,59.4327
4305355,Charqueadas,RS,0,39.0287,4.6202,0.747,0.659,0.726,0.87,0.43,734.59,1.63,4.63,34.84,6.24,97.6501
4305371,Charrua,RS,0,243.7492,3.5089,0.62,0.385,0.699,0.885,0.51,618.89,4.87,13.09,14.14,2.28,16.8251
4305405,Chiapetta,RS,0,353.5955,3.5663,0.732,0.657,0.702,0.85,0.49,632.18,4.54,6.26,27.18,5.85,61.0781
4305439,Chuí,RS,0,458.1329,3.8345,0.706,0.658,0.676,0.792,0.48,535.86,4.05,1.88,26.07,6.8,96.2819
4305447,Chuvisca,RS,0,108.2347,3.7418,0.616,0.437,0.655,0.818,0.46,471.66,6.14,9.74,11.09,1.46,5.5218
4305454,Cidreira,RS,0,99.5063,4.2278,0.729,0.625,0.73,0.848,0.49,750.55,3.17,3.66,33.88,7.37,96.7793
4305504,Ciríaco,RS,0,197.9151,3.6715,0.719,0.6,0.724,0.855,0.45,725.12,1.45,7.12,25.77,6.31,50.6705
4305587,Colinas,RS,0,94.0435,3.392,0.765,0.678,0.786,0.84,0.47,1066.39,0.08,2.93,23.78,3.6,45.6612
4305603,Colorado,RS,0,239.5197,3.4897,0.758,0.674,0.775,0.835,0.51,996.93,2.0,4.45,29.75,7.71,51.9437
4305702,Condor,RS,0,298.949,3.8303,0.747,0.666,0.735,0.852,0.49,777.62,2.65,5.4,27.15,6.27,61.569
4305801,Constantina,RS,0,307.7542,3.9958,0.754,0.668,0.726,0.885,0.45,732.39,3.01,8.26,30.71,7.61,66.7555
4305835,Coqueiro Baixo,RS,0,126.3254,3.1732,0.692,0.532,0.703,0.886,0.41,634.31,4.22,7.06,13.43,2.38,18.4555
4305850,Coqueiros do Sul,RS,0,260.6149,3.3555,0.746,0.614,0.806,0.84,0.53,1208.56,1.33,5.09,21.53,3.79,36.7928
4305871,Coronel Barros,RS,0,331.2276,3.4016,0.744,0.61,0.793,0.852,0.53,1112.14,0.19,3.15,19.72,4.75,44.449
4305900,Coronel Bicaco,RS,0,352.7307,3.8581,0.665,0.55,0.667,0.803,0.51,509.04,8.72,11.28,23.44,6.17,65.4104
4305934,Coronel Pilar,RS,0,95.0552,3.2047,0.727,0.6,0.766,0.835,0.36,942.36,0.48,4.06,16.04,2.54,10.087
4305959,Cotiporã,RS,0,123.3015,3.5825,0.741,0.636,0.767,0.835,0.39,943.48,0.1,4.52,25.37,5.07,52.2849
4305975,Coxilha,RS,0,236.4068,3.4363,0.706,0.586,0.693,0.866,0.49,596.9,6.17,6.82,24.21,2.3,61.5357
4306007,Crissiumal,RS,0,396.9602,4.1228,0.712,0.616,0.702,0.835,0.41,630.54,2.84,4.79,23.6,4.34,43.482
4306056,Cristal,RS,0,133.4102,3.9096,0.644,0.471,0.687,0.826,0.45,575.45,2.99,9.49,17.35,2.61,56.0027
4306072,Cristal do Sul,RS,0,347.6564,3.4533,0.66,0.542,0.641,0.826,0.45,430.67,7.06,12.19,18.57,4.53,32.9441
4306106,Cruz Alta,RS,0,277.2576,4.775,0.75,0.653,0.754,0.858,0.53,871.81,2.76,4.49,39.09,14.32,96.455
4306130,Cruzaltense,RS,0,297.1084,3.2467,0.719,0.605,0.724,0.849,0.45,723.18,6.23,6.76,18.74,2.18,22.8398
4306205,Cruzeiro do Sul,RS,0,93.7451,4.0954,0.723,0.607,0.746,0.833,0.41,832.23,0.42,3.83,24.7,4.46,60.6818
4306304,David Canabarro,RS,0,192.7125,3.675,0.762,0.688,0.74,0.87,0.44,798.91,0.0,7.36,29.92,7.21,40.8285
4306320,Derrubadas,RS,0,400.8319,3.4342,0.707,0.628,0.664,0.846,0.55,497.31,17.64,9.78,21.05,4.48,28.2445
4306353,Dezesseis de Novembro,RS,0,421.6739,3.3675,0.654,0.553,0.625,0.809,0.48,391.3,11.96,12.29,18.57,3.55,23.2729
4306379,Dilermando de Aguiar,RS,0,290.1199,3.4758,0.648,0.463,0.681,0.864,0.58,553.74,8.02,13.65,12.65,1.96,32.3433
4306403,Dois Irmãos,RS,0,51.413,4.5257,0.743,0.633,0.763,0.848,0.38,921.37,0.0,2.04,34.26,7.36,98.9264
4306429,Dois Irmãos das Missões,RS,0,346.2102,3.2993,0.67,0.585,0.646,0.797,0.5,446.59,13.22,12.29,21.0,6.84,50.7186
4306452,Dois Lajeados,RS,0,131.155,3.5328,0.757,0.67,0.775,0.837,0.34,992.68,0.0,5.11,27.75,4.96,47.712
4306502,Dom Feliciano,RS,0,112.8897,4.1919,0.587,0.39,0.633,0.818,0.48,409.72,9.99,12.21,10.62,3.07,23.185
4306551,Dom Pedro de Alcântara,RS,0,152.0733,3.4014,0.691,0.577,0.697,0.82,0.43,611.05,1.5,5.65,19.35,3.47,29.0588
4306601,Dom Pedrito,RS,0,346.6001,4.5823,0.708,0.585,0.715,0.848,0.54,686.15,2.26,5.88,28.39,9.15,90.6345
4306700,Dona Francisca,RS,0,210.6937,3.471,0.697,0.568,0.718,0.831,0.46,698.57,1.6,7.19,25.88,5.99,63.0991
4306734,Doutor Maurício Cardoso,RS,0,414.2287,3.6415,0.706,0.593,0.707,0.84,0.47,652.63,3.8,6.29,23.66,5.21,49.2942
4306759,Doutor Ricardo,RS,0,126.7538,3.2938,0.724,0.593,0.749,0.855,0.38,843.35,0.41,7.19,19.17,4.05,34.1379
4306767,Eldorado do Sul,RS,0,8.5822,4.6283,0.717,0.609,0.717,0.844,0.46,692.0,2.29,4.17,34.31,4.36,89.6835
4306809,Encantado,RS,0,107.6906,4.3626,0.767,0.687,0.764,0.858,0.42,931.47,0.49,3.25,34.04,7.25,87.1721
4306908,Encruzilhada do Sul,RS,0,136.69,4.4156,0.657,0.478,0.677,0.875,0.52,539.0,6.75,10.8,19.28,4.46,69.7766
4306924,Engenho Velho,RS,0,305.764,2.9694,0.717,0.611,0.735,0.821,0.55,775.44,16.45,10.6,22.37,3.81,39.2272
4306932,Entre-Ijuís,RS,0,348.6934,3.9217,0.68,0.548,0.692,0.829,0.47,594.67,3.87,6.09,21.78,5.0,54.7438
4306957,Entre Rios do Sul,RS,0,314.4798,3.4352,0.703,0.572,0.709,0.857,0.45,657.86,3.53,9.13,17.97,5.11,69.1558
4306973,Erebango,RS,0,263.9423,3.4739,0.712,0.626,0.689,0.837,0.47,583.76,5.29,6.86,21.54,5.75,65.9259
4307005,Erechim,RS,0,285.3451,5.0309,0.776,0.716,0.782,0.833,0.48,1038.39,1.08,3.27,44.24,13.79,94.2396
4307054,Ernestina,RS,0,214.5592,3.5012,0.716,0.612,0.703,0.854,0.43,634.28,1.4,6.23,27.73,4.37,54.1127
4307104,Herval,RS,0,303.095,3.833,0.687,0.527,0.73,0.843,0.68,752.24,10.07,7.53,22.85,5.93,66.9184
4307203,Erval Grande,RS,0,321.0416,3.6794,0.681,0.501,0.713,0.885,0.5,677.58,2.0,11.75,17.56,5.62,52.1015
4307302,Erval Seco,RS,0,354.2229,3.8259,0.685,0.589,0.666,0.821,0.52,505.57,10.0,11.78,21.14,5.41,43.6278
4307401,Esmeralda,RS,0,219.3952,3.5173,0.68,0.569,0.669,0.827,0.45,514.34,4.12,8.22,23.1,7.43,67.1717
4307450,Esperança do Sul,RS,0,401.0116,3.4542,0.661,0.55,0.665,0.788,0.43,502.89,9.25,10.08,13.99,2.12,25.7946
4307500,Espumoso,RS,0,212.7959,4.193,0.765,0.677,0.747,0.884,0.49,834.66,1.9,7.52,34.11,11.72,73.0381
4307559,Estação,RS,0,256.698,3.7726,0.753,0.674,0.752,0.843,0.46,862.69,0.96,3.48,35.42,9.2,85.1605
4307609,Estância Velha,RS,0,42.5659,4.71,0.757,0.652,0.749,0.887,0.42,848.45,0.7,2.62,33.3,5.93,97.4398
4307708,Esteio,RS,0,21.3984,4.9209,0.754,0.662,0.769,0.843,0.48,955.86,1.32,2.65,44.29,9.57,99.8613
4307807,Estrela,RS,0,92.4775,4.5399,0.767,0.684,0.776,0.85,0.42,1002.78,0.0,2.47,38.82,10.68,84.6305
4307815,Estrela Velha,RS,0,209.3175,3.5618,0.679,0.56,0.707,0.792,0.49,650.28,6.42,8.99,19.83,4.01,32.1665
4307831,Eugênio de Castro,RS,0,328.8942,3.3636,0.712,0.584,0.697,0.885,0.5,613.5,3.56,6.49,20.06,5.13,52.8949
4307864,Fagundes Varela,RS,0,135.2768,3.4393,0.763,0.674,0.773,0.852,0.35,981.99,0.42,4.02,27.24,5.41,50.1357
4307906,Farroupilha,RS,0,90.4061,4.8678,0.777,0.696,0.783,0.861,0.43,1045.05,0.45,2.58,41.46,10.33,86.5137
4308003,Faxinal do Soturno,RS,0,219.2124,3.8229,0.72,0.597,0.732,0.854,0.47,760.86,1.71,5.15,31.95,12.73,62.5749
4308052,Faxinalzinho,RS,0,321.9346,3.3533,0.666,0.571,0.646,0.801,0.43,445.67,9.85,9.49,24.13,3.91,49.591
4308078,Fazenda Vilanova,RS,0,75.3511,3.6702,0.698,0.557,0.726,0.841,0.44,734.82,1.56,5.94,21.83,3.54,54.4496
4308102,Feliz,RS,0,64.5364,4.1376,0.75,0.658,0.758,0.847,0.37,897.05,0.0,0.95,31.75,5.92,76.1874
4308201,Flores da Cunha,RS,0,111.1628,4.4963,0.754,0.642,0.786,0.849,0.44,1062.06,0.48,3.16,33.81,8.74,76.882
4308250,Floriano Peixoto,RS,0,255.0314,3.2327,0.663,0.486,0.701,0.854,0.44,626.67,5.25,4.44,13.08,1.42,14.4698
4308300,Fontoura Xavier,RS,0,158.8885,4.0078,0.661,0.532,0.668,0.812,0.53,511.46,10.84,17.45,20.75,3.76,38.2498
4308409,Formigueiro,RS,0,218.7485,3.8175,0.682,0.549,0.69,0.838,0.51,586.75,4.49,11.22,23.72,6.7,39.4782
4308433,Forquetinha,RS,0,110.6632,3.3782,0.683,0.484,0.743,0.886,0.38,812.72,1.04,6.64,11.05,0.38,18.8786
4308458,Fortaleza dos Valos,RS,0,238.4612,3.6286,0.756,0.663,0.779,0.837,0.62,1021.84,2.31,6.27,29.35,7.02,65.4208
4308508,Frederico Westphalen,RS,0,364.8165,4.5007,0.76,0.688,0.754,0.846,0.47,875.03,1.64,4.78,39.89,16.48,80.8966
4308607,Garibaldi,RS,0,91.0011,4.5538,0.786,0.688,0.825,0.856,0.51,1355.37,0.06,2.64,38.96,11.74,88.6669
4308656,Garruchos,RS,0,474.3474,3.455,0.671,0.553,0.657,0.833,0.52,476.17,9.28,12.22,19.81,5.11,32.684
4308706,Gaurama,RS,0,284.9445,3.7362,0.738,0.643,0.733,0.852,0.43,765.58,0.8,4.05,29.62,6.0,57.796
4308805,General Câmara,RS,0,53.4165,3.9211,0.686,0.552,0.704,0.832,0.49,640.45,2.65,9.55,25.43,4.82,58.7901
4308854,Gentil,RS,0,193.9481,3.2092,0.733,0.643,0.71,0.863,0.43,662.04,2.5,7.59,29.4,7.03,43.1127
4308904,Getúlio Vargas,RS,0,259.3032,4.2084,0.746,0.658,0.747,0.843,0.45,837.17,1.2,4.12,35.28,9.0,85.8116
4309001,Giruá,RS,0,376.2892,4.1967,0.721,0.629,0.707,0.842,0.53,653.18,3.36,6.68,24.29,6.94,75.59
4309050,Glorinha,RS,0,45.8926,3.9193,0.714,0.593,0.716,0.859,0.41,686.99,1.46,7.96,26.54,4.21,29.9956
4309100,Gramado,RS,0,80.0979,4.5666,0.764,0.662,0.783,0.861,0.48,1045.52,0.32,2.82,35.13,10.53,89.8987
4309126,Gramado dos Loureiros,RS,0,331.3456,3.3088,0.685,0.584,0.662,0.832,0.5,491.1,9.22,13.05,23.64,5.12,23.182
4309159,Gramado Xavier,RS,0,155.3749,3.6413,0.634,0.473,0.681,0.792,0.54,552.44,12.65,9.91,13.2,3.11,13.3249
4309209,Gravataí,RS,0,24.7616,5.4557,0.736,0.636,0.727,0.862,0.44,737.29,1.54,3.2,39.31,5.64,95.2425
4309258,Guabiju,RS,0,171.5733,3.1697,0.758,0.612,0.831,0.857,0.55,1408.71,0.3,4.55,26.0,8.46,46.1827
4309308,Guaíba,RS,0,12.0351,4.9927,0.73,0.639,0.732,0.833,0.47,758.83,1.49,3.83,39.51,6.54,97.7522
4309407,Guaporé,RS,0,146.1218,4.4183,0.765,0.685,0.781,0.837,0.42,1035.41,0.27,3.75,34.72,9.29,91.2598
4309506,Guarani das Missões,RS,0,385.857,3.8688,0.737,0.665,0.698,0.863,0.42,615.87,3.09,4.93,27.38,7.03,61.984
4309555,Harmonia,RS,0,56.3959,3.6961,0.749,0.668,0.748,0.841,0.36,840.55,0.54,2.09,28.33,5.56,57.7339
4309571,Herveiras,RS,0,151.3071,3.4799,0.616,0.441,0.67,0.792,0.41,516.11,5.29,10.17,11.76,1.92,12.9993
4309605,Horizontina,RS,0,401.511,4.2888,0.783,0.716,0.782,0.858,0.49,1037.04,0.58,2.89,39.5,11.72,79.4037
4309654,Hulha Negra,RS,0,294.9886,3.8385,0.643,0.512,0.653,0.796,0.54,465.17,15.51,8.69,19.28,3.48,48.1383
4309704,Humaitá,RS,0,383.4287,3.6732,0.738,0.657,0.732,0.837,0.42,759.99,0.53,3.55,29.63,8.22,59.1787
4309753,Ibarama,RS,0,195.9869,3.6428,0.652,0.511,0.686,0.792,0.43,572.6,4.72,6.69,12.98,2.71,24.0906
4309803,Ibiaçá,RS,0,228.615,3.6712,0.739,0.593,0.766,0.888,0.43,940.93,0.51,6.7,26.13,5.22,60.4883
4309902,Ibiraiaras,RS,0,188.8445,3.8614,0.724,0.615,0.739,0.835,0.44,795.0,1.44,5.99,27.47,7.47,53.2283
4309951,Ibirapuitã,RS,0,201.0309,3.6008,0.638,0.463,0.678,0.828,0.52,544.81,3.74,9.99,15.77,3.21,58.8771
4310009,Ibirubá,RS,0,238.3617,4.3112,0.765,0.671,0.786,0.848,0.49,1062.3,1.04,3.44,35.74,11.07,79.4511
4310108,Igrejinha,RS,0,65.6701,4.577,0.721,0.571,0.749,0.876,0.44,848.23,0.61,3.51,25.13,5.31,95.3569
4310207,Ijuí,RS,0,318.491,4.9245,0.781,0.707,0.786,0.858,0.57,1066.65,2.34,4.16,39.92,12.71,90.6672
4310306,Ilópolis,RS,0,149.8826,3.6079,0.73,0.595,0.756,0.866,0.48,884.57,1.71,6.74,23.15,5.8,53.803
4310330,Imbé,RS,0,105.918,4.3751,0.764,0.638,0.825,0.847,0.68,1359.66,1.25,3.02,37.86,9.97,99.9491
4310363,Imigrante,RS,0,91.749,3.4918,0.743,0.635,0.764,0.844,0.35,928.0,0.0,1.32,21.91,5.14,49.5865
4310405,Independência,RS,0,376.5884,3.782,0.693,0.576,0.711,0.813,0.48,665.99,4.53,7.95,23.91,5.68,62.8135
4310413,Inhacorá,RS,0,361.2154,3.3438,0.673,0.585,0.647,0.807,0.43,448.48,4.77,10.55,18.65,3.33,59.3736
4310439,Ipê,RS,0,134.8273,3.8284,0.728,0.618,0.751,0.831,0.45,856.32,1.05,6.3,24.07,4.45,48.4209
4310462,Ipiranga do Sul,RS,0,260.3034,3.2721,0.791,0.698,0.818,0.866,0.48,1301.23,0.6,3.38,27.61,4.64,34.928
4310504,Iraí,RS,0,372.8785,3.8479,0.691,0.59,0.684,0.819,0.54,564.49,10.3,9.44,22.78,7.58,55.1745
4310538,Itaara,RS,0,248.578,3.7461,0.76,0.687,0.761,0.841,0.61,913.96,1.92,5.72,33.7,11.51,79.2016
4310553,Itacurubi,RS,0,411.1282,3.5386,0.657,0.509,0.692,0.804,0.61,593.23,6.51,8.36,17.16,3.88,34.4086
4310579,Itapuca,RS,0,166.3356,3.309,0.664,0.495,0.709,0.834,0.4,660.33,0.6,9.13,15.8,3.06,23.8055
4310603,Itaqui,RS,0,524.8837,4.5724,0.713,0.626,0.687,0.843,0.51,576.71,3.55,6.18,29.57,7.18,87.2953
4310652,Itati,RS,0,123.6987,3.376,0.669,0.524,0.692,0.827,0.47,592.8,4.14,12.92,19.62,4.9,8.2043
4310702,Itatiba do Sul,RS,0,317.5774,3.4973,0.681,0.567,0.696,0.801,0.49,607.67,5.36,11.38,17.73,3.05,41.4529
4310751,Ivorá,RS,0,234.0099,3.2681,0.724,0.602,0.712,0.886,0.44,670.27,2.4,4.84,28.12,7.27,32.6994
4310801,Ivoti,RS,0,48.9238,4.3991,0.784,0.729,0.78,0.848,0.44,1025.02,0.1,1.88,37.89,8.29,90.8826
4310850,Jaboticaba,RS,0,333.5224,3.5726,0.658,0.547,0.636,0.82,0.53,419.41,18.1,12.16,19.07,5.24,36.286
4310876,Jacuizinho,RS,0,208.6703,3.4342,0.662,0.487,0.73,0.817,0.72,750.68,19.56,11.85,16.21,6.14,22.4172
4310900,Jacutinga,RS,0,286.1328,3.548,0.726,0.636,0.703,0.855,0.39,636.24,0.92,6.31,27.03,8.72,70.823
4311007,Jaguarão,RS,0,347.9009,4.4204,0.707,0.608,0.698,0.832,0.49,616.82,2.75,6.62,31.02,7.94,93.4625
4311106,Jaguari,RS,0,339.6704,4.0287,0.712,0.567,0.734,0.866,0.51,772.25,3.82,5.82,24.17,7.39,56.925
4311122,Jaquirana,RS,0,153.1075,3.5576,0.614,0.475,0.626,0.779,0.43,392.53,5.66,11.07,15.04,2.89,58.1757
4311130,Jari,RS,0,300.5059,3.5406,0.631,0.473,0.636,0.836,0.56,418.18,16.16,7.65,12.63,4.07,17.1469
4311155,Jóia,RS,0,319.4014,3.933,0.686,0.572,0.671,0.841,0.53,521.7,11.86,6.26,20.2,3.71,25.075
4311205,Júlio de Castilhos,RS,0,253.4991,4.2824,0.716,0.602,0.733,0.833,0.59,765.91,4.18,5.65,28.68,8.45,82.2616
4311239,Lagoa Bonita do Sul,RS,0,182.6157,3.4682,0.67,0.539,0.696,0.801,0.43,608.88,3.94,10.66,16.75,1.59,14.4252
4311254,Lagoão,RS,0,174.2594,3.8108,0.643,0.505,0.641,0.822,0.43,432.78,6.72,20.11,14.37,2.51,26.7583
4311270,Lagoa dos Três Cantos,RS,0,226.564,3.2052,0.789,0.754,0.765,0.852,0.43,933.6,0.67,2.22,33.21,5.46,50.5006
4311304,Lagoa Vermelha,RS,0,204.5705,4.4433,0.738,0.62,0.734,0.885,0.5,771.47,1.24,7.41,30.59,11.08,87.6876
4311403,Lajeado,RS,0,95.044,4.9345,0.778,0.704,0.796,0.84,0.46,1130.85,0.38,2.69,42.89,13.39,99.6291
4311429,Lajeado do Bugre,RS,0,322.1986,3.4098,0.613,0.465,0.604,0.822,0.49,343.1,16.13,18.33,12.8,3.32,28.3876
4311502,Lavras do Sul,RS,0,270.3536,3.8698,0.699,0.577,0.683,0.868,0.5,559.67,4.08,9.19,28.84,6.29,61.9612
4311601,Liberato Salzano,RS,0,324.9133,3.7065,0.685,0.583,0.68,0.81,0.43,551.91,3.37,12.78,15.58,4.49,22.4394
4311627,Lindolfo Collor,RS,0,47.7695,3.7919,0.712,0.601,0.712,0.842,0.37,672.81,0.52,3.78,20.47,2.03,82.0165
4311643,Linha Nova,RS,0,63.1447,3.2365,0.749,0.662,0.751,0.846,0.36,857.79,0.13,2.86,20.77,3.16,25.6158
4311700,Machadinho,RS,0,277.0692,3.7333,0.692,0.577,0.711,0.807,0.5,669.6,4.58,10.55,23.73,6.41,61.4338
4311718,Maçambará,RS,0,477.6923,3.657,0.684,0.58,0.664,0.832,0.5,499.71,4.63,9.92,20.27,5.1,27.6488
4311734,Mampituba,RS,0,154.6016,3.472,0.649,0.517,0.65,0.813,0.46,456.27,1.34,10.22,13.56,2.47,18.9144
4311759,Manoel Viana,RS,0,414.3204,3.8642,0.655,0.534,0.686,0.766,0.52,570.72,4.78,9.77,24.86,8.52,75.8201
4311775,Maquiné,RS,0,106.2947,3.8291,0.682,0.519,0.695,0.88,0.43,604.04,1.34,7.59,20.24,4.55,29.8914
4311791,Maratá,RS,0,61.4936,3.4334,0.697,0.54,0.729,0.862,0.34,745.31,0.24,3.06,21.41,3.28,29.7982
4311809,Marau,RS,0,199.3754,4.6582,0.774,0.699,0.773,0.857,0.44,980.92,0.62,3.0,38.26,10.71,86.7836
4311908,Marcelino Ramos,RS,0,293.3137,3.6273,0.724,0.618,0.735,0.834,0.47,777.41,2.61,6.42,27.07,7.79,53.0191
4311981,Mariana Pimentel,RS,0,49.8301,3.5902,0.701,0.568,0.701,0.866,0.46,628.63,3.09,7.56,16.8,3.64,16.9321
4312005,Mariano Moro,RS,0,310.9487,3.2982,0.73,0.604,0.763,0.843,0.47,925.46,1.26,7.24,17.12,4.02,52.1719
4312054,Marques de Souza,RS,0,114.5604,3.6,0.687,0.515,0.743,0.849,0.42,817.11,0.64,6.91,18.44,2.65,37.9794
4312104,Mata,RS,0,315.2438,3.6776,0.656,0.529,0.66,0.807,0.46,484.75,6.31,7.52,18.21,3.05,51.2229
4312138,Mato Castelhano,RS,0,216.5567,3.4053,0.727,0.608,0.752,0.839,0.56,862.71,2.58,9.38,21.48,4.45,21.0931
4312153,Mato Leitão,RS,0,103.7979,3.6653,0.746,0.676,0.721,0.853,0.36,708.43,1.85,3.8,25.69,3.98,41.9405
4312179,Mato Queimado,RS,0,383.6324,3.2071,0.717,0.603,0.702,0.87,0.43,629.4,2.37,7.59,19.16,2.53,26.6259
4312203,Maximiliano de Almeida,RS,0,272.1082,3.6288,0.699,0.591,0.699,0.825,0.44,620.58,3.98,8.81,24.04,6.93,60.5579
4312252,Minas do Leão,RS,0,79.8193,3.9101,0.681,0.514,0.743,0.826,0.62,815.23,1.65,10.25,21.16,2.83,96.1866
4312302,Miraguaí,RS,0,369.7908,3.6901,0.725,0.613,0.744,0.837,0.66,820.8,7.77,9.64,23.26,4.72,42.6159
4312351,Montauri,RS,0,173.7394,3.1553,0.764,0.662,0.79,0.852,0.35,1091.01,0.47,6.61,28.53,5.28,41.7639
4312377,Monte Alegre dos Campos,RS,0,155.6692,3.5101,0.65,0.501,0.667,0.822,0.55,508.71,10.72,10.93,9.15,0.95,20.793
4312385,Monte Belo do Sul,RS,0,104.298,3.4004,0.752,0.663,0.752,0.852,0.33,861.81,0.0,2.4,25.73,6.29,28.839
4312401,Montenegro,RS,0,44.145,4.8206,0.755,0.654,0.761,0.866,0.5,914.23,0.82,3.75,38.23,9.74,90.2617
4312427,Mormaço,RS,0,205.4835,3.4968,0.714,0.576,0.735,0.86,0.57,775.77,2.28,10.22,23.58,7.0,21.8261
4312443,Morrinhos do Sul,RS,0,145.4971,3.461,0.711,0.593,0.72,0.842,0.47,705.78,0.72,8.73,20.9,4.67,40.8548
4312450,Morro Redondo,RS,0,220.0343,3.8201,0.702,0.557,0.719,0.864,0.51,701.43,4.24,9.01,21.92,6.46,42.5245
4312476,Morro Reuter,RS,0,56.4152,3.8176,0.743,0.653,0.733,0.858,0.32,767.55,0.21,1.04,25.04,4.99,85.2889
4312500,Mostardas,RS,0,123.4965,4.1102,0.664,0.493,0.701,0.849,0.55,627.16,3.92,11.25,20.04,3.9,67.1643
4312609,Muçum,RS,0,114.1781,3.6961,0.746,0.654,0.757,0.84,0.39,887.43,0.39,4.47,29.44,7.45,84.4083
4312617,Muitos Capões,RS,0,190.3164,3.503,0.702,0.558,0.711,0.873,0.5,666.24,2.02,7.39,19.13,3.88,32.4632
4312625,Muliterno,RS,0,196.1419,3.279,0.689,0.547,0.74,0.808,0.51,799.52,8.67,6.82,20.93,3.07,28.0199
4312658,Não-Me-Toque,RS,0,233.0123,4.2525,0.765,0.673,0.784,0.847,0.5,1051.05,0.74,3.79,37.91,9.46,87.6381
4312674,Nicolau Vergueiro,RS,0,204.7112,3.2219,0.753,0.66,0.772,0.839,0.52,974.79,3.46,5.66,25.7,6.84,36.9553
4312708,Nonoai,RS,0,333.5807,4.0635,0.702,0.591,0.703,0.833,0.5,634.06,5.21,11.02,28.62,9.49,75.0787
4312757,Nova Alvorada,RS,0,175.8471,3.568,0.74,0.634,0.763,0.838,0.46,925.66,1.63,8.25,27.1,5.78,41.8605
4312807,Nova Araçá,RS,0,160.458,3.6893,0.785,0.722,0.796,0.843,0.45,1134.76,0.0,2.48,34.63,6.92,71.982
4312906,Nova Bassano,RS,0,152.3868,4.0038,0.747,0.632,0.778,0.849,0.37,1010.72,0.28,3.29,28.96,7.07,62.3756
4312955,Nova Boa Vista,RS,0,283.9142,3.2383,0.768,0.708,0.764,0.836,0.4,928.49,0.0,2.5,26.55,7.52,29.4898
4313003,Nova Bréscia,RS,0,118.3384,3.5244,0.778,0.666,0.836,0.847,0.58,1452.06,0.7,3.73,28.56,6.18,47.456
4313011,Nova Candelária,RS,0,388.2445,3.4276,0.759,0.643,0.794,0.856,0.41,1120.1,0.0,2.16,22.69,4.04,25.7724
4313037,Nova Esperança do Sul,RS,0,355.2084,3.7376,0.735,0.647,0.723,0.848,0.45,717.7,1.36,5.31,28.48,4.71,77.0499
4313060,Nova Hartz,RS,0,58.5071,4.3453,0.689,0.563,0.694,0.836,0.34,600.0,0.64,3.32,19.54,2.82,83.228
4313086,Nova Pádua,RS,0,111.4507,3.4087,0.761,0.678,0.762,0.852,0.32,914.36,0.0,3.63,22.93,4.88,29.8776
4313102,Nova Palma,RS,0,225.1183,3.8142,0.744,0.643,0.762,0.841,0.53,915.86,2.66,3.62,30.29,8.32,48.6124
4313201,Nova Petrópolis,RS,0,73.6465,4.3368,0.78,0.688,0.775,0.89,0.44,994.67,0.13,2.02,32.37,9.81,74.2137
4313300,Nova Prata,RS,0,143.3732,4.4475,0.766,0.686,0.782,0.839,0.43,1039.74,0.2,2.88,37.65,9.28,81.7302
4313334,Nova Ramada,RS,0,323.8893,3.3414,0.742,0.642,0.752,0.847,0.5,861.28,0.64,6.48,21.15,3.64,27.4928
4313359,Nova Roma do Sul,RS,0,117.4789,3.5732,0.741,0.602,0.794,0.851,0.44,1120.95,0.47,4.6,23.82,5.73,47.4125
4313375,Nova Santa Rita,RS,0,20.6658,4.484,0.718,0.606,0.716,0.853,0.43,686.87,1.86,4.54,29.31,3.87,85.7325
4313391,Novo Cabrais,RS,0,169.6196,3.628,0.688,0.548,0.697,0.852,0.42,611.08,1.88,8.73,16.15,1.57,14.1375
4313409,Novo Hamburgo,RS,0,39.4181,5.3932,0.747,0.629,0.778,0.852,0.53,1011.62,0.82,3.36,37.32,9.58,98.2665
4313425,Novo Machado,RS,0,419.6323,3.5039,0.663,0.543,0.674,0.796,0.41,531.07,3.71,7.22,15.8,3.19,39.5669
4313441,Novo Tiradentes,RS,0,334.0271,3.3402,0.676,0.566,0.679,0.805,0.4,548.05,4.64,15.28,17.37,4.68,28.722
4313466,Novo Xingu,RS,0,310.3323,3.2317,0.767,0.708,0.749,0.85,0.41,847.22,0.38,5.52,23.52,2.27,31.531
4313490,Novo Barreiro,RS,0,298.922,3.6217,0.706,0.594,0.734,0.808,0.62,768.98,3.46,10.78,19.58,3.32,32.8306
4313508,Osório,RS,0,93.9108,4.6704,0.751,0.646,0.769,0.853,0.53,957.94,1.14,4.19,38.93,11.78,92.693
4313607,Paim Filho,RS,0,263.8727,3.5718,0.706,0.558,0.725,0.87,0.47,729.03,1.63,7.65,23.61,4.67,53.0992
4313656,Palmares do Sul,RS,0,74.0417,4.0547,0.715,0.592,0.725,0.852,0.53,730.31,1.45,8.09,26.0,6.5,89.37
4313706,Palmeira das Missões,RS,0,311.8498,4.5181,0.737,0.667,0.722,0.831,0.52,715.29,4.08,8.71,36.79,11.65,86.8999
4313805,Palmitinho,RS,0,374.0368,3.8486,0.72,0.632,0.707,0.836,0.42,652.86,5.66,8.95,29.19,9.31,49.0318
4313904,Panambi,RS,0,293.1946,4.6492,0.761,0.691,0.752,0.848,0.44,864.44,1.08,2.96,38.34,9.77,90.814
4313953,Pantano Grande,RS,0,111.6669,3.954,0.661,0.524,0.676,0.816,0.47,536.01,2.55,10.55,21.46,2.9,84.0222
4314001,Paraí,RS,0,167.8614,3.8917,0.773,0.679,0.787,0.866,0.47,1071.25,0.25,2.75,32.28,8.74,56.0188
4314027,Paraíso do Sul,RS,0,190.9566,3.8828,0.676,0.537,0.692,0.831,0.37,593.01,2.66,7.54,16.14,3.18,38.8768
4314035,Pareci Novo,RS,0,46.4372,3.5894,0.749,0.668,0.738,0.852,0.4,788.66,0.35,1.66,26.54,3.21,27.9408
4314050,Parobé,RS,0,58.3464,4.7739,0.704,0.562,0.7,0.886,0.37,625.4,0.64,4.56,22.09,2.36,94.4293
4314068,Passa Sete,RS,0,179.4586,3.7627,0.622,0.482,0.639,0.782,0.45,427.13,7.95,13.1,12.17,1.54,10.7683
4314076,Passo do Sobrado,RS,0,106.0546,3.8203,0.698,0.551,0.726,0.851,0.47,732.19,2.66,5.92,19.1,2.93,23.7731
4314100,Passo Fundo,RS,0,227.4992,5.3141,0.776,0.699,0.787,0.849,0.52,1068.95,0.83,3.58,48.69,16.92,97.4538
4314134,Paulo Bento,RS,0,283.5498,3.3623,0.71,0.571,0.73,0.858,0.39,749.77,1.3,4.08,17.22,1.71,27.0492
4314159,Paverama,RS,0,71.6589,3.9315,0.683,0.541,0.701,0.84,0.34,628.77,0.47,6.35,15.79,3.2,50.9448
4314175,Pedras Altas,RS,0,294.1649,3.2851,0.64,0.493,0.647,0.82,0.52,449.2,11.5,9.87,18.57,3.94,34.7197
4314209,Pedro Osório,RS,0,254.5348,3.8855,0.678,0.551,0.683,0.829,0.48,560.06,6.63,8.71,28.48,5.85,93.4707
4314308,Pejuçara,RS,0,295.7821,3.5843,0.741,0.648,0.724,0.867,0.44,722.64,0.45,4.51,30.95,10.53,67.254
4314407,Pelotas,RS,0,215.9414,5.5363,0.739,0.632,0.758,0.844,0.54,894.35,2.1,4.12,40.96,13.49,93.2733
4314423,Picada Café,RS,0,65.953,3.7619,0.758,0.701,0.738,0.842,0.32,792.06,0.06,2.33,29.58,3.7,87.9776
4314456,Pinhal,RS,0,340.4051,3.4118,0.72,0.624,0.701,0.852,0.45,625.79,3.28,9.34,22.91,5.57,51.3331
4314464,Pinhal da Serra,RS,0,239.5118,3.2778,0.65,0.513,0.641,0.835,0.52,431.37,16.98,8.28,18.8,6.36,22.4413
4314472,Pinhal Grande,RS,0,217.973,3.6344,0.678,0.577,0.672,0.804,0.51,523.52,11.49,7.99,22.14,6.33,42.3843
4314498,Pinheirinho do Vale,RS,0,390.8776,3.6925,0.71,0.607,0.713,0.828,0.57,678.14,6.89,10.36,19.71,4.49,20.3469
4314506,Pinheiro Machado,RS,0,268.5484,4.0836,0.661,0.499,0.685,0.846,0.48,567.32,6.0,9.81,23.37,5.98,76.5571
4314548,Pinto Bandeira,RS,0,105.8852,3.4869,,,,,,,,,,,
4314555,Pirapó,RS,0,444.687,3.3434,0.669,0.553,0.656,0.824,0.46,473.9,6.71,13.73,16.12,5.0,28.1828
4314605,Piratini,RS,0,238.4741,4.3169,0.658,0.517,0.672,0.821,0.51,524.3,9.06,10.31,19.66,5.15,58.3136
4314704,Planalto,RS,0,349.1504,3.9981,0.687,0.597,0.674,0.807,0.44,531.04,7.02,11.28,25.39,5.98,56.3664
4314753,Poço das Antas,RS,0,76.9274,3.3233,0.744,0.634,0.742,0.877,0.38,810.09,1.83,2.79,25.87,4.99,42.6872
4314779,Pontão,RS,0,260.1379,3.5908,0.725,0.623,0.708,0.864,0.53,656.34,5.07,4.75,22.11,4.4,40.42
4314787,Ponte Preta,RS,0,291.066,3.1764,0.725,0.6,0.727,0.874,0.39,735.35,1.42,6.54,21.54,4.05,29.2571
4314803,Portão,RS,0,37.1147,4.5807,0.713,0.584,0.725,0.856,0.42,729.01,0.79,4.63,24.94,4.7,81.7464
4314902,Porto Alegre,RS,1,0.0,6.1739,0.805,0.702,0.867,0.857,0.6,1758.27,0.92,2.27,57.63,25.93,100.0
4315008,Porto Lucena,RS,0,440.6251,3.6546,0.693,0.575,0.7,0.827,0.44,621.82,3.58,8.63,21.25,5.84,43.063
4315057,Porto Mauá,RS,0,432.2309,3.3677,0.698,0.608,0.672,0.831,0.41,524.57,6.59,6.61,20.61,5.25,37.5295
4315073,Porto Vera Cruz,RS,0,439.1187,3.0997,0.69,0.6,0.661,0.827,0.42,490.03,4.21,7.9,14.12,2.12,23.7581
4315107,Porto Xavier,RS,0,447.7808,4.0062,0.723,0.628,0.687,0.876,0.47,574.32,4.63,11.13,26.26,5.21,49.3465
4315131,Pouso Novo,RS,0,134.7894,3.2003,0.715,0.566,0.765,0.845,0.53,935.9,1.62,8.97,20.63,5.16,33.7067
4315149,Presidente Lucena,RS,0,56.216,3.473,0.757,0.674,0.727,0.885,0.32,739.9,0.0,2.2,22.88,4.69,60.8293
4315156,Progresso,RS,0,135.8923,3.7948,0.683,0.525,0.705,0.861,0.4,643.93,1.21,8.79,15.41,3.47,30.391
4315172,Protásio Alves,RS,0,143.5623,3.2853,0.733,0.609,0.771,0.839,0.52,972.84,1.38,6.95,23.69,3.23,21.35
4315206,Putinga,RS,0,145.8417,3.5867,0.715,0.563,0.745,0.873,0.42,826.94,2.2,8.6,20.06,5.5,38.0826
4315305,Quaraí,RS,0,503.5888,4.3528,0.704,0.609,0.673,0.852,0.5,528.64,4.82,5.6,29.36,7.41,92.5677
4315313,Quatro Irmãos,RS,0,272.5504,3.2695,0.689,0.565,0.695,0.833,0.47,602.95,3.58,9.7,16.71,3.55,51.6056
4315321,Quevedos,RS,0,284.7388,3.4461,0.665,0.534,0.667,0.824,0.55,509.07,13.61,8.72,15.87,4.34,31.4391
4315354,Quinze de Novembro,RS,0,230.7729,3.5809,0.756,0.655,0.783,0.841,0.47,1046.11,1.1,3.56,30.29,7.42,53.6819
4315404,Redentora,RS,0,352.9755,4.0712,0.631,0.523,0.606,0.792,0.64,346.4,29.51,16.28,20.6,3.79,29.368
4315453,Relvado,RS,0,130.6941,3.3156,0.731,0.588,0.765,0.868,0.44,935.8,0.85,4.7,16.74,4.54,34.0603
4315503,Restinga Sêca,RS,0,207.8131,4.196,0.683,0.542,0.709,0.828,0.52,660.14,3.65,7.11,24.24,6.23,56.6723
4315552,Rio dos Índios,RS,0,342.0081,3.4101,0.656,0.545,0.645,0.804,0.49,442.12,8.97,14.85,19.83,5.25,20.8794
4315602,Rio Grande,RS,0,239.0691,5.3281,0.744,0.637,0.752,0.861,0.51,859.2,1.57,4.62,40.59,11.22,96.0457
4315701,Rio Pardo,RS,0,110.8775,4.5827,0.693,0.56,0.702,0.846,0.48,633.1,4.55,8.23,28.62,6.56,68.1387
4315750,Riozinho,RS,0,84.6174,3.6719,0.661,0.472,0.69,0.885,0.38,587.62,2.39,8.39,13.44,2.66,63.4642
4315800,Roca Sales,RS,0,103.0991,4.0628,0.729,0.602,0.753,0.853,0.43,865.23,0.06,3.1,24.57,4.76,64.1774
4315909,Rodeio Bonito,RS,0,341.7003,3.7685,0.732,0.636,0.733,0.842,0.46,767.63,2.02,7.93,28.53,10.07,75.0479
4315958,Rolador,RS,0,400.6016,3.356,0.689,0.579,0.676,0.834,0.44,537.31,6.77,7.8,13.33,2.84,23.8806
4316006,Rolante,RS,0,76.6019,4.3343,0.688,0.553,0.708,0.83,0.35,656.75,1.17,6.59,20.56,3.66,78.5733
4316105,Ronda Alta,RS,0,293.3829,4.0267,0.724,0.6,0.729,0.867,0.54,746.52,6.58,7.15,27.57,7.3,67.1852
4316204,Rondinha,RS,0,293.9231,3.7018,0.764,0.678,0.78,0.842,0.47,1022.85,0.59,4.26,23.86,5.26,41.9899
4316303,Roque Gonzales,RS,0,425.1408,3.8293,0.688,0.563,0.687,0.843,0.5,575.83,7.15,7.1,22.11,7.3,42.8571
4316402,Rosário do Sul,RS,0,358.2276,4.5934,0.699,0.576,0.705,0.841,0.51,643.97,3.81,7.63,29.13,8.16,87.9719
4316428,Sagrada Família,RS,0,318.1399,3.4151,0.678,0.596,0.669,0.782,0.54,513.97,7.28,13.05,18.96,5.25,30.2505
4316436,Saldanha Marinho,RS,0,255.9104,3.4143,0.762,0.706,0.745,0.841,0.43,823.55,0.3,5.22,31.52,6.43,67.1663
4316451,Salto do Jacuí,RS,0,218.6384,4.0973,0.687,0.558,0.693,0.837,0.48,596.84,4.64,8.57,25.31,7.14,85.9259
4316477,Salvador das Missões,RS,0,409.8936,3.4368,0.753,0.706,0.71,0.851,0.36,663.26,0.0,1.87,30.89,7.12,40.9891
4316501,Salvador do Sul,RS,0,71.0164,3.9017,0.74,0.641,0.75,0.843,0.38,852.02,0.04,2.31,30.97,6.72,59.419
4316600,Sananduva,RS,0,238.8279,4.2144,0.747,0.647,0.764,0.843,0.44,931.29,0.9,5.53,32.1,8.85,69.583
4316709,Santa Bárbara do Sul,RS,0,269.7805,3.8928,0.725,0.634,0.716,0.841,0.49,689.09,1.51,6.74,27.84,8.01,79.1143
4316733,Santa Cecília do Sul,RS,0,218.2467,3.2122,0.725,0.581,0.781,0.839,0.48,1029.23,0.46,5.13,19.17,1.98,29.003
4316758,Santa Clara do Sul,RS,0,103.6193,3.8296,0.74,0.644,0.747,0.843,0.36,833.67,1.05,3.88,27.31,4.59,50.1141
4316808,Santa Cruz do Sul,RS,0,120.8531,5.1215,0.773,0.693,0.782,0.852,0.49,1036.87,0.96,3.37,44.93,14.24,88.8624
4316907,Santa Maria,RS,0,251.7295,5.4551,0.784,0.715,0.795,0.848,0.55,1127.25,1.19,3.18,50.72,18.85,95.1408
4316956,Santa Maria do Herval,RS,0,63.0129,3.805,0.676,0.51,0.716,0.846,0.3,689.47,0.34,1.91,17.44,2.69,72.0634
4316972,Santa Margarida do Sul,RS,0,277.3236,3.4138,0.663,0.484,0.691,0.87,0.54,588.3,4.86,12.44,16.64,4.6,23.4694
4317004,Santana da Boa Vista,RS,0,203.8244,3.9051,0.633,0.503,0.63,0.802,0.52,404.01,14.67,13.98,17.63,3.24,45.1711
4317103,Sant'Ana do Livramento,RS,0,423.623,4.8788,0.727,0.636,0.715,0.846,0.54,685.04,3.97,4.21,35.97,9.91,90.2333
4317202,Santa Rosa,RS,0,397.2514,4.8685,0.769,0.693,0.752,0.871,0.47,863.61,0.55,3.75,39.89,11.99,88.0138
4317251,Santa Tereza,RS,0,107.2423,3.236,0.746,0.637,0.765,0.853,0.37,935.56,0.0,3.5,20.67,2.92,36.4535
4317301,Santa Vitória do Palmar,RS,0,437.5088,4.4668,0.712,0.591,0.709,0.861,0.54,657.76,2.77,6.47,27.51,9.18,86.7699
4317400,Santiago,RS,0,364.0537,4.6928,0.766,0.682,0.746,0.882,0.51,828.78,1.36,4.54,39.66,12.95,91.1638
4317509,Santo Ângelo,RS,0,351.817,4.8895,0.772,0.696,0.765,0.863,0.54,936.27,1.79,4.23,40.0,14.16,94.1383
4317558,Santo Antônio do Palma,RS,0,187.0904,3.3259,0.764,0.665,0.787,0.853,0.49,1069.61,0.92,5.19,25.42,4.84,31.8373
4317608,Santo Antônio da Patrulha,RS,0,71.6606,4.6375,0.717,0.594,0.718,0.866,0.44,696.41,1.38,9.05,26.24,6.46,70.8429
4317707,Santo Antônio das Missões,RS,0,422.8948,3.9969,0.686,0.576,0.672,0.835,0.45,522.77,3.85,9.31,19.55,6.0,60.5531
4317756,Santo Antônio do Planalto,RS,0,230.1217,3.3049,0.759,0.705,0.701,0.885,0.44,626.67,2.23,5.55,29.59,4.02,62.0533
4317806,Santo Augusto,RS,0,346.6091,4.1403,0.739,0.637,0.753,0.84,0.57,866.86,2.12,9.05,30.58,7.76,81.4719
4317905,Santo Cristo,RS,0,415.2739,4.1516,0.738,0.656,0.746,0.82,0.44,832.4,0.79,2.59,29.89,8.18,54.1174
4317954,Santo Expedito do Sul,RS,0,239.2363,3.3593,0.732,0.677,0.679,0.853,0.43,547.94,5.88,7.64,26.06,5.4,35.4328
4318002,São Borja,RS,0,486.8553,4.7765,0.736,0.643,0.72,0.86,0.55,705.72,2.72,6.51,34.16,9.38,89.4067
4318051,São Domingos do Sul,RS,0,178.6313,3.4901,0.763,0.68,0.78,0.839,0.44,1025.84,0.0,4.44,29.33,6.21,59.7403
4318101,São Francisco de Assis,RS,0,380.408,4.2572,0.675,0.552,0.681,0.818,0.54,553.81,8.55,8.68,21.08,5.74,70.0893
4318200,São Francisco de Paula,RS,0,90.2323,4.3399,0.685,0.534,0.701,0.86,0.46,628.15,2.64,7.44,24.0,5.7,63.3199
4318309,São Gabriel,RS,0,299.1239,4.7937,0.699,0.585,0.711,0.822,0.54,667.06,4.26,8.0,29.9,8.33,88.9946
4318408,São Jerônimo,RS,0,48.7411,4.3904,0.696,0.56,0.734,0.822,0.55,768.93,4.33,8.54,31.42,7.66,77.0534
4318424,São João da Urtiga,RS,0,251.7982,3.6651,0.694,0.575,0.702,0.828,0.4,632.23,2.35,9.11,20.71,4.9,48.4765
4318432,São João do Polêsine,RS,0,218.864,3.404,0.748,0.661,0.748,0.847,0.53,841.33,1.27,4.65,34.66,14.36,51.3852
4318440,São Jorge,RS,0,176.4492,3.4484,0.732,0.617,0.75,0.846,0.39,853.6,0.51,3.82,27.29,6.11,52.3071
4318457,São José das Missões,RS,0,310.7102,3.3964,0.651,0.542,0.652,0.782,0.43,462.15,4.65,9.43,17.93,4.11,30.4412
4318465,São José do Herval,RS,0,150.6194,3.2826,0.717,0.622,0.701,0.847,0.58,626.93,13.25,16.31,21.11,5.68,39.3376
4318481,São José do Hortêncio,RS,0,54.5217,3.6923,0.707,0.597,0.717,0.824,0.28,693.46,0.67,1.37,20.68,2.95,64.6067
4318499,São José do Inhacorá,RS,0,381.8504,3.3096,0.747,0.702,0.723,0.822,0.36,720.69,0.85,2.68,23.56,3.69,37.8182
4318507,São José do Norte,RS,0,234.2704,4.4451,0.623,0.461,0.663,0.792,0.43,493.78,3.37,17.37,15.61,3.72,68.1606
4318606,São José do Ouro,RS,0,253.6803,3.8395,0.755,0.669,0.759,0.846,0.55,901.51,2.69,5.95,30.63,7.85,64.0643
4318614,São José do Sul,RS,0,59.5466,3.3916,0.725,0.59,0.774,0.836,0.39,989.48,0.0,2.36,21.42,4.0,34.5821
4318622,São José dos Ausentes,RS,0,181.6627,3.5513,0.663,0.541,0.674,0.801,0.48,529.71,2.84,7.07,17.72,6.09,62.6748
4318705,São Leopoldo,RS,0,30.43,5.3809,0.739,0.612,0.766,0.861,0.53,939.93,1.62,3.17,40.42,10.5,99.6034
4318804,São Lourenço do Sul,RS,0,164.6832,4.6385,0.687,0.528,0.722,0.849,0.46,713.88,2.11,5.01,21.48,6.59,56.22
4318903,São Luiz Gonzaga,RS,0,404.55,4.5201,0.741,0.664,0.718,0.855,0.5,698.77,1.69,6.71,35.08,9.9,88.2857
4319000,São Marcos,RS,0,118.9249,4.3376,0.768,0.683,0.775,0.855,0.41,991.51,0.61,3.89,34.76,8.76,87.5392
4319109,São Martinho,RS,0,371.0643,3.7272,0.726,0.628,0.734,0.83,0.47,771.81,2.17,6.14,28.58,8.71,59.6051
4319125,São Martinho da Serra,RS,0,259.2949,3.5089,0.652,0.496,0.659,0.848,0.49,482.31,9.53,9.63,19.19,3.08,29.4283
4319158,São Miguel das Missões,RS,0,362.7061,3.886,0.667,0.537,0.674,0.821,0.54,531.71,8.26,9.06,19.68,5.4,50.2223
4319208,São Nicolau,RS,0,442.2476,3.7121,0.645,0.523,0.658,0.778,0.5,479.55,6.85,12.87,19.21,5.27,64.4666
4319307,São Paulo das Missões,RS,0,423.9545,3.7524,0.692,0.584,0.688,0.825,0.42,577.86,1.2,6.22,20.01,4.79,34.5537
4319356,São Pedro da Serra,RS,0,73.0799,3.5889,0.739,0.634,0.748,0.851,0.42,842.22,0.0,1.97,28.43,3.95,43.1071
4319364,São Pedro das Missões,RS,0,318.886,3.3064,0.664,0.566,0.644,0.804,0.48,441.36,13.84,14.12,20.57,4.35,28.2078
4319372,São Pedro do Butiá,RS,0,413.9454,3.4698,0.763,0.694,0.76,0.843,0.46,905.55,0.52,2.31,30.61,6.08,42.0814
4319406,São Pedro do Sul,RS,0,288.3718,4.2068,0.709,0.619,0.698,0.824,0.48,614.89,5.11,5.85,27.94,7.3,72.88
4319505,São Sebastião do Caí,RS,0,50.7489,4.4177,0.739,0.646,0.734,0.852,0.44,772.04,1.04,3.51,29.75,5.99,80.2845
4319604,São Sepé,RS,0,225.72,4.3709,0.708,0.576,0.708,0.871,0.51,656.77,4.18,7.59,26.21,8.09,79.0865
4319703,São Valentim,RS,0,303.0218,3.5079,0.72,0.612,0.745,0.82,0.53,826.2,4.39,9.37,25.73,5.9,48.0176
4319711,São Valentim do Sul,RS,0,120.768,3.3518,0.764,0.677,0.776,0.848,0.45,1000.93,0.6,4.23,25.57,4.27,34.4096
4319737,São Valério do Sul,RS,0,362.7273,3.4365,0.642,0.48,0.674,0.816,0.57,530.07,7.0,13.67,15.2,6.82,19.2671
4319752,São Vendelino,RS,0,73.9926,3.3595,0.754,0.677,0.743,0.852,0.29,814.28,0.0,1.17,28.89,4.19,69.5988
4319802,São Vicente do Sul,RS,0,334.5389,3.9416,0.685,0.553,0.698,0.831,0.52,614.13,4.07,7.53,27.94,8.21,69.6801
4319901,Sapiranga,RS,0,48.6427,4.9059,0.711,0.598,0.722,0.832,0.41,713.99,0.91,3.91,23.87,4.36,96.4006
4320008,Sapucaia do Sul,RS,0,23.9838,5.1538,0.726,0.624,0.726,0.844,0.44,733.28,1.27,3.33,36.39,4.84,99.6274
4320107,Sarandi,RS,0,284.7049,4.3984,0.777,0.705,0.776,0.858,0.52,1000.86,1.08,5.02,37.73,7.69,84.2847
4320206,Seberi,RS,0,354.1031,4.0285,0.723,0.62,0.706,0.865,0.52,645.51,7.46,8.0,25.23,7.56,54.3544
4320230,Sede Nova,RS,0,376.4395,3.4586,0.712,0.543,0.751,0.886,0.56,856.09,4.47,8.7,16.28,4.45,52.5075
4320263,Segredo,RS,0,185.8259,3.873,0.659,0.525,0.673,0.811,0.48,528.42,9.45,9.81,15.16,3.72,25.2445
4320305,Selbach,RS,0,228.8632,3.7088,0.777,0.71,0.785,0.841,0.47,1055.91,0.43,3.74,36.05,10.51,69.9939
4320321,Senador Salgado Filho,RS,0,391.8492,3.4411,0.693,0.581,0.701,0.817,0.42,628.28,1.26,6.06,20.34,2.65,31.2722
4320354,Sentinela do Sul,RS,0,73.0104,3.7509,0.671,0.545,0.671,0.826,0.47,519.1,3.51,7.57,18.84,3.38,24.6633
4320404,Serafina Corrêa,RS,0,161.9032,4.2571,0.76,0.69,0.755,0.843,0.36,877.24,0.24,3.15,36.03,8.84,84.5717
4320453,Sério,RS,0,123.2131,3.2762,0.652,0.471,0.695,0.847,0.37,606.03,1.23,11.95,13.01,2.81,23.2354
4320503,Sertão,RS,0,248.9492,3.7177,0.751,0.678,0.746,0.837,0.46,827.95,2.18,6.1,32.43,8.19,53.8132
4320552,Sertão Santana,RS,0,60.3774,3.8186,0.689,0.534,0.737,0.832,0.6,783.19,9.75,7.15,17.66,2.82,21.8462
4320578,Sete de Setembro,RS,0,378.7131,3.2858,0.683,0.577,0.682,0.81,0.47,557.15,8.06,4.99,17.92,3.24,23.258
4320602,Severiano de Almeida,RS,0,301.6084,3.5571,0.752,0.67,0.738,0.861,0.43,791.5,1.61,6.15,26.86,5.15,36.4133
4320651,Silveira Martins,RS,0,231.2903,3.3738,0.742,0.644,0.744,0.852,0.5,817.67,1.6,5.4,27.49,6.44,44.5488
4320677,Sinimbu,RS,0,136.6539,4.0066,0.631,0.456,0.697,0.792,0.48,610.76,8.25,8.01,13.07,2.74,14.2729
4320701,Sobradinho,RS,0,186.4808,4.1773,0.743,0.647,0.735,0.861,0.5,775.79,2.61,6.63,32.71,8.73,79.4441
4320800,Soledade,RS,0,182.3944,4.4923,0.731,0.625,0.727,0.861,0.52,737.92,3.07,8.9,31.86,9.78,79.9893
4320859,Tabaí,RS,0,61.3375,3.6827,0.701,0.595,0.694,0.834,0.41,599.99,2.13,8.02,18.33,3.03,30.1622
4320909,Tapejara,RS,0,229.7026,4.3975,0.76,0.688,0.763,0.837,0.44,922.28,0.42,3.69,35.59,9.68,88.7273
4321006,Tapera,RS,0,223.0945,4.024,0.747,0.672,0.743,0.835,0.45,812.48,0.34,5.18,33.42,11.33,84.4181
4321105,Tapes,RS,0,73.2625,4.2396,0.695,0.556,0.699,0.862,0.51,620.13,2.81,6.98,26.67,7.54,87.0648
4321204,Taquara,RS,0,60.3642,4.7615,0.727,0.579,0.754,0.88,0.5,871.42,1.19,4.34,27.5,7.54,82.8395
4321303,Taquari,RS,0,66.1324,4.4299,0.733,0.629,0.737,0.849,0.5,786.91,0.44,6.45,33.77,8.63,83.838
4321329,Taquaruçu do Sul,RS,0,365.0781,3.4887,0.739,0.633,0.768,0.83,0.53,954.19,2.56,8.63,28.9,8.12,39.2448
4321352,Tavares,RS,0,140.5947,3.7391,0.656,0.492,0.692,0.828,0.42,594.12,2.54,14.38,18.25,2.5,61.652
4321402,Tenente Portela,RS,0,384.896,4.1266,0.708,0.603,0.709,0.83,0.55,659.27,8.19,8.62,30.4,8.96,64.4872
4321436,Terra de Areia,RS,0,122.8377,4.054,0.689,0.565,0.699,0.829,0.43,620.36,1.51,7.26,23.45,5.59,52.5916
4321451,Teutônia,RS,0,82.4625,4.535,0.747,0.65,0.751,0.855,0.35,854.63,0.19,2.0,32.59,5.87,85.5163
4321469,Tio Hugo,RS,0,208.5187,3.4883,0.742,0.682,0.709,0.845,0.4,660.04,0.28,6.33,23.69,3.97,42.7313
4321477,Tiradentes do Sul,RS,0,404.118,3.7429,0.689,0.569,0.705,0.815,0.48,644.85,4.28,10.75,14.62,2.53,32.4718
4321493,Toropi,RS,0,296.1127,3.4398,0.683,0.569,0.68,0.822,0.44,551.5,5.65,5.89,16.87,1.63,20.6978
4321501,Torres,RS,0,164.0274,4.5953,0.762,0.685,0.75,0.862,0.47,853.62,0.52,4.6,39.65,11.05,96.2027
4321600,Tramandaí,RS,0,105.8592,4.7284,0.719,0.606,0.727,0.842,0.5,737.84,2.47,4.08,32.78,7.98,97.576
4321626,Travesseiro,RS,0,114.121,3.3675,0.701,0.559,0.735,0.839,0.35,777.34,0.49,4.01,15.72,1.79,38.3319
4321634,Três Arroios,RS,0,295.3563,3.4183,0.791,0.689,0.843,0.851,0.62,1518.78,0.0,4.16,21.84,5.48,35.972
4321667,Três Cachoeiras,RS,0,142.4434,4.0482,0.718,0.606,0.722,0.847,0.4,713.83,1.08,5.92,26.24,4.9,73.4169
4321709,Três Coroas,RS,0,71.4687,4.4616,0.71,0.584,0.74,0.829,0.4,799.41,0.5,4.0,24.46,4.2,86.154
4321808,Três de Maio,RS,0,385.0298,4.3774,0.759,0.694,0.756,0.834,0.5,881.15,1.2,4.43,37.16,9.55,79.9208
4321832,Três Forquilhas,RS,0,124.9723,3.4221,0.662,0.539,0.661,0.813,0.41,489.32,3.47,12.59,16.56,2.19,13.2121
4321857,Três Palmeiras,RS,0,310.9825,3.6265,0.703,0.56,0.747,0.832,0.61,835.88,7.05,11.0,19.88,4.94,47.706
4321907,Três Passos,RS,0,388.8853,4.3766,0.768,0.71,0.745,0.858,0.45,823.33,2.38,5.32,34.11,7.71,79.5076
4321956,Trindade do Sul,RS,0,323.002,3.762,0.687,0.61,0.675,0.787,0.49,532.27,8.47,11.56,23.46,6.71,50.095
4322004,Triunfo,RS,0,47.8091,4.4794,0.733,0.629,0.717,0.873,0.44,695.08,1.41,6.51,29.29,6.47,65.3549
4322103,Tucunduva,RS,0,409.1761,3.7491,0.747,0.682,0.748,0.816,0.48,839.53,1.09,5.22,29.96,9.73,68.413
4322152,Tunas,RS,0,196.1796,3.6613,0.657,0.541,0.659,0.794,0.47,482.5,8.65,11.47,16.63,3.25,31.2856
4322186,Tupanci do Sul,RS,0,235.9484,3.1605,0.694,0.595,0.688,0.818,0.5,577.85,10.54,10.2,25.21,8.33,30.0699
4322202,Tupanciretã,RS,0,273.944,4.3835,0.709,0.596,0.721,0.828,0.57,708.79,4.03,5.5,26.47,8.62,80.8761
4322251,Tupandi,RS,0,63.0426,3.7006,0.718,0.597,0.742,0.836,0.31,808.39,0.08,1.8,27.6,5.07,69.3425
4322301,Tuparendi,RS,0,405.1125,3.8882,0.728,0.632,0.734,0.832,0.46,768.25,1.23,5.16,28.74,6.36,61.8675
4322327,Turuçu,RS,0,178.1757,3.5325,0.629,0.446,0.685,0.814,0.48,566.71,3.37,6.24,14.43,0.9,42.2203
4322343,Ubiretama,RS,0,402.0429,3.2905,0.7,0.613,0.691,0.809,0.36,590.64,0.85,4.14,17.51,2.84,21.777
4322350,União da Serra,RS,0,157.8357,3.035,0.733,0.587,0.786,0.852,0.37,1068.08,0.0,4.98,20.02,3.05,18.8299
4322376,Unistalda,RS,0,394.8243,3.3629,0.649,0.542,0.626,0.804,0.47,392.38,9.57,9.42,18.05,4.54,37.2653
4322400,Uruguaiana,RS,0,564.9792,5.103,0.744,0.661,0.722,0.863,0.57,714.26,3.49,4.07,39.15,10.75,93.6063
4322509,Vacaria,RS,0,172.2165,4.8255,0.721,0.605,0.74,0.838,0.51,797.86,1.66,5.16,32.9,11.08,93.4743
4322525,Vale Verde,RS,0,95.7116,3.5479,0.646,0.497,0.666,0.816,0.45,503.24,5.76,10.4,10.79,2.75,27.1134
4322533,Vale do Sol,RS,0,147.7626,4.0746,0.624,0.439,0.681,0.813,0.45,553.23,4.18,6.23,12.81,2.38,11.2756
4322541,Vale Real,RS,0,70.9486,3.7815,0.737,0.636,0.739,0.85,0.29,795.41,0.06,2.99,27.56,3.56,89.2145
4322558,Vanini,RS,0,182.8183,3.3284,0.757,0.704,0.736,0.836,0.35,780.56,0.24,6.41,33.03,7.96,50.4536
4322608,Venâncio Aires,RS,0,103.9174,4.8596,0.712,0.6,0.736,0.818,0.45,779.48,1.05,4.65,26.73,6.76,62.7786
4322707,Vera Cruz,RS,0,127.4423,4.4366,0.737,0.643,0.738,0.842,0.47,790.95,0.92,4.7,26.76,5.82,55.5393
4322806,Veranópolis,RS,0,125.8396,4.4283,0.773,0.692,0.797,0.838,0.47,1141.67,0.0,2.8,39.04,11.63,86.9925
4322855,Vespasiano Correa,RS,0,122.9694,3.2494,0.723,0.584,0.758,0.855,0.35,895.32,0.59,7.24,23.38,3.92,20.5674
4322905,Viadutos,RS,0,284.1994,3.6654,0.702,0.561,0.715,0.864,0.42,683.03,2.6,5.44,21.4,4.66,49.7646
4323002,Viamão,RS,0,20.4482,5.4105,0.717,0.591,0.72,0.866,0.47,707.05,1.85,4.19,35.42,5.83,93.9674
4323101,Vicente Dutra,RS,0,382.4316,3.6561,0.638,0.489,0.656,0.809,0.5,475.13,10.34,11.01,13.28,5.07,44.4844
4323200,Victor Graeff,RS,0,220.0279,3.4533,0.777,0.722,0.774,0.84,0.46,989.66,1.17,2.54,30.47,7.78,42.2925
4323309,Vila Flores,RS,0,133.4373,3.5324,0.742,0.65,0.725,0.867,0.32,728.71,0.51,2.14,29.93,5.56,42.0331
4323358,Vila Lângaro,RS,0,231.6627,3.316,0.705,0.551,0.759,0.839,0.47,902.87,3.03,5.76,19.6,3.23,17.0074
4323408,Vila Maria,RS,0,189.5219,3.6403,0.761,0.664,0.791,0.839,0.4,1101.27,0.0,4.3,30.89,7.06,53.2812
4323457,Vila Nova do Sul,RS,0,256.9963,3.6308,0.662,0.544,0.645,0.827,0.44,442.26,7.17,9.12,21.27,3.98,51.9782
4323507,Vista Alegre,RS,0,369.0708,3.4355,0.739,0.631,0.76,0.842,0.57,905.87,5.87,7.23,24.37,7.29,41.8432
4323606,Vista Alegre do Prata,RS,0,146.0686,3.1912,0.78,0.692,0.809,0.847,0.44,1231.8,0.14,2.55,26.31,4.51,29.5092
4323705,Vista Gaúcha,RS,0,388.6052,3.4561,0.757,0.669,0.774,0.839,0.6,990.13,2.11,6.07,28.19,5.53,34.9764
4323754,Vitória das Missões,RS,0,368.1901,3.4846,0.655,0.526,0.659,0.809,0.48,482.44,10.63,11.41,16.97,2.65,19.1966
4323770,Westfália,RS,0,85.1066,3.4837,0.752,0.63,0.796,0.849,0.33,1136.67,0.0,1.95,19.84,2.49,40.4583
4323804,Xangri-lá,RS,0,117.3379,4.2337,0.735,0.63,0.74,0.852,0.43,798.62,0.66,3.31,32.76,8.06,99.5577
5000203,Água Clara,MS,0,181.3488,4.2048,0.67,0.518,0.705,0.823,0.5,642.97,1.27,8.98,21.25,6.01,66.5419
5000252,Alcinópolis,MS,0,255.5687,3.7395,0.711,0.572,0.733,0.858,0.54,764.03,1.63,11.04,25.98,9.4,68.6365
5000609,Amambai,MS,0,300.9087,4.6047,0.673,0.546,0.683,0.818,0.56,561.14,10.58,11.14,29.13,9.06,64.4256
5000708,Anastácio,MS,0,123.8735,4.4037,0.663,0.557,0.663,0.789,0.47,495.48,4.54,11.54,25.92,7.6,82.5425
5000807,Anaurilândia,MS,0,274.6025,3.9598,0.67,0.538,0.676,0.826,0.51,538.13,5.83,11.87,24.45,6.94,50.889
5000856,Angélica,MS,0,208.1598,4.0446,0.697,0.582,0.692,0.839,0.42,592.27,2.07,12.06,26.41,5.37,83.7343
5000906,Antônio João,MS,0,237.3467,3.9582,0.643,0.526,0.633,0.799,0.54,411.49,11.57,13.45,23.18,6.38,83.1871
5001003,Aparecida do Taboado,MS,0,369.2941,4.4214,0.697,0.588,0.717,0.804,0.46,692.79,2.95,9.96,28.94,9.69,90.0358
5001102,Aquidauana,MS,0,122.4073,4.6829,0.688,0.562,0.69,0.84,0.56,585.62,6.86,8.53,30.32,10.05,78.7609
5001243,Aral Moreira,MS,0,296.0485,4.0973,0.633,0.507,0.628,0.798,0.53,398.5,11.89,14.28,21.16,5.13,52.2583
5001508,Bandeirantes,MS,0,65.281,3.8622,0.681,0.537,0.694,0.848,0.51,602.02,3.89,11.99,23.34,6.26,68.5732
5001904,Bataguassu,MS,0,266.7948,4.3733,0.71,0.606,0.698,0.847,0.47,614.34,2.13,10.27,31.26,7.22,76.8133
5002001,Batayporã,MS,0,247.0605,4.0557,0.684,0.559,0.702,0.814,0.56,631.47,3.65,12.53,24.14,7.52,76.1796
5002100,Bela Vista,MS,0,270.8735,4.3952,0.698,0.585,0.699,0.83,0.61,621.23,5.25,9.16,29.89,7.94,81.6488
5002159,Bodoquena,MS,0,214.5887,3.8922,0.666,0.573,0.665,0.776,0.5,500.13,6.57,10.81,27.16,6.18,72.3482
5002209,Bonito,MS,0,208.7234,4.3503,0.67,0.508,0.714,0.831,0.54,679.03,1.33,9.31,26.47,9.13,82.4986
5002308,Brasilândia,MS,0,282.0249,4.0732,0.701,0.57,0.721,0.837,0.52,709.29,0.81,10.53,27.77,7.76,67.7575
5002407,Caarapó,MS,0,243.2268,4.4914,0.692,0.592,0.676,0.828,0.5,537.01,10.46,12.2,29.95,7.84,71.056
5002605,Camapuã,MS,0,118.7683,4.1359,0.703,0.596,0.715,0.817,0.49,685.77,2.2,10.57,29.22,7.8,71.9046
5002704,Campo Grande,MS,1,0.0,5.9619,0.784,0.724,0.79,0.844,0.56,1089.37,0.99,3.92,49.57,17.22,98.6585
5002803,Caracol,MS,0,303.7785,3.7957,0.647,0.522,0.628,0.826,0.43,399.46,3.06,8.53,20.11,4.81,59.9852
5002902,Cassilândia,MS,0,336.9697,4.3437,0.727,0.627,0.756,0.811,0.54,885.1,1.2,11.54,33.25,12.32,90.6611
5002951,Chapadão do Sul,MS,0,278.3689,4.4232,0.754,0.665,0.758,0.85,0.47,896.92,0.93,4.61,39.59,13.53,85.3878
5003108,Corguinho,MS,0,73.1994,3.7894,0.671,0.531,0.684,0.83,0.53,566.09,5.47,11.55,21.17,5.96,38.5027
5003157,Coronel Sapucaia,MS,0,327.6214,4.1889,0.589,0.417,0.607,0.806,0.55,350.37,16.87,17.86,16.0,5.8,72.5825
5003207,Corumbá,MS,0,356.141,5.0518,0.7,0.586,0.701,0.834,0.55,627.1,4.34,6.35,35.49,10.27,90.115
5003256,Costa Rica,MS,0,263.5669,4.3315,0.706,0.606,0.717,0.811,0.47,693.05,1.58,9.28,29.24,7.38,85.5446
5003306,Coxim,MS,0,217.3004,4.5257,0.703,0.579,0.719,0.836,0.51,703.01,1.7,10.46,28.8,8.95,90.6278
5003454,Deodápolis,MS,0,207.226,4.1154,0.694,0.595,0.693,0.81,0.45,596.5,1.47,13.11,30.54,8.43,82.7663
5003488,Dois Irmãos do Buriti,MS,0,74.0812,4.0625,0.639,0.528,0.64,0.773,0.58,429.18,12.38,12.42,20.64,4.6,45.4019
5003504,Douradina,MS,0,176.5238,3.78,0.699,0.597,0.706,0.809,0.61,648.98,11.24,10.46,28.59,7.1,61.2603
5003702,Dourados,MS,0,197.7663,5.3579,0.747,0.657,0.753,0.843,0.52,866.4,1.57,5.56,42.04,14.46,92.333
5003751,Eldorado,MS,0,370.3426,4.0951,0.684,0.577,0.674,0.824,0.49,530.89,5.91,14.21,25.15,6.79,79.9384
5003801,Fátima do Sul,MS,0,213.4524,4.2822,0.714,0.621,0.719,0.815,0.52,701.87,1.81,11.73,32.21,10.26,89.1358
5003900,Figueirão,MS,0,222.8991,3.4866,0.66,0.511,0.677,0.83,0.44,541.93,0.58,10.66,20.73,5.13,52.2541
5004007,Glória de Dourados,MS,0,221.0881,3.9971,0.721,0.648,0.705,0.822,0.46,644.1,1.72,11.16,34.55,9.85,77.264
5004106,Guia Lopes da Laguna,MS,0,190.3743,3.9892,0.675,0.549,0.677,0.826,0.57,541.87,7.71,13.49,24.15,6.29,84.7482
5004304,Iguatemi,MS,0,356.3029,4.2115,0.662,0.53,0.671,0.817,0.51,519.03,5.94,12.71,21.84,7.28,73.9899
5004403,Inocência,MS,0,292.284,3.8789,0.681,0.531,0.702,0.846,0.48,633.12,0.88,13.47,24.21,8.75,63.5155
5004502,Itaporã,MS,0,181.5864,4.4062,0.654,0.523,0.66,0.809,0.54,487.51,9.29,11.9,27.28,7.03,63.6952
5004601,Itaquiraí,MS,0,340.0822,4.3345,0.62,0.479,0.645,0.772,0.5,442.57,9.44,16.74,17.15,5.87,40.8295
5004700,Ivinhema,MS,0,220.6645,4.3669,0.72,0.615,0.715,0.85,0.48,685.17,1.07,9.92,29.87,8.59,77.3197
5004809,Japorã,MS,0,382.6942,3.9718,0.526,0.337,0.547,0.791,0.66,241.32,42.15,23.12,12.75,5.21,18.1089
5004908,Jaraguari,MS,0,43.4208,3.8658,0.664,0.53,0.668,0.827,0.48,511.64,3.35,9.34,20.24,4.56,28.1659
5005004,Jardim,MS,0,195.3016,4.4212,0.712,0.595,0.718,0.845,0.55,697.92,4.45,7.94,29.73,9.32,93.4075
5005103,Jateí,MS,0,227.2615,3.6037,0.708,0.579,0.716,0.857,0.6,690.71,5.43,12.68,28.32,11.05,46.6467
5005152,Juti,MS,0,267.3659,3.8364,0.623,0.485,0.646,0.77,0.51,446.17,12.47,18.67,20.21,5.8,66.5254
5005202,Ladário,MS,0,352.0408,4.3809,0.704,0.618,0.687,0.822,0.52,575.16,5.2,6.69,37.79,7.57,94.7495
5005251,Laguna Carapã,MS,0,239.1572,3.8748,0.672,0.545,0.676,0.822,0.53,536.02,9.45,12.24,24.41,6.24,42.1661
5005400,Maracaju,MS,0,141.2609,4.6897,0.736,0.613,0.744,0.873,0.54,819.6,3.81,7.22,32.77,8.4,86.1489
5005608,Miranda,MS,0,186.5874,4.4537,0.632,0.507,0.638,0.782,0.54,424.44,9.41,12.52,20.5,5.07,60.8205
5005681,Mundo Novo,MS,0,388.178,4.269,0.686,0.565,0.707,0.808,0.5,652.56,3.69,11.81,28.72,9.89,89.6028
5005707,Naviraí,MS,0,292.511,4.7519,0.7,0.597,0.715,0.803,0.47,683.86,2.29,10.12,30.05,9.67,92.3122
5005806,Nioaque,MS,0,148.6342,4.1397,0.639,0.483,0.658,0.822,0.58,480.75,12.72,12.2,20.54,7.27,49.0376
5006002,Nova Alvorada do Sul,MS,0,114.7302,4.3611,0.694,0.554,0.746,0.809,0.58,830.08,3.84,9.38,27.72,7.08,74.7687
5006200,Nova Andradina,MS,0,238.2993,4.7486,0.721,0.616,0.716,0.85,0.48,688.15,2.54,8.52,32.68,10.51,85.085
5006259,Novo Horizonte do Sul,MS,0,256.4549,3.551,0.649,0.523,0.656,0.798,0.4,472.75,1.71,12.97,21.18,7.46,53.8462
5006275,Paraíso das Águas,MS,0,231.7231,3.7597,,,,,,,,,,,
5006309,Paranaíba,MS,0,368.2991,4.6274,0.721,0.627,0.727,0.823,0.49,738.58,1.36,10.82,32.3,11.11,88.958
5006358,Paranhos,MS,0,391.5284,4.1636,0.588,0.444,0.566,0.811,0.64,271.52,33.54,17.88,15.75,4.5,50.7126
5006408,Pedro Gomes,MS,0,262.0788,3.879,0.671,0.562,0.672,0.801,0.48,524.83,2.84,16.96,21.01,7.28,77.1683
5006606,Ponta Porã,MS,0,252.3862,4.9792,0.701,0.598,0.708,0.812,0.6,653.36,5.94,9.2,31.25,9.59,79.7039
5006903,Porto Murtinho,MS,0,366.8551,4.242,0.666,0.526,0.677,0.83,0.61,539.19,9.25,10.75,22.36,4.48,65.4372
5007109,Ribas do Rio Pardo,MS,0,88.9964,4.4033,0.664,0.519,0.681,0.83,0.47,552.58,3.51,10.35,23.13,7.31,61.8973
5007208,Rio Brilhante,MS,0,149.5476,4.5893,0.715,0.59,0.72,0.861,0.53,705.6,2.74,8.11,27.53,9.02,80.0867
5007307,Rio Negro,MS,0,118.9017,3.6774,0.709,0.585,0.702,0.869,0.54,631.11,3.5,12.95,28.86,8.85,72.776
5007406,Rio Verde de Mato Grosso,MS,0,173.0333,4.3016,0.673,0.521,0.686,0.852,0.46,570.74,3.06,11.84,24.28,6.62,86.2732
5007505,Rochedo,MS,0,62.2861,3.7093,0.651,0.491,0.676,0.83,0.48,538.26,2.03,7.48,20.53,5.82,58.6242
5007554,Santa Rita do Pardo,MS,0,208.2538,3.9003,0.642,0.505,0.655,0.8,0.44,471.42,4.94,12.56,20.23,5.9,48.5191
5007695,São Gabriel do Oeste,MS,0,118.2666,4.4419,0.729,0.608,0.751,0.85,0.54,855.21,1.58,5.72,33.71,9.78,86.9252
5007703,Sete Quedas,MS,0,394.5938,4.0314,0.614,0.45,0.66,0.778,0.54,487.0,9.48,18.4,19.05,5.59,83.2468
5007802,Selvíria,MS,0,333.2969,3.8166,0.682,0.576,0.668,0.825,0.44,510.94,4.13,11.68,26.16,6.93,75.9027
5007901,Sidrolândia,MS,0,63.9858,4.7838,0.686,0.561,0.694,0.829,0.57,599.76,7.89,8.84,23.39,5.36,65.9428
5007935,Sonora,MS,0,320.2059,4.3044,0.681,0.557,0.706,0.803,0.5,648.07,2.99,12.4,26.86,5.85,90.3459
5007950,Tacuru,MS,0,355.6859,4.0717,0.593,0.434,0.615,0.782,0.6,367.68,23.07,19.45,18.03,4.99,36.8771
5007976,Taquarussu,MS,0,261.0555,3.5549,0.651,0.545,0.657,0.769,0.42,478.38,5.47,15.97,28.08,9.94,69.7555
5008008,Terenos,MS,0,26.0859,4.3564,0.658,0.521,0.651,0.839,0.5,460.32,7.53,8.17,20.68,4.02,42.4297
5008305,Três Lagoas,MS,0,304.6204,5.0974,0.744,0.645,0.752,0.849,0.51,863.66,1.33,6.43,41.43,13.5,95.3611
5008404,Vicentina,MS,0,216.8817,3.7864,0.711,0.626,0.689,0.835,0.46,583.56,1.58,14.62,30.11,7.17,71.9031
5100102,Acorizal,MT,0,52.2945,3.725,0.628,0.51,0.594,0.816,0.5,321.58,14.91,23.58,19.11,3.17,53.0638
5100201,Água Boa,MT,0,453.489,4.4262,0.729,0.646,0.723,0.829,0.49,720.74,1.45,7.69,33.6,10.05,80.3558
5100250,Alta Floresta,MT,0,633.6214,4.7169,0.714,0.629,0.709,0.817,0.48,660.84,1.86,8.88,31.9,8.03,86.8888
5100300,Alto Araguaia,MT,0,360.8901,4.2948,0.704,0.612,0.712,0.802,0.47,671.99,3.66,8.64,37.11,10.13,88.347
5100359,Alto Boa Vista,MT,0,666.7794,3.8508,0.651,0.561,0.613,0.803,0.57,362.66,25.18,11.51,26.25,6.01,60.5679
5100409,Alto Garças,MT,0,311.809,4.0907,0.701,0.583,0.707,0.835,0.46,651.91,2.15,9.31,28.81,7.4,91.3527
5100508,Alto Paraguai,MT,0,125.7563,4.064,0.638,0.541,0.612,0.784,0.47,360.06,12.45,14.64,24.77,6.26,63.4115
5100607,Alto Taquari,MT,0,389.5856,4.0574,0.705,0.571,0.736,0.833,0.46,781.26,1.15,6.63,31.34,8.19,90.721
5100805,Apiacás,MT,0,682.899,4.0183,0.675,0.57,0.666,0.809,0.46,504.04,6.82,13.38,21.79,4.15,74.4368
5101001,Araguaiana,MT,0,454.2934,3.4863,0.687,0.591,0.671,0.817,0.43,519.03,3.77,12.42,26.9,7.49,68.4704
5101209,Araguainha,MT,0,354.5185,2.9586,0.701,0.627,0.65,0.844,0.4,456.43,1.32,14.59,33.74,9.1,86.1314
5101258,Araputanga,MT,0,244.0197,4.2324,0.725,0.655,0.704,0.826,0.5,639.18,3.56,11.13,36.4,6.53,79.4225
5101308,Arenápolis,MT,0,149.0556,3.9731,0.704,0.649,0.677,0.793,0.46,540.59,2.51,12.3,30.65,7.41,94.5134
5101407,Aripuanã,MT,0,702.8271,4.363,0.675,0.553,0.682,0.816,0.56,558.26,14.66,10.0,25.12,5.66,62.6126
5101605,Barão de Melgaço,MT,0,70.4298,3.912,0.6,0.44,0.598,0.82,0.5,330.46,13.62,17.4,14.61,2.87,45.0797
5101704,Barra do Bugres,MT,0,131.8667,4.552,0.693,0.595,0.684,0.818,0.51,563.98,6.96,13.21,29.52,7.95,81.7664
5101803,Barra do Garças,MT,0,409.6307,4.7903,0.748,0.693,0.738,0.817,0.55,789.99,4.09,7.24,43.87,13.71,90.076
5101852,Bom Jesus do Araguaia,MT,0,621.1921,3.8344,0.661,0.555,0.665,0.784,0.48,500.5,3.91,10.5,22.15,4.54,49.8306
5101902,Brasnorte,MT,0,436.0278,4.3133,0.696,0.571,0.695,0.85,0.53,602.75,9.04,9.21,24.51,4.75,65.3643
5102504,Cáceres,MT,0,180.2683,4.9793,0.708,0.633,0.691,0.813,0.53,590.43,4.69,10.18,37.28,9.73,87.0665
5102603,Campinápolis,MT,0,369.9264,4.2101,0.538,0.324,0.597,0.803,0.69,328.15,37.82,24.7,13.66,3.62,33.6945
5102637,Campo Novo do Parecis,MT,0,288.9659,4.5672,0.734,0.649,0.745,0.819,0.45,823.32,0.73,5.59,33.74,10.06,92.773
5102678,Campo Verde,MT,0,96.5947,4.6438,0.75,0.67,0.755,0.834,0.51,878.37,1.51,6.32,36.36,10.79,80.6357
5102686,Campos de Júlio,MT,0,400.1186,3.86,0.744,0.625,0.8,0.825,0.62,1162.4,0.46,5.68,33.64,8.15,77.8813
5102694,Canabrava do Norte,MT,0,680.4088,3.6731,0.667,0.589,0.616,0.817,0.52,370.81,14.85,11.32,24.16,5.22,56.2265
5102702,Canarana,MT,0,466.0455,4.3444,0.693,0.549,0.735,0.825,0.53,774.65,5.08,10.28,27.26,7.35,78.9432
5102793,Carlinda,MT,0,623.6579,4.0041,0.665,0.553,0.656,0.809,0.52,474.83,9.26,15.75,18.81,3.41,41.6288
5102850,Castanheira,MT,0,564.6,3.9436,0.665,0.547,0.671,0.8,0.55,520.54,5.54,13.29,22.39,3.55,47.637
5103007,Chapada dos Guimarães,MT,0,37.2145,4.3526,0.688,0.578,0.677,0.833,0.53,540.98,9.09,12.63,30.57,8.61,61.9326
5103056,Cláudia,MT,0,470.1839,4.0912,0.699,0.586,0.719,0.809,0.57,700.38,5.32,9.42,22.86,6.59,76.5506
5103106,Cocalinho,MT,0,559.3152,3.7571,0.66,0.528,0.674,0.807,0.48,531.41,3.84,15.97,23.5,6.13,66.4299
5103205,Colíder,MT,0,534.027,4.5296,0.713,0.604,0.732,0.819,0.56,758.67,3.91,9.99,27.87,7.89,81.304
5103254,Colniza,MT,0,760.5118,4.614,0.611,0.443,0.633,0.815,0.58,411.69,22.95,10.78,16.01,3.55,56.8098
5103304,Comodoro,MT,0,452.795,4.3273,0.689,0.567,0.687,0.84,0.54,573.89,8.44,12.74,26.1,6.62,69.2155
5103353,Confresa,MT,0,733.4748,4.5062,0.668,0.556,0.66,0.812,0.58,484.89,14.24,11.52,21.56,5.15,56.6351
5103361,Conquista d'Oeste,MT,0,390.1101,3.6194,0.718,0.65,0.707,0.807,0.5,650.3,4.0,11.76,30.62,8.19,60.6499
5103379,Cotriguaçu,MT,0,689.1103,4.3163,0.601,0.423,0.623,0.825,0.57,387.24,21.39,9.28,13.66,3.72,34.2522
5103403,Cuiabá,MT,1,0.0,5.7949,0.785,0.726,0.8,0.834,0.59,1161.49,1.33,4.24,52.42,19.88,98.1339
5103437,Curvelândia,MT,0,197.5332,3.7216,0.69,0.615,0.658,0.811,0.47,480.92,2.92,15.12,23.66,4.74,59.4739
5103452,Denise,MT,0,140.4278,3.9834,0.683,0.59,0.672,0.802,0.42,524.91,1.85,14.21,27.5,4.74,85.5567
5103502,Diamantino,MT,0,135.5904,4.3485,0.718,0.625,0.714,0.831,0.47,681.66,2.98,6.98,34.02,12.03,78.1427
5103601,Dom Aquino,MT,0,126.514,3.9078,0.69,0.593,0.687,0.806,0.51,575.47,7.43,14.01,27.08,8.5,80.2595
5103700,Feliz Natal,MT,0,375.0639,4.1716,0.692,0.548,0.737,0.819,0.46,786.26,5.96,8.78,26.14,5.92,74.298
5103809,Figueirópolis d'Oeste,MT,0,285.83,3.5329,0.679,0.599,0.665,0.786,0.42,502.34,2.27,12.92,26.03,4.58,52.9505
5103858,Gaúcha do Norte,MT,0,402.3134,3.8983,0.615,0.418,0.658,0.847,0.67,481.01,34.95,23.46,21.71,4.46,34.8959
5103908,General Carneiro,MT,0,355.1759,3.7579,0.67,0.569,0.645,0.82,0.59,441.94,15.13,12.06,26.63,8.6,46.9067
5103957,Glória d'Oeste,MT,0,240.959,3.4757,0.71,0.636,0.684,0.823,0.48,564.35,2.51,13.16,25.69,5.17,68.4848
5104104,Guarantã do Norte,MT,0,636.9352,4.5616,0.703,0.609,0.692,0.826,0.48,594.14,3.46,7.51,28.85,6.13,74.3109
5104203,Guiratinga,MT,0,261.9162,4.197,0.705,0.637,0.677,0.813,0.48,542.02,6.27,12.66,27.88,6.4,82.2951
5104500,Indiavaí,MT,0,268.0322,3.4481,0.661,0.533,0.645,0.841,0.46,443.9,3.24,14.4,21.77,4.89,74.3012
5104526,Ipiranga do Norte,MT,0,370.7467,3.9129,0.727,0.642,0.742,0.807,0.48,812.25,2.0,5.18,29.79,6.39,67.8313
5104542,Itanhangá,MT,0,376.0347,3.847,0.71,0.597,0.699,0.856,0.51,620.06,5.38,7.94,25.03,4.83,60.1024
5104559,Itaúba,MT,0,515.1228,3.5574,0.69,0.569,0.714,0.809,0.58,680.94,3.53,12.94,25.63,6.49,81.1803
5104609,Itiquira,MT,0,274.7113,4.1376,0.693,0.591,0.694,0.812,0.47,602.03,2.99,7.25,29.6,7.34,38.7001
5104807,Jaciara,MT,0,126.5424,4.4424,0.735,0.655,0.728,0.833,0.51,742.81,3.2,10.03,34.55,10.35,92.1082
5104906,Jangada,MT,0,57.8505,3.9253,0.63,0.549,0.567,0.805,0.56,271.99,25.4,20.35,18.23,2.97,38.2796
5105002,Jauru,MT,0,301.8571,3.9231,0.673,0.563,0.668,0.812,0.52,511.39,9.92,17.19,24.0,5.21,59.0244
5105101,Juara,MT,0,504.9256,4.5475,0.682,0.543,0.699,0.836,0.49,619.81,3.01,9.9,22.16,5.08,79.351
5105150,Juína,MT,0,545.182,4.6148,0.716,0.593,0.733,0.845,0.58,763.35,4.3,9.86,29.94,6.56,86.5113
5105176,Juruena,MT,0,639.1397,4.2256,0.662,0.563,0.647,0.797,0.44,448.89,5.57,9.98,24.3,3.55,60.7178
5105200,Juscimeira,MT,0,137.2811,4.0463,0.714,0.637,0.678,0.842,0.43,542.77,3.33,14.81,27.54,5.37,74.3745
5105234,Lambari d'Oeste,MT,0,209.0572,3.7956,0.627,0.467,0.67,0.787,0.48,516.75,3.44,15.47,21.44,2.97,53.3051
5105259,Lucas do Rio Verde,MT,0,278.4131,4.8431,0.768,0.71,0.766,0.833,0.46,938.65,1.45,3.26,43.0,10.71,93.193
5105309,Luciara,MT,0,758.5119,3.3088,0.676,0.634,0.617,0.788,0.43,371.24,6.9,13.48,38.77,7.89,91.232
5105507,Vila Bela da Santíssima Trindade,MT,0,420.7283,4.2152,0.645,0.495,0.644,0.843,0.59,439.15,15.1,10.61,21.65,4.33,35.6448
5105580,Marcelândia,MT,0,526.7377,4.0046,0.701,0.604,0.7,0.813,0.55,621.76,5.62,11.76,22.42,5.77,61.8524
5105606,Matupá,MT,0,612.8274,4.2309,0.716,0.631,0.706,0.824,0.55,649.23,7.25,9.02,30.32,7.45,77.0919
5105622,Mirassol d'Oeste,MT,0,217.1223,4.4492,0.704,0.592,0.723,0.816,0.55,718.18,2.79,11.53,28.55,7.35,84.865
5105903,Nobres,MT,0,98.0937,4.1856,0.699,0.611,0.675,0.827,0.46,533.53,3.82,11.98,30.58,7.28,83.0156
5106000,Nortelândia,MT,0,146.7421,3.7677,0.702,0.668,0.653,0.793,0.43,466.17,7.6,12.58,36.21,10.21,81.8676
5106109,Nossa Senhora do Livramento,MT,0,38.0094,4.117,0.638,0.529,0.6,0.82,0.47,335.56,13.7,22.85,16.61,3.89,36.5406
5106158,Nova Bandeirantes,MT,0,664.3336,4.2055,0.65,0.469,0.696,0.842,0.62,608.32,15.75,7.86,12.92,2.3,34.8879
5106174,Nova Nazaré,MT,0,492.2085,3.6035,0.595,0.427,0.621,0.793,0.55,381.54,16.24,23.47,22.3,6.34,36.9429
5106182,Nova Lacerda,MT,0,397.0272,3.8364,0.636,0.485,0.643,0.825,0.51,437.33,12.9,11.5,15.89,3.41,54.8197
5106190,Nova Santa Helena,MT,0,533.485,3.5746,0.714,0.603,0.745,0.809,0.64,824.04,2.89,11.9,22.81,3.83,57.3241
5106208,Nova Brasilândia,MT,0,138.1888,3.563,0.651,0.485,0.673,0.845,0.64,526.35,18.13,20.15,20.68,6.55,79.7689
5106216,Nova Canaã do Norte,MT,0,550.5477,4.1098,0.686,0.572,0.692,0.815,0.55,591.9,6.22,12.48,22.4,5.01,56.2052
5106224,Nova Mutum,MT,0,193.2153,4.6832,0.758,0.673,0.773,0.837,0.51,982.9,0.62,3.86,38.26,12.04,81.7245
5106232,Nova Olímpia,MT,0,156.7817,4.3185,0.682,0.561,0.704,0.804,0.56,639.03,3.78,12.89,25.59,7.28,90.4139
5106240,Nova Ubiratã,MT,0,294.8867,4.0966,0.669,0.529,0.694,0.816,0.5,599.32,6.26,8.46,19.34,4.53,64.3307
5106257,Nova Xavantina,MT,0,410.8609,4.3364,0.704,0.613,0.713,0.8,0.53,674.44,2.64,10.75,30.24,7.37,80.1609
5106265,Novo Mundo,MT,0,629.5255,3.9798,0.674,0.577,0.652,0.815,0.52,461.47,7.22,11.21,20.26,4.31,39.3208
5106273,Novo Horizonte do Norte,MT,0,484.117,3.6095,0.664,0.548,0.652,0.82,0.49,463.77,14.74,14.82,20.39,4.16,47.3993
5106281,Novo São Joaquim,MT,0,336.6851,3.6846,0.649,0.507,0.658,0.819,0.48,480.73,5.2,15.38,17.63,3.43,61.5194
5106299,Paranaíta,MT,0,657.5605,4.0527,0.672,0.555,0.677,0.809,0.53,540.22,6.63,11.3,21.59,3.16,52.9015
5106307,Paranatinga,MT,0,251.3249,4.3664,0.667,0.532,0.679,0.82,0.5,547.43,8.27,11.43,22.56,5.29,76.8015
5106315,Novo Santo Antônio,MT,0,660.2773,3.4423,0.653,0.526,0.64,0.829,0.51,428.26,5.75,12.54,22.46,5.59,67.1322
5106372,Pedra Preta,MT,0,207.3057,4.2442,0.679,0.573,0.672,0.812,0.43,523.92,3.99,13.13,24.89,6.18,72.2501
5106422,Peixoto de Azevedo,MT,0,603.5992,4.5526,0.649,0.521,0.691,0.761,0.67,589.21,14.18,14.82,20.88,4.9,64.2737
5106455,Planalto da Serra,MT,0,171.439,3.4211,0.656,0.565,0.615,0.813,0.44,366.39,6.3,13.98,21.15,6.91,75.3485
5106505,Poconé,MT,0,96.8426,4.5236,0.652,0.534,0.643,0.806,0.52,436.83,9.42,17.86,23.76,6.31,72.5699
5106653,Pontal do Araguaia,MT,0,409.946,3.8434,0.734,0.702,0.691,0.816,0.48,589.32,3.38,8.87,34.73,9.32,82.5209
5106703,Ponte Branca,MT,0,370.5017,3.1833,0.686,0.585,0.684,0.806,0.49,565.09,1.35,13.13,27.2,6.85,85.3507
5106752,Pontes e Lacerda,MT,0,352.0248,4.6637,0.703,0.605,0.711,0.807,0.49,665.92,2.46,9.95,30.94,8.39,83.7085
5106778,Porto Alegre do Norte,MT,0,709.4576,4.1089,0.673,0.587,0.647,0.803,0.52,449.5,10.75,10.56,25.57,5.87,48.1857
5106802,Porto dos Gaúchos,MT,0,471.4232,3.7279,0.685,0.561,0.703,0.815,0.5,635.97,3.79,11.65,27.52,5.77,50.7249
5106828,Porto Esperidião,MT,0,258.4559,4.0855,0.652,0.523,0.666,0.795,0.59,504.99,7.78,14.31,22.12,4.8,38.1017
5106851,Porto Estrela,MT,0,123.7839,3.4462,0.599,0.467,0.571,0.804,0.51,280.21,20.61,25.43,16.73,2.74,40.1754
5107008,Poxoréu,MT,0,181.1555,4.2024,0.678,0.573,0.653,0.832,0.49,463.98,8.2,16.69,24.77,5.82,67.7482
5107040,Primavera do Leste,MT,0,189.953,4.8053,0.752,0.653,0.774,0.843,0.51,990.05,1.11,4.72,39.35,12.1,94.6318
5107065,Querência,MT,0,532.1653,4.2645,0.692,0.565,0.701,0.837,0.5,628.89,9.22,8.18,27.31,5.95,45.8221
5107107,São José dos Quatro Marcos,MT,0,225.3461,4.2739,0.719,0.643,0.707,0.816,0.54,653.02,2.53,12.07,31.3,6.23,76.3607
5107156,Reserva do Cabaçal,MT,0,252.8722,3.44,0.676,0.603,0.642,0.799,0.4,434.88,5.86,17.89,22.59,7.46,63.0638
5107180,Ribeirão Cascalheira,MT,0,542.9453,4.0191,0.67,0.542,0.668,0.831,0.54,512.31,14.18,11.82,23.16,5.0,62.6619
5107198,Ribeirãozinho,MT,0,375.0961,3.3872,0.692,0.595,0.694,0.802,0.47,599.35,1.95,11.55,31.04,8.11,70.6685
5107206,Rio Branco,MT,0,222.3212,3.7116,0.707,0.617,0.701,0.817,0.5,626.09,3.21,14.2,27.72,6.78,81.7554
5107248,Santa Carmem,MT,0,409.3458,3.6628,0.715,0.628,0.703,0.827,0.48,635.43,0.69,8.05,26.42,7.23,75.4223
5107263,Santo Afonso,MT,0,155.9364,3.5002,0.689,0.599,0.655,0.834,0.43,472.29,4.98,17.16,28.94,6.88,51.5212
5107297,São José do Povo,MT,0,218.2779,3.613,0.661,0.577,0.63,0.793,0.43,402.85,9.03,14.97,26.79,6.41,48.2739
5107305,São José do Rio Claro,MT,0,245.6245,4.3294,0.682,0.548,0.689,0.841,0.48,580.99,3.85,11.91,22.61,6.33,76.8979
5107354,São José do Xingu,MT,0,641.4399,3.7517,0.657,0.487,0.703,0.828,0.62,635.63,6.66,14.76,16.67,4.23,72.1947
5107404,São Pedro da Cipa,MT,0,132.548,3.6833,0.66,0.556,0.654,0.79,0.38,469.27,4.14,16.43,25.18,4.37,89.0572
5107578,Rondolândia,MT,0,784.7871,3.6095,0.64,0.53,0.619,0.8,0.52,375.85,13.96,15.4,21.43,6.27,26.3596
5107602,Rondonópolis,MT,0,183.5571,5.3795,0.755,0.698,0.749,0.823,0.52,843.62,1.35,7.2,41.73,13.08,96.1898
5107701,Rosário Oeste,MT,0,91.0355,4.2304,0.65,0.52,0.653,0.807,0.49,465.66,7.75,16.93,23.92,5.47,60.2636
5107743,Santa Cruz do Xingu,MT,0,722.1028,3.4314,0.684,0.55,0.704,0.828,0.55,639.44,7.89,8.93,25.36,7.58,65.8421
5107750,Salto do Céu,MT,0,225.4189,3.5087,0.666,0.56,0.661,0.797,0.48,488.7,3.79,15.24,24.35,5.19,55.8854
5107768,Santa Rita do Trivelato,MT,0,212.9594,3.5565,0.735,0.632,0.738,0.852,0.5,790.41,2.41,5.18,33.37,8.63,54.8776
5107776,Santa Terezinha,MT,0,827.97,3.9318,0.609,0.498,0.596,0.761,0.57,326.47,18.24,15.28,19.58,6.47,40.2055
5107792,Santo Antônio do Leste,MT,0,277.6501,3.7371,0.655,0.501,0.658,0.853,0.47,481.45,14.53,10.53,23.61,4.86,56.4465
5107800,Santo Antônio do Leverger,MT,0,33.3436,4.2352,0.656,0.539,0.651,0.806,0.49,460.13,8.16,16.54,24.17,6.17,38.7803
5107859,São Félix do Araguaia,MT,0,731.5554,4.0768,0.668,0.538,0.652,0.848,0.61,461.47,21.51,12.48,26.21,7.86,58.1459
5107875,Sapezal,MT,0,371.3811,4.4391,0.732,0.62,0.758,0.836,0.47,892.71,2.35,5.66,34.29,9.7,83.5857
5107883,Serra Nova Dourada,MT,0,635.8781,3.2317,0.664,0.56,0.638,0.819,0.44,422.66,6.24,12.25,24.86,4.62,59.5604
5107909,Sinop,MT,0,417.3566,5.1731,0.754,0.682,0.755,0.832,0.49,877.68,0.82,5.07,39.51,11.19,82.8946
5107925,Sorriso,MT,0,337.694,4.9775,0.744,0.635,0.774,0.839,0.54,988.74,1.77,4.95,31.88,9.88,87.7377
5107941,Tabaporã,MT,0,480.882,3.9711,0.695,0.598,0.679,0.826,0.44,546.51,5.54,8.09,22.37,4.37,52.789
5107958,Tangará da Serra,MT,0,185.055,5.0319,0.729,0.626,0.749,0.825,0.55,846.59,2.25,8.12,35.15,10.12,90.9985
5108006,Tapurah,MT,0,319.2083,4.1578,0.714,0.594,0.738,0.831,0.49,789.61,2.91,5.19,25.88,7.11,62.7983
5108055,Terra Nova do Norte,MT,0,562.5867,3.9677,0.698,0.602,0.692,0.815,0.51,594.53,5.95,11.0,25.43,6.87,44.9827
5108105,Tesouro,MT,0,275.1117,3.5753,0.655,0.56,0.635,0.791,0.5,415.93,10.62,11.71,26.99,5.9,70.2165
5108204,Torixoréu,MT,0,382.2801,3.5425,0.716,0.666,0.684,0.806,0.53,564.83,5.84,12.72,32.07,8.29,76.4431
5108303,União do Sul,MT,0,484.7112,3.5384,0.665,0.556,0.665,0.797,0.45,501.56,5.15,11.76,21.6,5.13,62.1809
5108352,Vale de São Domingos,MT,0,322.0684,3.4947,0.656,0.56,0.658,0.765,0.43,479.66,4.75,13.86,22.17,4.4,23.3617
5108402,Várzea Grande,MT,0,12.4258,5.463,0.734,0.661,0.711,0.842,0.46,668.86,2.01,5.87,40.23,8.96,98.4592
5108501,Vera,MT,0,374.7642,4.0693,0.68,0.568,0.663,0.834,0.42,494.23,3.95,8.75,20.7,5.16,71.8026
5108600,Vila Rica,MT,0,818.7472,4.4305,0.688,0.553,0.709,0.829,0.56,658.27,3.06,9.11,22.96,5.04,65.2979
5108808,Nova Guarita,MT,0,589.4999,3.6441,0.688,0.597,0.671,0.812,0.51,520.94,5.42,11.24,24.1,5.04,39.335
5108857,Nova Marilândia,MT,0,165.4514,3.5227,0.704,0.623,0.68,0.823,0.43,550.29,4.08,11.35,29.83,6.91,66.3165
5108907,Nova Maringá,MT,0,305.1937,3.9569,0.663,0.509,0.702,0.815,0.49,629.46,2.39,9.8,20.1,4.71,51.912
5108956,Nova Monte Verde,MT,0,640.6095,3.972,0.691,0.582,0.69,0.823,0.51,586.65,4.9,8.6,21.54,6.56,49.0918
5200050,Abadia de Goiás,GO,0,21.8502,3.9618,0.708,0.622,0.687,0.83,0.42,574.96,1.97,7.81,28.75,7.23,73.8947
5200100,Abadiânia,GO,0,79.0994,4.3196,0.689,0.579,0.671,0.841,0.43,519.87,2.0,10.84,27.46,4.92,68.4013
5200134,Acreúna,GO,0,143.7124,4.3562,0.686,0.553,0.71,0.822,0.53,664.09,3.51,14.57,26.26,5.18,87.2627
5200159,Adelândia,GO,0,100.8887,3.4005,0.702,0.622,0.664,0.836,0.43,497.31,0.73,14.65,26.69,4.04,89.0997
5200175,Água Fria de Goiás,GO,0,245.0915,3.7666,0.671,0.55,0.672,0.817,0.6,525.2,9.8,14.86,23.81,3.11,41.9843
5200209,Água Limpa,GO,0,164.0815,3.2574,0.722,0.663,0.691,0.821,0.46,591.23,2.35,10.13,27.16,4.89,70.8395
5200258,Águas Lindas de Goiás,GO,0,146.9605,5.348,0.686,0.588,0.647,0.848,0.43,449.38,3.17,7.01,26.56,1.97,99.8494
5200308,Alexânia,GO,0,102.9519,4.4527,0.682,0.568,0.664,0.841,0.46,498.09,5.14,11.73,27.49,5.46,82.6237
5200506,Aloândia,GO,0,119.3821,3.2958,0.697,0.585,0.694,0.834,0.44,599.9,1.78,14.93,25.83,6.46,86.2506
5200555,Alto Horizonte,GO,0,275.229,3.8323,0.719,0.624,0.709,0.841,0.49,661.19,1.38,12.39,30.62,5.25,85.7492
5200605,Alto Paraíso de Goiás,GO,0,337.994,3.8894,0.713,0.611,0.723,0.819,0.65,719.11,5.27,11.16,38.36,11.44,75.8025
5200803,Alvorada do Norte,GO,0,381.3852,3.942,0.66,0.548,0.64,0.819,0.48,429.63,5.13,17.42,25.79,4.47,85.0198
5200829,Amaralina,GO,0,305.574,3.5883,0.609,0.489,0.569,0.813,0.53,276.05,26.47,15.87,13.72,3.82,32.0617
5200852,Americano do Brasil,GO,0,90.4773,3.7938,0.7,0.631,0.669,0.813,0.4,512.95,1.66,15.72,22.97,3.38,85.6572
5200902,Amorinópolis,GO,0,196.265,3.4787,0.681,0.579,0.672,0.813,0.41,523.25,2.67,18.12,19.05,5.1,60.1552
5201108,Anápolis,GO,0,49.8069,5.5983,0.737,0.66,0.737,0.822,0.5,785.17,1.0,5.77,42.69,11.49,98.2493
5201207,Anhanguera,GO,0,215.0341,3.0686,0.725,0.657,0.724,0.802,0.39,721.84,0.4,3.73,39.78,13.35,93.6275
5201306,Anicuns,GO,0,78.5906,4.3446,0.714,0.627,0.695,0.834,0.46,604.97,2.15,10.35,29.46,7.09,85.5329
5201405,Aparecida de Goiânia,GO,0,16.6032,5.7795,0.718,0.62,0.716,0.834,0.47,689.3,0.99,5.3,36.23,7.3,99.8982
5201454,Aparecida do Rio Doce,GO,0,270.2103,3.3934,0.693,0.583,0.7,0.814,0.49,623.58,7.26,12.9,25.55,7.43,80.3461
5201504,Aporé,GO,0,380.2649,3.63,0.693,0.584,0.692,0.823,0.45,595.05,1.8,12.8,21.79,5.86,66.8157
5201603,Araçu,GO,0,57.613,3.5378,0.693,0.578,0.686,0.838,0.53,571.55,5.44,16.23,24.35,4.77,88.2956
5201702,Aragarças,GO,0,330.6804,4.3098,0.732,0.68,0.694,0.83,0.45,600.03,1.19,9.07,37.25,7.89,96.2415
5201801,Aragoiânia,GO,0,34.0202,4.0286,0.684,0.56,0.683,0.837,0.45,560.22,3.76,10.11,27.33,5.58,66.0849
5202155,Araguapaz,GO,0,229.785,3.8918,0.674,0.54,0.696,0.814,0.53,608.17,2.72,17.94,23.47,4.17,69.2277
5202353,Arenópolis,GO,0,247.6724,3.3913,0.687,0.582,0.674,0.826,0.5,531.91,2.5,15.6,20.55,5.14,58.5597
5202502,Aruanã,GO,0,277.2479,4.0145,0.675,0.526,0.708,0.826,0.51,654.67,2.46,12.69,21.79,4.8,82.4173
5202601,Aurilândia,GO,0,128.7766,3.4771,0.7,0.62,0.661,0.836,0.43,489.23,2.66,15.3,29.0,5.53,76.7123
5202809,Avelinópolis,GO,0,58.0873,3.3804,0.66,0.508,0.682,0.828,0.55,556.03,7.55,13.52,18.37,4.43,76.6122
5203104,Baliza,GO,0,354.4488,3.7338,0.655,0.558,0.614,0.819,0.58,365.35,24.35,17.42,19.92,5.38,29.4561
5203203,Barro Alto,GO,0,192.4574,4.0661,0.742,0.682,0.701,0.854,0.44,628.55,0.78,12.68,36.24,5.77,71.7187
5203302,Bela Vista de Goiás,GO,0,46.4136,4.4914,0.716,0.607,0.721,0.837,0.51,708.62,1.78,9.37,29.64,5.9,73.1245
5203401,Bom Jardim de Goiás,GO,0,315.7721,3.95,0.67,0.545,0.68,0.811,0.49,551.54,3.71,16.42,21.52,4.95,75.3769
5203500,Bom Jesus de Goiás,GO,0,178.914,4.4161,0.701,0.573,0.699,0.86,0.47,618.62,2.76,11.04,23.73,5.95,92.8885
5203559,Bonfinópolis,GO,0,31.0141,4.0052,0.683,0.58,0.671,0.817,0.44,520.02,2.0,10.71,24.66,4.14,93.1661
5203575,Bonópolis,GO,0,341.9441,3.6608,0.63,0.488,0.63,0.813,0.41,403.94,5.08,18.81,18.25,3.54,37.1396
5203609,Brazabrantes,GO,0,30.9596,3.5812,0.701,0.615,0.677,0.826,0.4,541.9,1.12,11.06,28.92,3.19,67.1411
5203807,Britânia,GO,0,259.2488,3.7645,0.672,0.546,0.692,0.802,0.55,594.38,4.83,15.49,23.21,5.61,82.4651
5203906,Buriti Alegre,GO,0,163.9225,3.9784,0.71,0.614,0.7,0.831,0.43,625.26,2.49,9.97,28.82,6.42,92.9092
5203939,Buriti de Goiás,GO,0,137.0909,3.3916,0.687,0.57,0.707,0.806,0.49,650.67,1.13,13.8,24.27,5.01,67.7734
5203962,Buritinópolis,GO,0,390.2889,3.5148,0.704,0.591,0.727,0.813,0.77,735.72,18.72,18.69,25.03,2.3,56.76
5204003,Cabeceiras,GO,0,266.6176,3.9084,0.668,0.571,0.637,0.819,0.48,420.47,5.79,13.02,26.51,6.49,74.8572
5204102,Cachoeira Alta,GO,0,292.1863,4.1087,0.71,0.569,0.75,0.84,0.51,853.32,0.69,11.04,27.91,5.71,79.4277
5204201,Cachoeira de Goiás,GO,0,147.7827,3.1258,0.727,0.674,0.68,0.838,0.47,549.16,3.18,14.25,27.46,6.46,82.6394
5204250,Cachoeira Dourada,GO,0,203.1828,3.9029,0.698,0.602,0.703,0.804,0.47,636.17,3.3,14.93,24.88,5.52,64.9019
5204300,Caçu,GO,0,289.3959,4.2181,0.73,0.599,0.774,0.84,0.53,987.3,0.21,8.93,29.32,6.34,80.8176
5204409,Caiapônia,GO,0,273.5931,4.2856,0.693,0.588,0.701,0.808,0.52,628.14,4.46,14.8,23.81,4.94,73.2172
5204508,Caldas Novas,GO,0,136.7682,4.9786,0.733,0.64,0.739,0.832,0.49,794.78,1.03,5.57,36.92,9.87,96.085
5204557,Caldazinha,GO,0,27.2796,3.5911,0.685,0.591,0.669,0.814,0.44,515.56,4.71,10.49,25.46,5.58,57.6842
5204607,Campestre de Goiás,GO,0,47.8623,3.5637,0.653,0.556,0.628,0.799,0.42,398.5,8.0,12.75,19.75,2.41,70.1506
5204656,Campinaçu,GO,0,329.3422,3.5597,0.631,0.476,0.644,0.819,0.49,438.93,7.26,13.3,8.59,1.58,59.4365
5204706,Campinorte,GO,0,262.9376,4.1099,0.688,0.565,0.685,0.841,0.49,567.41,1.86,11.7,22.72,4.25,80.9558
5204805,Campo Alegre de Goiás,GO,0,190.2953,3.8967,0.694,0.586,0.702,0.811,0.46,632.7,1.03,10.72,25.02,7.27,73.9439
5204854,Campo Limpo de Goiás,GO,0,45.2619,3.9078,0.661,0.533,0.654,0.829,0.42,467.42,3.45,13.68,18.69,3.08,84.746
5204904,Campos Belos,GO,0,484.5833,4.3037,0.692,0.616,0.661,0.815,0.55,487.96,8.95,15.2,33.7,8.73,88.0282
5204953,Campos Verdes,GO,0,270.4204,3.1836,0.654,0.577,0.608,0.796,0.45,351.52,10.62,19.33,21.06,3.14,89.1633
5205000,Carmo do Rio Verde,GO,0,153.8925,4.0128,0.713,0.649,0.677,0.824,0.44,541.99,2.24,10.9,30.24,6.11,79.0099
5205059,Castelândia,GO,0,188.3607,3.5289,0.701,0.578,0.724,0.823,0.58,724.42,3.04,25.25,23.14,3.92,91.9186
5205109,Catalão,GO,0,216.6576,5.0534,0.766,0.715,0.769,0.819,0.51,959.4,1.04,5.53,45.58,12.49,93.5566
5205208,Caturaí,GO,0,36.4398,3.7103,0.664,0.54,0.665,0.815,0.44,500.32,1.34,12.6,20.1,4.68,78.1904
5205307,Cavalcante,GO,0,372.9594,3.9886,0.584,0.415,0.595,0.808,0.62,324.92,28.11,26.82,19.72,4.28,50.4898
5205406,Ceres,GO,0,156.3992,4.3504,0.775,0.733,0.753,0.842,0.53,865.23,0.71,7.59,43.67,11.17,95.5024
5205455,Cezarina,GO,0,64.0662,3.9442,0.711,0.652,0.684,0.807,0.47,564.44,2.46,11.03,34.23,5.58,74.1551
5205471,Chapadão do Céu,GO,0,409.5118,4.0333,0.742,0.652,0.748,0.837,0.41,841.5,0.36,4.51,33.36,8.14,83.9594
5205497,Cidade Ocidental,GO,0,153.9418,4.8714,0.717,0.641,0.706,0.814,0.5,647.64,2.54,5.44,38.36,6.35,78.0721
5205513,Cocalzinho de Goiás,GO,0,111.9378,4.3175,0.657,0.531,0.648,0.826,0.47,450.47,5.91,12.55,20.91,3.28,37.0196
5205521,Colinas do Sul,GO,0,307.7048,3.5236,0.658,0.549,0.633,0.82,0.5,410.83,8.59,15.93,26.94,4.96,71.6719
5205703,Córrego do Ouro,GO,0,144.8429,3.353,0.686,0.578,0.696,0.803,0.48,608.31,5.6,11.2,26.21,7.3,62.0441
5205802,Corumbá de Goiás,GO,0,95.5522,4.0501,0.68,0.571,0.665,0.829,0.51,503.01,4.04,15.47,25.5,5.81,61.9245
5205901,Corumbaíba,GO,0,178.8778,4.0005,0.698,0.582,0.703,0.831,0.43,635.98,0.94,10.08,26.24,9.28,77.0933
5206206,Cristalina,GO,0,175.9312,4.7881,0.699,0.587,0.716,0.814,0.57,686.9,4.08,9.11,30.72,7.64,82.4839
5206305,Cristianópolis,GO,0,81.947,3.4716,0.688,0.554,0.703,0.838,0.52,635.46,1.58,7.32,27.64,5.82,84.3111
5206404,Crixás,GO,0,249.4011,4.2339,0.708,0.625,0.706,0.805,0.55,645.4,8.18,11.96,33.67,8.32,78.1599
5206503,Cromínia,GO,0,68.9542,3.5388,0.706,0.634,0.692,0.803,0.43,592.36,1.76,11.04,29.5,6.84,75.2461
5206602,Cumari,GO,0,211.596,3.4502,0.737,0.657,0.744,0.819,0.58,819.81,1.83,8.83,37.13,8.71,81.6127
5206701,Damianópolis,GO,0,405.3296,3.5188,0.654,0.558,0.614,0.815,0.55,364.51,14.2,19.52,26.14,4.52,56.288
5206800,Damolândia,GO,0,47.8713,3.4689,0.697,0.6,0.688,0.819,0.47,578.93,1.91,12.95,25.26,5.74,79.4321
5206909,Davinópolis,GO,0,244.2719,3.321,0.716,0.606,0.702,0.862,0.4,632.22,1.64,14.79,28.96,3.25,68.0934
5207105,Diorama,GO,0,219.1821,3.3939,0.729,0.696,0.663,0.841,0.4,494.6,3.69,12.83,28.31,4.94,60.7503
5207253,Doverlândia,GO,0,325.7548,3.8558,0.668,0.518,0.684,0.84,0.45,563.89,2.2,15.02,18.4,4.75,62.2909
5207352,Edealina,GO,0,94.0031,3.5656,0.702,0.594,0.722,0.808,0.5,715.8,1.49,12.32,24.88,5.26,68.8186
5207402,Edéia,GO,0,103.2996,4.099,0.739,0.648,0.755,0.826,0.53,876.15,0.29,12.46,32.9,7.6,84.6618
5207501,Estrela do Norte,GO,0,312.6571,3.5123,0.707,0.593,0.703,0.848,0.48,636.54,2.61,15.6,26.82,5.57,88.2831
5207535,Faina,GO,0,181.2745,3.8147,0.65,0.534,0.644,0.799,0.44,441.39,6.51,18.38,18.13,3.74,55.1196
5207600,Fazenda Nova,GO,0,172.4016,3.7381,0.685,0.576,0.671,0.831,0.45,519.87,3.03,15.01,23.6,4.84,64.5049
5207808,Firminópolis,GO,0,112.1599,4.1337,0.732,0.688,0.681,0.838,0.42,552.43,1.8,10.81,36.13,5.55,75.8031
5207907,Flores de Goiás,GO,0,342.3137,4.2409,0.597,0.457,0.583,0.799,0.63,301.92,29.23,17.34,19.27,2.86,26.2722
5208004,Formosa,GO,0,240.6732,5.0994,0.744,0.666,0.726,0.852,0.56,732.24,4.1,8.61,40.64,12.07,91.9448
5208103,Formoso,GO,0,337.8463,3.6126,0.715,0.639,0.686,0.834,0.55,569.96,5.59,13.13,32.79,6.85,73.8685
5208152,Gameleira de Goiás,GO,0,68.3869,3.5936,0.659,0.499,0.692,0.828,0.54,594.56,3.6,12.4,18.39,4.14,33.4046
5208301,Divinópolis de Goiás,GO,0,485.2095,3.6722,0.653,0.55,0.624,0.813,0.57,388.34,16.03,21.14,27.01,4.65,70.3547
5208400,Goianápolis,GO,0,31.8481,4.0499,0.703,0.62,0.678,0.825,0.52,543.48,6.87,16.41,28.52,4.92,90.6124
5208509,Goiandira,GO,0,204.1358,3.752,0.76,0.727,0.711,0.849,0.43,667.11,0.82,8.33,40.18,9.95,86.1918
5208608,Goianésia,GO,0,150.9702,4.8576,0.727,0.636,0.719,0.84,0.47,701.38,1.09,10.0,30.3,8.17,93.4692
5208707,Goiânia,GO,1,0.0,6.1919,0.799,0.739,0.824,0.838,0.58,1348.55,0.54,3.29,54.34,20.67,99.6217
5208806,Goianira,GO,0,26.4116,4.6654,0.694,0.596,0.674,0.831,0.39,529.59,1.03,8.29,26.87,3.45,98.212
5208905,Goiás,GO,0,125.1333,4.3448,0.709,0.621,0.713,0.805,0.52,674.54,4.22,13.16,33.31,10.79,75.3751
5209101,Goiatuba,GO,0,149.1681,4.5354,0.725,0.627,0.737,0.825,0.5,785.84,1.18,9.42,30.43,9.71,92.1488
5209150,Gouvelândia,GO,0,217.3991,3.7836,0.674,0.559,0.68,0.806,0.44,549.9,2.89,17.99,24.15,5.1,78.7028
5209200,Guapó,GO,0,34.6898,4.1525,0.697,0.58,0.708,0.826,0.54,657.02,3.13,10.87,27.26,3.83,81.089
5209291,Guaraíta,GO,0,142.6244,3.2799,0.687,0.625,0.637,0.816,0.41,421.71,6.99,10.72,25.31,5.43,60.6902
5209408,Guarani de Goiás,GO,0,425.478,3.5799,0.637,0.557,0.569,0.814,0.48,276.13,21.0,22.8,22.8,4.13,41.4044
5209457,Guarinos,GO,0,220.8762,3.2256,0.652,0.563,0.604,0.815,0.43,343.74,12.31,14.0,17.41,2.58,49.1953
5209606,Heitoraí,GO,0,122.4011,3.5731,0.694,0.62,0.661,0.814,0.5,487.99,3.0,13.01,26.26,3.89,74.0689
5209705,Hidrolândia,GO,0,32.1033,4.3528,0.706,0.603,0.707,0.827,0.47,651.41,0.84,7.09,31.34,7.77,60.1793
5209804,Hidrolina,GO,0,217.4466,3.5378,0.677,0.577,0.652,0.824,0.42,461.13,3.41,11.15,24.19,4.6,73.9638
5209903,Iaciara,GO,0,401.1685,4.1527,0.644,0.527,0.615,0.826,0.53,368.39,11.81,19.49,23.77,4.93,74.837
5209937,Inaciolândia,GO,0,216.0077,3.7976,0.692,0.591,0.683,0.822,0.45,560.52,2.44,19.5,27.45,4.48,84.4885
5209952,Indiara,GO,0,93.5244,4.2031,0.701,0.593,0.694,0.837,0.45,598.96,1.8,12.28,23.7,5.22,85.1465
5210000,Inhumas,GO,0,43.5078,4.7296,0.72,0.618,0.718,0.842,0.45,697.81,0.66,9.91,26.62,8.04,93.4855
5210109,Ipameri,GO,0,164.8755,4.4372,0.701,0.588,0.711,0.823,0.49,666.96,2.29,9.79,28.62,7.51,86.2583
5210158,Ipiranga de Goiás,GO,0,172.6403,3.4612,0.696,0.642,0.643,0.816,0.42,436.1,4.35,12.72,25.69,3.95,44.7257
5210208,Iporá,GO,0,200.3363,4.4979,0.743,0.667,0.731,0.84,0.51,757.39,2.04,11.88,35.3,8.2,91.2739
5210307,Israelândia,GO,0,180.1843,3.4428,0.711,0.652,0.664,0.831,0.43,498.82,3.04,13.07,29.22,4.89,77.9009
5210406,Itaberaí,GO,0,93.1327,4.6467,0.719,0.61,0.735,0.828,0.55,773.67,2.15,10.37,27.39,7.22,84.2046
5210562,Itaguari,GO,0,92.9954,3.6706,0.693,0.596,0.683,0.817,0.39,560.17,1.12,15.02,27.21,3.55,87.9238
5210604,Itaguaru,GO,0,108.8192,3.7147,0.718,0.648,0.689,0.828,0.46,580.67,2.05,14.16,29.3,5.05,83.1525
5210802,Itajá,GO,0,359.4837,3.6446,0.691,0.57,0.692,0.835,0.44,592.1,2.88,10.85,28.15,9.34,73.8838
5210901,Itapaci,GO,0,194.219,4.3775,0.725,0.626,0.72,0.844,0.56,705.2,2.36,12.93,28.88,5.51,90.3402
5211008,Itapirapuã,GO,0,172.9157,3.6415,0.677,0.568,0.67,0.816,0.46,518.21,3.33,16.62,21.48,4.21,70.6573
5211206,Itapuranga,GO,0,143.7808,4.4082,0.726,0.653,0.7,0.837,0.48,621.79,3.06,14.27,30.38,7.23,81.2823
5211305,Itarumã,GO,0,321.0401,3.8655,0.693,0.503,0.769,0.861,0.6,960.55,2.48,12.4,21.33,6.55,64.7302
5211404,Itauçu,GO,0,63.9309,3.9527,0.718,0.638,0.697,0.833,0.46,611.99,2.43,12.1,30.01,6.83,75.3469
5211503,Itumbiara,GO,0,194.0008,5.0288,0.752,0.682,0.744,0.838,0.49,821.43,0.81,7.85,37.8,10.32,95.757
5211602,Ivolândia,GO,0,164.1357,3.3608,0.704,0.622,0.68,0.825,0.45,551.05,3.54,13.99,24.7,5.23,57.6418
5211701,Jandaia,GO,0,103.7451,3.7782,0.707,0.625,0.69,0.821,0.44,586.84,3.42,13.27,26.38,5.19,67.3913
5211800,Jaraguá,GO,0,102.6284,4.7173,0.699,0.588,0.692,0.841,0.45,595.02,2.84,9.67,27.75,5.54,84.3754
5211909,Jataí,GO,0,294.4245,5.0138,0.757,0.656,0.774,0.856,0.55,987.04,0.91,7.14,36.14,10.67,92.0505
5212006,Jaupaci,GO,0,189.0766,3.4538,0.689,0.602,0.658,0.824,0.41,479.14,3.98,16.38,26.74,5.24,78.6
5212055,Jesúpolis,GO,0,81.2729,3.3974,0.649,0.522,0.642,0.814,0.45,433.41,4.0,15.67,18.62,5.03,79.7391
5212105,Joviânia,GO,0,132.1851,3.8702,0.706,0.595,0.714,0.827,0.48,679.21,1.96,11.32,27.69,6.7,90.9244
5212204,Jussara,GO,0,193.8972,4.2616,0.743,0.635,0.768,0.842,0.66,951.07,3.0,12.54,31.48,9.06,79.3975
5212253,Lagoa Santa,GO,0,359.9777,3.218,0.74,0.638,0.733,0.868,0.52,765.86,0.27,6.69,29.69,11.03,61.882
5212303,Leopoldo de Bulhões,GO,0,54.6003,3.8844,0.659,0.529,0.665,0.812,0.44,502.85,2.7,13.6,23.56,4.95,61.4438
5212501,Luziânia,GO,0,146.1047,5.3317,0.701,0.602,0.689,0.831,0.5,580.88,3.05,7.95,33.04,5.42,93.2826
5212600,Mairipotaba,GO,0,74.1274,3.3725,0.745,0.648,0.748,0.854,0.66,842.23,9.08,11.54,28.96,7.36,66.1331
5212709,Mambaí,GO,0,415.0905,3.9674,0.626,0.494,0.61,0.816,0.53,357.12,11.23,20.22,17.11,2.35,69.8879
5212808,Mara Rosa,GO,0,296.4177,3.9654,0.691,0.579,0.68,0.838,0.48,548.96,3.51,15.71,27.38,6.87,74.7582
5212907,Marzagão,GO,0,159.6102,3.3547,0.699,0.601,0.692,0.822,0.46,594.43,1.07,10.7,27.22,6.68,87.0656
5212956,Matrinchã,GO,0,210.3905,3.6356,0.679,0.572,0.651,0.84,0.41,458.45,3.14,17.54,22.68,4.05,67.8523
5213004,Maurilândia,GO,0,184.5918,4.1634,0.677,0.554,0.682,0.823,0.42,557.51,0.99,14.92,22.9,2.91,96.5194
5213053,Mimoso de Goiás,GO,0,214.1588,3.4108,0.665,0.543,0.656,0.825,0.58,474.44,14.03,18.81,23.08,3.76,46.257
5213087,Minaçu,GO,0,366.1105,4.4551,0.707,0.637,0.691,0.803,0.52,590.7,6.88,13.53,32.75,5.75,85.2346
5213103,Mineiros,GO,0,364.3417,4.8418,0.718,0.584,0.753,0.84,0.55,869.04,2.38,7.55,30.39,10.19,91.2175
5213400,Moiporá,GO,0,158.3563,3.1676,0.696,0.632,0.652,0.818,0.43,461.94,2.45,15.59,29.0,4.73,64.2655
5213509,Monte Alegre de Goiás,GO,0,457.2453,3.9425,0.615,0.481,0.592,0.816,0.61,317.66,24.06,25.0,22.29,3.4,40.9314
5213707,Montes Claros de Goiás,GO,0,240.6158,3.9051,0.707,0.622,0.704,0.806,0.49,637.58,2.04,11.74,27.31,6.59,66.6708
5213756,Montividiu,GO,0,221.314,4.1441,0.733,0.644,0.738,0.827,0.49,791.6,1.34,9.45,29.22,5.11,81.1956
5213772,Montividiu do Norte,GO,0,374.1777,3.6569,0.613,0.488,0.578,0.816,0.55,291.78,23.81,17.11,18.95,4.1,32.6783
5213806,Morrinhos,GO,0,119.0936,4.6717,0.734,0.621,0.739,0.862,0.49,792.66,0.47,8.05,33.1,8.99,86.7318
5213855,Morro Agudo de Goiás,GO,0,173.9205,3.3458,0.695,0.63,0.644,0.826,0.42,441.44,1.83,13.46,26.89,3.74,69.9915
5213905,Mossâmedes,GO,0,119.6905,3.6149,0.706,0.623,0.696,0.811,0.51,607.34,4.0,14.67,25.54,5.37,65.4084
5214002,Mozarlândia,GO,0,256.2116,4.2062,0.683,0.565,0.684,0.825,0.42,562.97,2.42,13.2,26.74,3.48,90.7266
5214051,Mundo Novo,GO,0,341.6815,3.6571,0.634,0.488,0.642,0.812,0.47,434.73,8.86,21.04,15.78,3.54,58.512
5214101,Mutunópolis,GO,0,327.9977,3.5739,0.68,0.584,0.668,0.806,0.54,512.49,4.81,17.82,22.14,3.79,65.9912
5214408,Nazário,GO,0,67.5091,3.972,0.71,0.631,0.702,0.808,0.49,631.12,2.13,12.72,27.72,4.94,78.5751
5214507,Nerópolis,GO,0,30.127,4.4904,0.721,0.671,0.681,0.82,0.42,555.47,0.55,8.49,35.13,6.09,95.948
5214606,Niquelândia,GO,0,259.5439,4.6727,0.715,0.64,0.709,0.806,0.53,659.49,4.77,12.4,33.2,5.65,78.7116
5214705,Nova América,GO,0,196.4711,3.3733,0.678,0.604,0.647,0.796,0.37,447.78,1.37,16.19,24.84,6.59,72.9084
5214804,Nova Aurora,GO,0,187.3715,3.3495,0.747,0.697,0.703,0.849,0.43,635.99,2.86,10.16,34.92,7.61,90.8341
5214838,Nova Crixás,GO,0,309.3751,4.1146,0.643,0.485,0.674,0.813,0.48,531.22,4.97,19.09,16.17,4.21,64.7942
5214861,Nova Glória,GO,0,172.948,3.9065,0.681,0.589,0.657,0.816,0.47,476.52,3.87,15.17,22.4,4.2,67.3484
5214879,Nova Iguaçu de Goiás,GO,0,266.1304,3.4682,0.655,0.54,0.642,0.812,0.39,435.91,1.42,10.55,19.62,5.07,71.6207
5214903,Nova Roma,GO,0,413.0156,3.5062,0.634,0.529,0.594,0.812,0.44,323.19,14.05,20.08,21.98,3.07,41.0833
5215009,Nova Veneza,GO,0,34.7562,4.0083,0.718,0.66,0.671,0.837,0.43,521.4,1.41,8.62,33.93,5.31,86.4313
5215207,Novo Brasil,GO,0,171.3395,3.4433,0.699,0.598,0.691,0.828,0.43,588.85,1.88,13.1,25.81,4.66,64.6206
5215231,Novo Gama,GO,0,147.0157,5.0779,0.684,0.567,0.664,0.851,0.46,498.44,3.99,6.8,30.73,3.23,98.8981
5215256,Novo Planalto,GO,0,382.6518,3.662,0.658,0.55,0.623,0.831,0.49,387.14,14.87,18.62,23.33,4.95,65.3943
5215306,Orizona,GO,0,109.1565,4.1996,0.715,0.612,0.722,0.827,0.51,714.39,2.11,8.16,27.37,6.72,55.7692
5215405,Ouro Verde de Goiás,GO,0,51.7232,3.5657,0.719,0.674,0.672,0.821,0.49,525.12,4.27,11.79,26.69,4.95,66.5097
5215504,Ouvidor,GO,0,229.3083,3.8385,0.747,0.697,0.721,0.83,0.44,710.38,1.52,6.82,40.62,9.39,87.9824
5215603,Padre Bernardo,GO,0,197.2488,4.5442,0.651,0.515,0.67,0.801,0.56,518.12,7.54,14.2,22.22,2.85,38.9794
5215652,Palestina de Goiás,GO,0,242.3233,3.5403,0.713,0.66,0.656,0.837,0.38,473.62,1.35,9.23,26.97,5.19,64.6692
5215702,Palmeiras de Goiás,GO,0,72.5598,4.4759,0.698,0.598,0.698,0.815,0.44,616.59,1.75,9.73,28.78,6.07,82.1236
5215801,Palmelo,GO,0,114.2805,3.3769,0.73,0.659,0.734,0.804,0.56,769.47,1.16,10.88,32.29,8.1,94.9036
5215900,Palminópolis,GO,0,97.8721,3.5536,0.722,0.63,0.718,0.833,0.52,695.63,1.3,13.01,23.36,4.76,75.8785
5216007,Panamá,GO,0,168.1289,3.4133,0.686,0.574,0.688,0.818,0.42,579.89,1.71,15.62,23.96,5.01,75.8762
5216304,Paranaiguara,GO,0,288.8662,4.0095,0.711,0.613,0.702,0.836,0.43,631.89,0.77,13.81,28.53,6.92,92.1758
5216403,Paraúna,GO,0,131.4885,4.0409,0.672,0.547,0.687,0.807,0.46,575.52,3.12,11.73,19.26,5.63,73.5248
5216452,Perolândia,GO,0,313.4216,3.4991,0.676,0.538,0.691,0.832,0.49,588.01,3.11,13.43,17.73,8.08,63.0169
5216809,Petrolina de Goiás,GO,0,64.6453,4.0103,0.712,0.643,0.674,0.834,0.41,530.37,1.33,9.95,26.26,3.95,64.9908
5216908,Pilar de Goiás,GO,0,214.809,3.3294,0.684,0.6,0.654,0.816,0.54,467.97,12.44,12.2,23.45,3.39,43.3105
5217104,Piracanjuba,GO,0,74.0866,4.3899,0.721,0.599,0.72,0.87,0.47,707.83,1.63,10.07,27.64,8.45,73.05
5217203,Piranhas,GO,0,274.9448,4.0069,0.721,0.631,0.699,0.848,0.49,621.14,2.12,14.58,31.05,10.11,80.5166
5217302,Pirenópolis,GO,0,96.4013,4.4017,0.693,0.604,0.678,0.813,0.49,544.78,1.88,10.88,30.38,6.72,67.6476
5217401,Pires do Rio,GO,0,125.0077,4.5039,0.744,0.65,0.719,0.88,0.45,702.46,1.29,7.64,35.4,8.92,94.2007
5217609,Planaltina,GO,0,221.7041,4.9607,0.669,0.566,0.653,0.81,0.43,466.69,3.99,10.08,30.5,4.04,95.0189
5217708,Pontalina,GO,0,95.7971,4.2528,0.687,0.547,0.71,0.835,0.54,663.44,8.23,14.08,24.99,6.14,81.1693
5218003,Porangatu,GO,0,359.4772,4.6615,0.727,0.642,0.709,0.845,0.56,658.39,5.2,10.58,31.98,8.06,84.3608
5218052,Porteirão,GO,0,159.4812,3.5998,0.684,0.541,0.716,0.827,0.39,688.68,0.41,12.77,23.62,6.31,87.5112
5218102,Portelândia,GO,0,371.9133,3.6055,0.654,0.513,0.68,0.803,0.39,550.39,0.47,13.78,16.79,4.0,81.0107
5218300,Posse,GO,0,422.9572,4.5789,0.659,0.53,0.659,0.819,0.54,481.68,8.68,15.24,28.4,6.67,76.1927
5218391,Professor Jamil,GO,0,63.8868,3.5066,0.684,0.579,0.673,0.821,0.43,526.65,2.65,15.46,24.49,5.54,69.8055
5218508,Quirinópolis,GO,0,234.9083,4.7103,0.74,0.642,0.732,0.863,0.46,761.68,1.03,9.91,32.79,9.78,88.2994
5218607,Rialma,GO,0,155.0224,4.0399,0.727,0.667,0.698,0.827,0.44,616.74,0.44,8.25,34.38,6.12,93.1103
5218706,Rianápolis,GO,0,139.535,3.6841,0.693,0.587,0.674,0.84,0.41,529.17,1.23,15.55,26.24,4.64,89.378
5218789,Rio Quente,GO,0,132.0719,3.6747,0.731,0.629,0.707,0.878,0.44,649.71,0.67,4.85,35.44,7.99,85.7186
5218805,Rio Verde,GO,0,217.1274,5.3932,0.754,0.656,0.765,0.853,0.54,936.75,1.15,6.45,37.39,10.84,92.6971
5218904,Rubiataba,GO,0,177.7156,4.3013,0.719,0.666,0.686,0.814,0.43,573.0,1.86,9.99,31.07,6.87,85.5617
5219001,Sanclerlândia,GO,0,124.6735,3.8825,0.736,0.662,0.725,0.832,0.53,727.33,1.63,12.68,29.37,6.49,80.3709
5219100,Santa Bárbara de Goiás,GO,0,47.4499,3.8261,0.706,0.635,0.667,0.832,0.39,508.41,1.71,12.8,24.97,3.9,90.5234
5219209,Santa Cruz de Goiás,GO,0,109.8171,3.4444,0.688,0.563,0.7,0.827,0.49,624.37,1.96,14.42,21.99,3.44,31.2222
5219258,Santa Fé de Goiás,GO,0,221.893,3.747,0.713,0.608,0.703,0.847,0.48,635.23,0.95,12.86,28.22,6.15,80.0294
5219308,Santa Helena de Goiás,GO,0,190.7117,4.5906,0.724,0.627,0.734,0.823,0.53,769.09,1.6,12.4,32.32,7.19,95.4646
5219357,Santa Isabel,GO,0,153.5478,3.5822,0.683,0.593,0.658,0.818,0.4,480.67,2.57,14.03,26.3,4.87,37.0863
5219407,Santa Rita do Araguaia,GO,0,426.1793,3.9595,0.714,0.616,0.703,0.842,0.48,634.76,2.63,10.04,34.2,8.94,88.9515
5219456,Santa Rita do Novo Destino,GO,0,171.6232,3.5272,0.634,0.487,0.639,0.82,0.44,425.3,6.7,23.15,16.34,3.68,35.0772
5219506,Santa Rosa de Goiás,GO,0,70.6164,3.3424,0.701,0.635,0.643,0.844,0.43,438.54,4.42,15.08,23.81,4.49,74.8367
5219605,Santa Tereza de Goiás,GO,0,330.2337,3.5061,0.665,0.561,0.635,0.825,0.46,416.11,8.69,14.19,24.27,5.88,83.98
5219704,Santa Terezinha de Goiás,GO,0,253.6875,3.9236,0.701,0.644,0.647,0.826,0.5,447.39,8.87,14.4,25.67,4.09,75.4028
5219712,Santo Antônio da Barra,GO,0,176.3173,3.689,0.691,0.593,0.665,0.835,0.42,502.83,4.63,18.6,24.01,4.69,76.2378
5219738,Santo Antônio de Goiás,GO,0,21.9291,3.8191,0.723,0.662,0.687,0.832,0.43,574.63,2.25,8.66,34.86,5.61,90.8144
5219753,Santo Antônio do Descoberto,GO,0,134.0044,4.8858,0.665,0.556,0.647,0.818,0.45,449.39,5.19,9.05,28.27,3.34,89.8179
5219803,São Domingos,GO,0,481.6708,4.124,0.597,0.445,0.576,0.83,0.6,288.36,31.02,23.37,16.73,4.22,51.2243
5219902,São Francisco de Goiás,GO,0,83.4659,3.7969,0.651,0.509,0.658,0.825,0.47,479.13,4.26,14.85,20.28,4.13,72.9412
5220009,São João d'Aliança,GO,0,286.9124,4.1591,0.685,0.609,0.65,0.812,0.53,457.89,9.35,14.26,30.28,5.53,65.5552
5220058,São João da Paraúna,GO,0,123.3757,3.1179,0.724,0.664,0.699,0.818,0.49,619.67,2.95,12.2,33.72,8.09,75.6069
5220108,São Luís de Montes Belos,GO,0,120.4031,4.5377,0.731,0.67,0.721,0.809,0.48,712.23,0.71,9.71,35.29,7.77,88.5163
5220157,São Luiz do Norte,GO,0,201.5643,3.7212,0.669,0.581,0.643,0.801,0.39,435.99,2.33,16.42,26.33,5.84,84.6437
5220207,São Miguel do Araguaia,GO,0,390.1458,4.3394,0.664,0.536,0.667,0.818,0.45,507.02,4.67,12.34,23.87,6.48,79.2577
5220264,São Miguel do Passa Quatro,GO,0,75.6285,3.6133,0.697,0.619,0.681,0.802,0.44,553.79,1.72,12.37,25.59,6.67,55.2036
5220280,São Patrício,GO,0,158.617,3.3096,0.693,0.597,0.668,0.833,0.45,509.66,2.73,11.91,23.93,4.93,58.8147
5220405,São Simão,GO,0,291.7192,4.3287,0.72,0.599,0.756,0.825,0.55,883.78,1.03,11.67,32.26,7.66,95.4412
5220454,Senador Canedo,GO,0,18.572,5.0844,0.701,0.617,0.676,0.827,0.43,537.58,1.59,6.54,32.85,4.47,99.6068
5220504,Serranópolis,GO,0,339.3134,3.9414,0.681,0.551,0.713,0.804,0.48,677.06,1.57,12.6,23.65,5.41,73.9741
5220603,Silvânia,GO,0,68.7397,4.3209,0.709,0.606,0.721,0.814,0.51,708.82,1.22,8.51,28.78,8.23,66.3681
5220686,Simolândia,GO,0,384.8662,3.8385,0.645,0.546,0.595,0.826,0.47,324.26,11.11,17.79,26.45,3.53,82.5606
5220702,Sítio d'Abadia,GO,0,382.7688,3.4829,0.617,0.497,0.59,0.802,0.56,314.05,19.1,23.75,17.15,2.82,35.1858
5221007,Taquaral de Goiás,GO,0,78.5452,3.5448,0.716,0.619,0.7,0.846,0.43,622.79,0.69,11.4,27.33,4.97,81.3612
5221080,Teresina de Goiás,GO,0,386.5349,3.5488,0.661,0.564,0.626,0.817,0.52,394.33,9.59,16.16,28.0,5.08,70.756
5221197,Terezópolis de Goiás,GO,0,27.7959,3.9204,0.685,0.615,0.655,0.799,0.43,472.43,2.25,12.64,28.27,3.74,86.5264
5221304,Três Ranchos,GO,0,244.3737,3.4518,0.745,0.672,0.724,0.849,0.47,723.26,0.81,6.44,30.77,9.09,88.2582
5221403,Trindade,GO,0,24.9308,5.1206,0.699,0.608,0.682,0.822,0.42,558.61,1.56,7.88,30.73,5.0,95.8062
5221452,Trombas,GO,0,356.1654,3.5437,0.653,0.547,0.628,0.812,0.52,398.01,14.58,17.83,23.15,5.27,63.5574
5221502,Turvânia,GO,0,93.6083,3.6557,0.697,0.609,0.679,0.82,0.47,545.83,2.87,12.33,29.07,6.23,80.4092
5221551,Turvelândia,GO,0,172.0974,3.7362,0.691,0.605,0.671,0.813,0.45,519.75,4.3,17.27,24.62,4.12,71.3344
5221577,Uirapuru,GO,0,274.5761,3.4516,0.67,0.579,0.632,0.822,0.44,409.38,6.91,17.97,21.62,6.16,49.9148
5221601,Uruaçu,GO,0,239.6936,4.6144,0.737,0.628,0.74,0.86,0.57,797.52,0.89,11.06,32.46,7.86,91.5162
5221700,Uruana,GO,0,137.9725,4.1397,0.703,0.634,0.665,0.824,0.46,500.27,3.15,12.8,26.0,4.97,81.2382
5221809,Urutaí,GO,0,141.8875,3.4852,0.732,0.666,0.7,0.841,0.49,624.55,2.89,8.55,39.41,10.44,70.3318
5221858,Valparaíso de Goiás,GO,0,151.3729,5.2448,0.746,0.695,0.733,0.815,0.5,764.73,1.54,3.62,45.81,8.3,100.0
5221908,Varjão,GO,0,56.954,3.5852,0.687,0.572,0.698,0.813,0.46,614.8,1.38,15.4,21.2,3.84,61.3009
5222005,Vianópolis,GO,0,79.429,4.1488,0.712,0.622,0.71,0.818,0.46,664.33,0.7,7.97,27.27,5.67,73.0794
5222054,Vicentinópolis,GO,0,131.553,3.9543,0.684,0.562,0.707,0.804,0.46,651.07,2.62,12.68,24.75,6.17,85.755
5222203,Vila Boa,GO,0,297.4644,3.8096,0.647,0.534,0.619,0.818,0.48,376.72,9.16,15.88,25.72,2.78,73.9599
5222302,Vila Propício,GO,0,141.2617,3.7739,0.634,0.505,0.629,0.802,0.47,401.84,9.72,19.25,13.05,2.93,29.2323
5300108,Brasília,DF,1,0.0,6.4906,0.824,0.742,0.863,0.873,0.63,1715.11,1.19,3.47,56.34,23.95,96.578
